[INFO] Scanning for projects...
[INFO] 
[INFO] ------------------< com.example:GSTechSecuritySystem >------------------
[INFO] Building GSTechSecuritySystem 0.0.1-SNAPSHOT
[INFO]   from pom.xml
[INFO] --------------------------------[ jar ]---------------------------------
Downloading from central: https://repo.maven.apache.org/maven2/org/apache/maven/plugins/maven-clean-plugin/3.4.0/maven-clean-plugin-3.4.0.pom
Progress (1): 803 B
Progress (1): 1.8 kB
Progress (1): 3.2 kB
Progress (1): 5.5 kB
                    
Downloaded from central: https://repo.maven.apache.org/maven2/org/apache/maven/plugins/maven-clean-plugin/3.4.0/maven-clean-plugin-3.4.0.pom (5.5 kB at 11 kB/s)
Downloading from central: https://repo.maven.apache.org/maven2/org/apache/maven/plugins/maven-surefire-plugin/3.5.2/maven-surefire-plugin-3.5.2.pom
Progress (1): 846 B
Progress (1): 2.4 kB
Progress (1): 4.7 kB
Progress (1): 5.7 kB
                    
Downloaded from central: https://repo.maven.apache.org/maven2/org/apache/maven/plugins/maven-surefire-plugin/3.5.2/maven-surefire-plugin-3.5.2.pom (5.7 kB at 40 kB/s)
Downloading from central: https://repo.maven.apache.org/maven2/org/apache/maven/surefire/surefire/3.5.2/surefire-3.5.2.pom
Progress (1): 849 B
Progress (1): 1.9 kB
Progress (1): 3.2 kB
Progress (1): 4.5 kB
Progress (1): 8.4 kB
Progress (1): 11 kB 
Progress (1): 13 kB
Progress (1): 16 kB
Progress (1): 18 kB
Progress (1): 20 kB
Progress (1): 20 kB
                   
Downloaded from central: https://repo.maven.apache.org/maven2/org/apache/maven/surefire/surefire/3.5.2/surefire-3.5.2.pom (20 kB at 183 kB/s)
Downloading from central: https://repo.maven.apache.org/maven2/org/springframework/boot/spring-boot-starter-data-jpa/3.4.1/spring-boot-starter-data-jpa-3.4.1.pom
Progress (1): 976 B
Progress (1): 2.9 kB
                    
Downloaded from central: https://repo.maven.apache.org/maven2/org/springframework/boot/spring-boot-starter-data-jpa/3.4.1/spring-boot-starter-data-jpa-3.4.1.pom (2.9 kB at 22 kB/s)
Downloading from central: https://repo.maven.apache.org/maven2/org/springframework/boot/spring-boot-starter/3.4.1/spring-boot-starter-3.4.1.pom
Progress (1): 941 B
Progress (1): 3.0 kB
                    
Downloaded from central: https://repo.maven.apache.org/maven2/org/springframework/boot/spring-boot-starter/3.4.1/spring-boot-starter-3.4.1.pom (3.0 kB at 35 kB/s)
Downloading from central: https://repo.maven.apache.org/maven2/org/springframework/boot/spring-boot/3.4.1/spring-boot-3.4.1.pom
Progress (1): 1.0 kB
Progress (1): 2.2 kB
                    
Downloaded from central: https://repo.maven.apache.org/maven2/org/springframework/boot/spring-boot/3.4.1/spring-boot-3.4.1.pom (2.2 kB at 35 kB/s)
Downloading from central: https://repo.maven.apache.org/maven2/org/springframework/spring-core/6.2.1/spring-core-6.2.1.pom
Progress (1): 1.1 kB
Progress (1): 2.0 kB
                    
Downloaded from central: https://repo.maven.apache.org/maven2/org/springframework/spring-core/6.2.1/spring-core-6.2.1.pom (2.0 kB at 21 kB/s)
Downloading from central: https://repo.maven.apache.org/maven2/org/springframework/spring-jcl/6.2.1/spring-jcl-6.2.1.pom
Progress (1): 1.1 kB
Progress (1): 1.8 kB
                    
Downloaded from central: https://repo.maven.apache.org/maven2/org/springframework/spring-jcl/6.2.1/spring-jcl-6.2.1.pom (1.8 kB at 21 kB/s)
Downloading from central: https://repo.maven.apache.org/maven2/org/springframework/spring-context/6.2.1/spring-context-6.2.1.pom
Progress (1): 1.0 kB
Progress (1): 2.8 kB
                    
Downloaded from central: https://repo.maven.apache.org/maven2/org/springframework/spring-context/6.2.1/spring-context-6.2.1.pom (2.8 kB at 39 kB/s)
Downloading from central: https://repo.maven.apache.org/maven2/org/springframework/spring-aop/6.2.1/spring-aop-6.2.1.pom
Progress (1): 1.1 kB
Progress (1): 2.2 kB
                    
Downloaded from central: https://repo.maven.apache.org/maven2/org/springframework/spring-aop/6.2.1/spring-aop-6.2.1.pom (2.2 kB at 30 kB/s)
Downloading from central: https://repo.maven.apache.org/maven2/org/springframework/spring-beans/6.2.1/spring-beans-6.2.1.pom
Progress (1): 1.0 kB
Progress (1): 2.0 kB
                    
Downloaded from central: https://repo.maven.apache.org/maven2/org/springframework/spring-beans/6.2.1/spring-beans-6.2.1.pom (2.0 kB at 21 kB/s)
Downloading from central: https://repo.maven.apache.org/maven2/org/springframework/spring-expression/6.2.1/spring-expression-6.2.1.pom
Progress (1): 1.1 kB
Progress (1): 2.1 kB
                    
Downloaded from central: https://repo.maven.apache.org/maven2/org/springframework/spring-expression/6.2.1/spring-expression-6.2.1.pom (2.1 kB at 33 kB/s)
Downloading from central: https://repo.maven.apache.org/maven2/io/micrometer/micrometer-observation/1.14.2/micrometer-observation-1.14.2.pom
Progress (1): 1.1 kB
Progress (1): 3.0 kB
Progress (1): 3.8 kB
                    
Downloaded from central: https://repo.maven.apache.org/maven2/io/micrometer/micrometer-observation/1.14.2/micrometer-observation-1.14.2.pom (3.8 kB at 19 kB/s)
Downloading from central: https://repo.maven.apache.org/maven2/io/micrometer/micrometer-commons/1.14.2/micrometer-commons-1.14.2.pom
Progress (1): 1.1 kB
Progress (1): 2.6 kB
Progress (1): 3.4 kB
                    
Downloaded from central: https://repo.maven.apache.org/maven2/io/micrometer/micrometer-commons/1.14.2/micrometer-commons-1.14.2.pom (3.4 kB at 42 kB/s)
Downloading from central: https://repo.maven.apache.org/maven2/org/springframework/boot/spring-boot-autoconfigure/3.4.1/spring-boot-autoconfigure-3.4.1.pom
Progress (1): 1.0 kB
Progress (1): 2.1 kB
                    
Downloaded from central: https://repo.maven.apache.org/maven2/org/springframework/boot/spring-boot-autoconfigure/3.4.1/spring-boot-autoconfigure-3.4.1.pom (2.1 kB at 32 kB/s)
Downloading from central: https://repo.maven.apache.org/maven2/org/springframework/boot/spring-boot-starter-logging/3.4.1/spring-boot-starter-logging-3.4.1.pom
Progress (1): 983 B
Progress (1): 2.5 kB
                    
Downloaded from central: https://repo.maven.apache.org/maven2/org/springframework/boot/spring-boot-starter-logging/3.4.1/spring-boot-starter-logging-3.4.1.pom (2.5 kB at 33 kB/s)
Downloading from central: https://repo.maven.apache.org/maven2/ch/qos/logback/logback-classic/1.5.12/logback-classic-1.5.12.pom
Progress (1): 1.6 kB
Progress (1): 4.8 kB
Progress (1): 8.2 kB
Progress (1): 11 kB 
Progress (1): 13 kB
Progress (1): 13 kB
                   
Downloaded from central: https://repo.maven.apache.org/maven2/ch/qos/logback/logback-classic/1.5.12/logback-classic-1.5.12.pom (13 kB at 153 kB/s)
Downloading from central: https://repo.maven.apache.org/maven2/ch/qos/logback/logback-parent/1.5.12/logback-parent-1.5.12.pom
Progress (1): 1.1 kB
Progress (1): 2.9 kB
Progress (1): 3.2 kB
Progress (1): 5.7 kB
Progress (1): 11 kB 
Progress (1): 14 kB
Progress (1): 17 kB
Progress (1): 18 kB
                   
Downloaded from central: https://repo.maven.apache.org/maven2/ch/qos/logback/logback-parent/1.5.12/logback-parent-1.5.12.pom (18 kB at 177 kB/s)
Downloading from central: https://repo.maven.apache.org/maven2/ch/qos/logback/logback-core/1.5.12/logback-core-1.5.12.pom
Progress (1): 1.8 kB
Progress (1): 5.1 kB
Progress (1): 7.9 kB
                    
Downloaded from central: https://repo.maven.apache.org/maven2/ch/qos/logback/logback-core/1.5.12/logback-core-1.5.12.pom (7.9 kB at 77 kB/s)
Downloading from central: https://repo.maven.apache.org/maven2/org/slf4j/slf4j-api/2.0.16/slf4j-api-2.0.16.pom
Progress (1): 1.1 kB
Progress (1): 2.8 kB
                    
Downloaded from central: https://repo.maven.apache.org/maven2/org/slf4j/slf4j-api/2.0.16/slf4j-api-2.0.16.pom (2.8 kB at 38 kB/s)
Downloading from central: https://repo.maven.apache.org/maven2/org/slf4j/slf4j-parent/2.0.16/slf4j-parent-2.0.16.pom
Progress (1): 1.0 kB
Progress (1): 3.2 kB
Progress (1): 5.7 kB
Progress (1): 8.0 kB
Progress (1): 11 kB 
Progress (1): 13 kB
                   
Downloaded from central: https://repo.maven.apache.org/maven2/org/slf4j/slf4j-parent/2.0.16/slf4j-parent-2.0.16.pom (13 kB at 139 kB/s)
Downloading from central: https://repo.maven.apache.org/maven2/org/slf4j/slf4j-bom/2.0.16/slf4j-bom-2.0.16.pom
Progress (1): 1.0 kB
Progress (1): 3.2 kB
Progress (1): 5.2 kB
Progress (1): 7.3 kB
                    
Downloaded from central: https://repo.maven.apache.org/maven2/org/slf4j/slf4j-bom/2.0.16/slf4j-bom-2.0.16.pom (7.3 kB at 80 kB/s)
Downloading from central: https://repo.maven.apache.org/maven2/org/slf4j/jul-to-slf4j/2.0.16/jul-to-slf4j-2.0.16.pom
Progress (1): 1.1 kB
                    
Downloaded from central: https://repo.maven.apache.org/maven2/org/slf4j/jul-to-slf4j/2.0.16/jul-to-slf4j-2.0.16.pom (1.1 kB at 17 kB/s)
Downloading from central: https://repo.maven.apache.org/maven2/org/yaml/snakeyaml/2.3/snakeyaml-2.3.pom
Progress (1): 1.3 kB
Progress (1): 3.2 kB
Progress (1): 3.2 kB
Progress (1): 6.8 kB
Progress (1): 11 kB 
Progress (1): 15 kB
Progress (1): 20 kB
Progress (1): 22 kB
                   
Downloaded from central: https://repo.maven.apache.org/maven2/org/yaml/snakeyaml/2.3/snakeyaml-2.3.pom (22 kB at 247 kB/s)
Downloading from central: https://repo.maven.apache.org/maven2/org/springframework/spring-tx/6.2.1/spring-tx-6.2.1.pom
Progress (1): 1.1 kB
Progress (1): 2.2 kB
                    
Downloaded from central: https://repo.maven.apache.org/maven2/org/springframework/spring-tx/6.2.1/spring-tx-6.2.1.pom (2.2 kB at 28 kB/s)
Downloading from central: https://repo.maven.apache.org/maven2/net/bytebuddy/byte-buddy-parent/1.15.11/byte-buddy-parent-1.15.11.pom
Progress (1): 946 B
Progress (1): 2.2 kB
Progress (1): 4.1 kB
Progress (1): 4.1 kB
Progress (1): 6.5 kB
Progress (1): 8.2 kB
Progress (1): 11 kB 
Progress (1): 13 kB
Progress (1): 17 kB
Progress (1): 22 kB
Progress (1): 25 kB
Progress (1): 38 kB
Progress (1): 41 kB
Progress (1): 49 kB
Progress (1): 55 kB
Progress (1): 59 kB
Progress (1): 63 kB
                   
Downloaded from central: https://repo.maven.apache.org/maven2/net/bytebuddy/byte-buddy-parent/1.15.11/byte-buddy-parent-1.15.11.pom (63 kB at 654 kB/s)
Downloading from central: https://repo.maven.apache.org/maven2/org/junit/platform/junit-platform-commons/1.11.4/junit-platform-commons-1.11.4.pom
Progress (1): 973 B
Progress (1): 2.8 kB
                    
Downloaded from central: https://repo.maven.apache.org/maven2/org/junit/platform/junit-platform-commons/1.11.4/junit-platform-commons-1.11.4.pom (2.8 kB at 32 kB/s)
Downloading from central: https://repo.maven.apache.org/maven2/org/junit/platform/junit-platform-engine/1.11.4/junit-platform-engine-1.11.4.pom
Progress (1): 960 B
Progress (1): 3.2 kB
                    
Downloaded from central: https://repo.maven.apache.org/maven2/org/junit/platform/junit-platform-engine/1.11.4/junit-platform-engine-1.11.4.pom (3.2 kB at 39 kB/s)
[WARNING] The artifact mysql:mysql-connector-java:jar:8.0.33 has been relocated to com.mysql:mysql-connector-j:jar:8.0.33: MySQL Connector/J artifacts moved to reverse-DNS compliant Maven 2+ coordinates.
Downloading from central: https://repo.maven.apache.org/maven2/org/springframework/boot/spring-boot-starter-data-jpa/3.4.1/spring-boot-starter-data-jpa-3.4.1.jar
Progress (1): 3.8/4.8 kB
Progress (1): 4.8 kB    
                    
Downloaded from central: https://repo.maven.apache.org/maven2/org/springframework/boot/spring-boot-starter-data-jpa/3.4.1/spring-boot-starter-data-jpa-3.4.1.jar (4.8 kB at 76 kB/s)
Downloading from central: https://repo.maven.apache.org/maven2/org/springframework/boot/spring-boot-starter/3.4.1/spring-boot-starter-3.4.1.jar
Downloading from central: https://repo.maven.apache.org/maven2/org/slf4j/jul-to-slf4j/2.0.16/jul-to-slf4j-2.0.16.jar
Downloading from central: https://repo.maven.apache.org/maven2/ch/qos/logback/logback-core/1.5.12/logback-core-1.5.12.jar
Downloading from central: https://repo.maven.apache.org/maven2/org/springframework/boot/spring-boot-starter-logging/3.4.1/spring-boot-starter-logging-3.4.1.jar
Downloading from central: https://repo.maven.apache.org/maven2/ch/qos/logback/logback-classic/1.5.12/logback-classic-1.5.12.jar
Progress (1): 3.8/4.8 kB
Progress (1): 4.8 kB    
                    
Downloaded from central: https://repo.maven.apache.org/maven2/org/springframework/boot/spring-boot-starter/3.4.1/spring-boot-starter-3.4.1.jar (4.8 kB at 37 kB/s)
Downloading from central: https://repo.maven.apache.org/maven2/org/yaml/snakeyaml/2.3/snakeyaml-2.3.jar
Progress (1): 3.2/342 kB
Progress (1): 20/342 kB 
Progress (1): 36/342 kB
Progress (1): 52/342 kB
Progress (2): 52/342 kB | 0.9/306 kB
Progress (2): 52/342 kB | 2.3/306 kB
Progress (2): 52/342 kB | 3.6/306 kB
Progress (2): 52/342 kB | 5.0/306 kB
Progress (2): 52/342 kB | 6.4/306 kB
Progress (2): 52/342 kB | 7.7/306 kB
Progress (2): 52/342 kB | 9.1/306 kB
Progress (2): 52/342 kB | 10/306 kB 
Progress (2): 52/342 kB | 12/306 kB
Progress (2): 52/342 kB | 13/306 kB
Progress (2): 52/342 kB | 15/306 kB
Progress (2): 52/342 kB | 16/306 kB
Progress (2): 52/342 kB | 17/306 kB
Progress (2): 52/342 kB | 19/306 kB
Progress (2): 52/342 kB | 20/306 kB
Progress (2): 52/342 kB | 21/306 kB
Progress (2): 52/342 kB | 23/306 kB
Progress (2): 52/342 kB | 24/306 kB
Progress (2): 52/342 kB | 26/306 kB
Progress (2): 52/342 kB | 27/306 kB
Progress (2): 52/342 kB | 28/306 kB
Progress (2): 52/342 kB | 29/306 kB
Progress (2): 52/342 kB | 31/306 kB
Progress (2): 52/342 kB | 32/306 kB
Progress (2): 52/342 kB | 33/306 kB
Progress (2): 52/342 kB | 35/306 kB
Progress (2): 52/342 kB | 36/306 kB
Progress (2): 52/342 kB | 37/306 kB
Progress (2): 52/342 kB | 39/306 kB
Progress (2): 52/342 kB | 40/306 kB
Progress (2): 52/342 kB | 41/306 kB
Progress (2): 52/342 kB | 43/306 kB
Progress (2): 52/342 kB | 44/306 kB
Progress (2): 52/342 kB | 46/306 kB
Progress (2): 52/342 kB | 47/306 kB
Progress (2): 52/342 kB | 48/306 kB
Progress (2): 52/342 kB | 50/306 kB
Progress (2): 52/342 kB | 51/306 kB
Progress (2): 52/342 kB | 52/306 kB
Progress (2): 52/342 kB | 54/306 kB
Progress (2): 52/342 kB | 55/306 kB
Progress (2): 52/342 kB | 59/306 kB
Progress (3): 52/342 kB | 59/306 kB | 0.9/4.8 kB
Progress (3): 52/342 kB | 59/306 kB | 2.3/4.8 kB
Progress (4): 52/342 kB | 59/306 kB | 2.3/4.8 kB | 0.9/629 kB
Progress (4): 52/342 kB | 59/306 kB | 3.6/4.8 kB | 0.9/629 kB
Progress (4): 52/342 kB | 59/306 kB | 3.6/4.8 kB | 2.3/629 kB
Progress (4): 52/342 kB | 59/306 kB | 4.8 kB | 2.3/629 kB    
Progress (4): 52/342 kB | 59/306 kB | 4.8 kB | 3.6/629 kB
Progress (4): 52/342 kB | 59/306 kB | 4.8 kB | 5.0/629 kB
Progress (4): 52/342 kB | 59/306 kB | 4.8 kB | 6.4/629 kB
Progress (4): 52/342 kB | 59/306 kB | 4.8 kB | 7.7/629 kB
Progress (4): 52/342 kB | 59/306 kB | 4.8 kB | 9.1/629 kB
Progress (4): 52/342 kB | 59/306 kB | 4.8 kB | 10/629 kB 
Progress (4): 52/342 kB | 59/306 kB | 4.8 kB | 12/629 kB
Progress (4): 52/342 kB | 59/306 kB | 4.8 kB | 13/629 kB
Progress (4): 52/342 kB | 59/306 kB | 4.8 kB | 15/629 kB
Progress (4): 52/342 kB | 59/306 kB | 4.8 kB | 16/629 kB
Progress (4): 52/342 kB | 59/306 kB | 4.8 kB | 17/629 kB
Progress (4): 52/342 kB | 59/306 kB | 4.8 kB | 19/629 kB
Progress (4): 52/342 kB | 59/306 kB | 4.8 kB | 20/629 kB
Progress (4): 52/342 kB | 59/306 kB | 4.8 kB | 20/629 kB
Progress (4): 52/342 kB | 59/306 kB | 4.8 kB | 22/629 kB
Progress (5): 52/342 kB | 59/306 kB | 4.8 kB | 22/629 kB | 0.9/6.4 kB
Progress (5): 52/342 kB | 59/306 kB | 4.8 kB | 23/629 kB | 0.9/6.4 kB
Progress (5): 52/342 kB | 59/306 kB | 4.8 kB | 23/629 kB | 2.3/6.4 kB
Progress (5): 52/342 kB | 59/306 kB | 4.8 kB | 24/629 kB | 2.3/6.4 kB
Progress (5): 52/342 kB | 59/306 kB | 4.8 kB | 24/629 kB | 3.6/6.4 kB
Progress (5): 52/342 kB | 59/306 kB | 4.8 kB | 26/629 kB | 3.6/6.4 kB
Progress (5): 52/342 kB | 59/306 kB | 4.8 kB | 27/629 kB | 3.6/6.4 kB
Progress (5): 52/342 kB | 59/306 kB | 4.8 kB | 27/629 kB | 5.0/6.4 kB
Progress (5): 52/342 kB | 59/306 kB | 4.8 kB | 29/629 kB | 5.0/6.4 kB
Progress (5): 69/342 kB | 59/306 kB | 4.8 kB | 29/629 kB | 5.0/6.4 kB
Progress (5): 69/342 kB | 59/306 kB | 4.8 kB | 29/629 kB | 6.4 kB    
Progress (5): 69/342 kB | 59/306 kB | 4.8 kB | 30/629 kB | 6.4 kB
Progress (5): 69/342 kB | 59/306 kB | 4.8 kB | 31/629 kB | 6.4 kB
Progress (5): 69/342 kB | 59/306 kB | 4.8 kB | 33/629 kB | 6.4 kB
Progress (5): 69/342 kB | 59/306 kB | 4.8 kB | 34/629 kB | 6.4 kB
Progress (5): 69/342 kB | 59/306 kB | 4.8 kB | 35/629 kB | 6.4 kB
Progress (5): 69/342 kB | 59/306 kB | 4.8 kB | 37/629 kB | 6.4 kB
Progress (5): 69/342 kB | 59/306 kB | 4.8 kB | 38/629 kB | 6.4 kB
Progress (5): 69/342 kB | 59/306 kB | 4.8 kB | 40/629 kB | 6.4 kB
Progress (5): 85/342 kB | 59/306 kB | 4.8 kB | 40/629 kB | 6.4 kB
Progress (5): 85/342 kB | 59/306 kB | 4.8 kB | 41/629 kB | 6.4 kB
Progress (5): 85/342 kB | 59/306 kB | 4.8 kB | 42/629 kB | 6.4 kB
Progress (5): 85/342 kB | 59/306 kB | 4.8 kB | 44/629 kB | 6.4 kB
Progress (5): 85/342 kB | 59/306 kB | 4.8 kB | 45/629 kB | 6.4 kB
Progress (5): 85/342 kB | 59/306 kB | 4.8 kB | 46/629 kB | 6.4 kB
Progress (5): 85/342 kB | 59/306 kB | 4.8 kB | 48/629 kB | 6.4 kB
Progress (5): 85/342 kB | 59/306 kB | 4.8 kB | 49/629 kB | 6.4 kB
Progress (5): 85/342 kB | 59/306 kB | 4.8 kB | 50/629 kB | 6.4 kB
Progress (5): 85/342 kB | 59/306 kB | 4.8 kB | 52/629 kB | 6.4 kB
Progress (5): 85/342 kB | 59/306 kB | 4.8 kB | 53/629 kB | 6.4 kB
Progress (5): 85/342 kB | 59/306 kB | 4.8 kB | 55/629 kB | 6.4 kB
                                                                 
Downloaded from central: https://repo.maven.apache.org/maven2/org/springframework/boot/spring-boot-starter-logging/3.4.1/spring-boot-starter-logging-3.4.1.jar (4.8 kB at 19 kB/s)
Downloading from central: https://repo.maven.apache.org/maven2/org/springframework/boot/spring-boot-starter-jdbc/3.4.1/spring-boot-starter-jdbc-3.4.1.jar
Progress (4): 85/342 kB | 59/306 kB | 59/629 kB | 6.4 kB
Progress (4): 85/342 kB | 59/306 kB | 63/629 kB | 6.4 kB
                                                        
Downloaded from central: https://repo.maven.apache.org/maven2/org/slf4j/jul-to-slf4j/2.0.16/jul-to-slf4j-2.0.16.jar (6.4 kB at 25 kB/s)
Downloading from central: https://repo.maven.apache.org/maven2/org/springframework/spring-jdbc/6.2.1/spring-jdbc-6.2.1.jar
Progress (3): 102/342 kB | 59/306 kB | 63/629 kB
Progress (3): 102/342 kB | 64/306 kB | 63/629 kB
Progress (3): 102/342 kB | 68/306 kB | 63/629 kB
Progress (3): 118/342 kB | 68/306 kB | 63/629 kB
Progress (3): 118/342 kB | 72/306 kB | 63/629 kB
Progress (3): 118/342 kB | 72/306 kB | 67/629 kB
Progress (3): 118/342 kB | 76/306 kB | 67/629 kB
Progress (3): 118/342 kB | 81/306 kB | 67/629 kB
Progress (3): 118/342 kB | 85/306 kB | 67/629 kB
Progress (3): 118/342 kB | 89/306 kB | 67/629 kB
Progress (3): 118/342 kB | 93/306 kB | 67/629 kB
Progress (3): 118/342 kB | 97/306 kB | 67/629 kB
Progress (3): 118/342 kB | 102/306 kB | 67/629 kB
Progress (3): 118/342 kB | 106/306 kB | 67/629 kB
Progress (3): 118/342 kB | 110/306 kB | 67/629 kB
Progress (3): 118/342 kB | 114/306 kB | 67/629 kB
Progress (3): 118/342 kB | 119/306 kB | 67/629 kB
Progress (3): 118/342 kB | 123/306 kB | 67/629 kB
Progress (3): 118/342 kB | 127/306 kB | 67/629 kB
Progress (3): 118/342 kB | 127/306 kB | 72/629 kB
Progress (3): 118/342 kB | 127/306 kB | 76/629 kB
Progress (3): 118/342 kB | 127/306 kB | 80/629 kB
Progress (3): 118/342 kB | 127/306 kB | 84/629 kB
Progress (3): 134/342 kB | 127/306 kB | 84/629 kB
Progress (3): 134/342 kB | 131/306 kB | 84/629 kB
Progress (3): 134/342 kB | 131/306 kB | 88/629 kB
Progress (3): 134/342 kB | 131/306 kB | 93/629 kB
Progress (3): 134/342 kB | 131/306 kB | 97/629 kB
Progress (3): 134/342 kB | 131/306 kB | 101/629 kB
Progress (3): 151/342 kB | 131/306 kB | 101/629 kB
Progress (3): 151/342 kB | 136/306 kB | 101/629 kB
Progress (3): 151/342 kB | 136/306 kB | 105/629 kB
Progress (3): 167/342 kB | 136/306 kB | 105/629 kB
Progress (3): 167/342 kB | 136/306 kB | 110/629 kB
Progress (3): 167/342 kB | 136/306 kB | 114/629 kB
Progress (3): 167/342 kB | 136/306 kB | 118/629 kB
Progress (3): 183/342 kB | 136/306 kB | 118/629 kB
Progress (3): 183/342 kB | 136/306 kB | 122/629 kB
Progress (3): 183/342 kB | 136/306 kB | 126/629 kB
Progress (3): 183/342 kB | 136/306 kB | 131/629 kB
Progress (3): 183/342 kB | 136/306 kB | 135/629 kB
Progress (3): 183/342 kB | 136/306 kB | 139/629 kB
Progress (3): 200/342 kB | 136/306 kB | 139/629 kB
Progress (3): 200/342 kB | 136/306 kB | 143/629 kB
Progress (3): 200/342 kB | 136/306 kB | 148/629 kB
Progress (3): 216/342 kB | 136/306 kB | 148/629 kB
Progress (3): 216/342 kB | 136/306 kB | 151/629 kB
Progress (3): 216/342 kB | 136/306 kB | 156/629 kB
Progress (3): 216/342 kB | 136/306 kB | 160/629 kB
Progress (3): 233/342 kB | 136/306 kB | 160/629 kB
Progress (3): 233/342 kB | 136/306 kB | 164/629 kB
Progress (3): 233/342 kB | 136/306 kB | 168/629 kB
Progress (3): 233/342 kB | 136/306 kB | 173/629 kB
Progress (3): 249/342 kB | 136/306 kB | 173/629 kB
Progress (3): 249/342 kB | 136/306 kB | 177/629 kB
Progress (3): 249/342 kB | 136/306 kB | 181/629 kB
Progress (3): 249/342 kB | 136/306 kB | 185/629 kB
Progress (3): 249/342 kB | 136/306 kB | 189/629 kB
Progress (4): 249/342 kB | 136/306 kB | 189/629 kB | 0.9/471 kB
Progress (4): 249/342 kB | 136/306 kB | 189/629 kB | 2.3/471 kB
Progress (4): 249/342 kB | 136/306 kB | 189/629 kB | 3.6/471 kB
Progress (4): 249/342 kB | 136/306 kB | 189/629 kB | 5.0/471 kB
Progress (4): 249/342 kB | 136/306 kB | 189/629 kB | 6.4/471 kB
Progress (4): 249/342 kB | 136/306 kB | 189/629 kB | 7.7/471 kB
Progress (4): 249/342 kB | 136/306 kB | 189/629 kB | 9.1/471 kB
Progress (4): 249/342 kB | 136/306 kB | 189/629 kB | 10/471 kB 
Progress (4): 249/342 kB | 136/306 kB | 189/629 kB | 12/471 kB
Progress (4): 249/342 kB | 136/306 kB | 189/629 kB | 13/471 kB
Progress (4): 249/342 kB | 136/306 kB | 189/629 kB | 15/471 kB
Progress (4): 249/342 kB | 136/306 kB | 189/629 kB | 16/471 kB
Progress (4): 249/342 kB | 136/306 kB | 189/629 kB | 17/471 kB
Progress (4): 249/342 kB | 136/306 kB | 189/629 kB | 19/471 kB
Progress (4): 249/342 kB | 136/306 kB | 189/629 kB | 20/471 kB
Progress (4): 249/342 kB | 136/306 kB | 189/629 kB | 21/471 kB
Progress (4): 249/342 kB | 136/306 kB | 189/629 kB | 23/471 kB
Progress (4): 249/342 kB | 136/306 kB | 189/629 kB | 24/471 kB
Progress (4): 249/342 kB | 136/306 kB | 189/629 kB | 26/471 kB
Progress (5): 249/342 kB | 136/306 kB | 189/629 kB | 26/471 kB | 0.9/4.8 kB
Progress (5): 249/342 kB | 136/306 kB | 189/629 kB | 26/471 kB | 2.3/4.8 kB
Progress (5): 249/342 kB | 136/306 kB | 189/629 kB | 26/471 kB | 3.6/4.8 kB
Progress (5): 249/342 kB | 136/306 kB | 189/629 kB | 26/471 kB | 4.8 kB    
Progress (5): 249/342 kB | 136/306 kB | 189/629 kB | 27/471 kB | 4.8 kB
Progress (5): 249/342 kB | 136/306 kB | 189/629 kB | 28/471 kB | 4.8 kB
Progress (5): 249/342 kB | 136/306 kB | 189/629 kB | 30/471 kB | 4.8 kB
Progress (5): 249/342 kB | 136/306 kB | 189/629 kB | 31/471 kB | 4.8 kB
Progress (5): 249/342 kB | 140/306 kB | 189/629 kB | 31/471 kB | 4.8 kB
Progress (5): 249/342 kB | 140/306 kB | 194/629 kB | 31/471 kB | 4.8 kB
Progress (5): 249/342 kB | 144/306 kB | 194/629 kB | 31/471 kB | 4.8 kB
Progress (5): 249/342 kB | 144/306 kB | 194/629 kB | 32/471 kB | 4.8 kB
Progress (5): 249/342 kB | 144/306 kB | 198/629 kB | 32/471 kB | 4.8 kB
Progress (5): 249/342 kB | 148/306 kB | 198/629 kB | 32/471 kB | 4.8 kB
Progress (5): 249/342 kB | 148/306 kB | 198/629 kB | 34/471 kB | 4.8 kB
Progress (5): 249/342 kB | 148/306 kB | 198/629 kB | 35/471 kB | 4.8 kB
Progress (5): 249/342 kB | 148/306 kB | 198/629 kB | 36/471 kB | 4.8 kB
Progress (5): 249/342 kB | 148/306 kB | 198/629 kB | 38/471 kB | 4.8 kB
Progress (5): 249/342 kB | 148/306 kB | 198/629 kB | 39/471 kB | 4.8 kB
Progress (5): 249/342 kB | 148/306 kB | 198/629 kB | 41/471 kB | 4.8 kB
Progress (5): 249/342 kB | 148/306 kB | 198/629 kB | 42/471 kB | 4.8 kB
Progress (5): 249/342 kB | 148/306 kB | 198/629 kB | 43/471 kB | 4.8 kB
Progress (5): 249/342 kB | 148/306 kB | 198/629 kB | 45/471 kB | 4.8 kB
Progress (5): 249/342 kB | 148/306 kB | 198/629 kB | 46/471 kB | 4.8 kB
Progress (5): 249/342 kB | 148/306 kB | 198/629 kB | 47/471 kB | 4.8 kB
Progress (5): 249/342 kB | 148/306 kB | 198/629 kB | 49/471 kB | 4.8 kB
Progress (5): 249/342 kB | 148/306 kB | 198/629 kB | 50/471 kB | 4.8 kB
Progress (5): 249/342 kB | 148/306 kB | 198/629 kB | 53/471 kB | 4.8 kB
Progress (5): 249/342 kB | 152/306 kB | 198/629 kB | 53/471 kB | 4.8 kB
Progress (5): 249/342 kB | 152/306 kB | 202/629 kB | 53/471 kB | 4.8 kB
Progress (5): 249/342 kB | 157/306 kB | 202/629 kB | 53/471 kB | 4.8 kB
Progress (5): 249/342 kB | 157/306 kB | 206/629 kB | 53/471 kB | 4.8 kB
Progress (5): 249/342 kB | 157/306 kB | 211/629 kB | 53/471 kB | 4.8 kB
Progress (5): 249/342 kB | 159/306 kB | 211/629 kB | 53/471 kB | 4.8 kB
Progress (5): 249/342 kB | 159/306 kB | 211/629 kB | 57/471 kB | 4.8 kB
Progress (5): 249/342 kB | 163/306 kB | 211/629 kB | 57/471 kB | 4.8 kB
Progress (5): 249/342 kB | 163/306 kB | 211/629 kB | 62/471 kB | 4.8 kB
                                                                       
Downloaded from central: https://repo.maven.apache.org/maven2/org/springframework/boot/spring-boot-starter-jdbc/3.4.1/spring-boot-starter-jdbc-3.4.1.jar (4.8 kB at 13 kB/s)
Downloading from central: https://repo.maven.apache.org/maven2/org/hibernate/orm/hibernate-core/6.6.4.Final/hibernate-core-6.6.4.Final.jar
Progress (4): 249/342 kB | 167/306 kB | 211/629 kB | 62/471 kB
Progress (4): 249/342 kB | 172/306 kB | 211/629 kB | 62/471 kB
Progress (4): 249/342 kB | 172/306 kB | 215/629 kB | 62/471 kB
Progress (4): 249/342 kB | 176/306 kB | 215/629 kB | 62/471 kB
Progress (4): 249/342 kB | 180/306 kB | 215/629 kB | 62/471 kB
Progress (4): 249/342 kB | 184/306 kB | 215/629 kB | 62/471 kB
Progress (4): 249/342 kB | 188/306 kB | 215/629 kB | 62/471 kB
Progress (4): 249/342 kB | 193/306 kB | 215/629 kB | 62/471 kB
Progress (4): 249/342 kB | 197/306 kB | 215/629 kB | 62/471 kB
Progress (4): 249/342 kB | 201/306 kB | 215/629 kB | 62/471 kB
Progress (4): 249/342 kB | 205/306 kB | 215/629 kB | 62/471 kB
Progress (4): 249/342 kB | 210/306 kB | 215/629 kB | 62/471 kB
Progress (4): 249/342 kB | 214/306 kB | 215/629 kB | 62/471 kB
Progress (4): 249/342 kB | 218/306 kB | 215/629 kB | 62/471 kB
Progress (4): 249/342 kB | 222/306 kB | 215/629 kB | 62/471 kB
Progress (4): 249/342 kB | 239/306 kB | 215/629 kB | 62/471 kB
Progress (4): 249/342 kB | 255/306 kB | 215/629 kB | 62/471 kB
Progress (4): 249/342 kB | 255/306 kB | 219/629 kB | 62/471 kB
Progress (4): 249/342 kB | 255/306 kB | 223/629 kB | 62/471 kB
Progress (4): 265/342 kB | 255/306 kB | 223/629 kB | 62/471 kB
Progress (4): 282/342 kB | 255/306 kB | 223/629 kB | 62/471 kB
Progress (4): 298/342 kB | 255/306 kB | 223/629 kB | 62/471 kB
Progress (4): 298/342 kB | 255/306 kB | 240/629 kB | 62/471 kB
Progress (4): 315/342 kB | 255/306 kB | 240/629 kB | 62/471 kB
Progress (4): 331/342 kB | 255/306 kB | 240/629 kB | 62/471 kB
Progress (4): 342 kB | 255/306 kB | 240/629 kB | 62/471 kB    
                                                          
Downloaded from central: https://repo.maven.apache.org/maven2/org/yaml/snakeyaml/2.3/snakeyaml-2.3.jar (342 kB at 860 kB/s)
Downloading from central: https://repo.maven.apache.org/maven2/net/bytebuddy/byte-buddy/1.15.11/byte-buddy-1.15.11.jar
Progress (3): 255/306 kB | 256/629 kB | 62/471 kB
Progress (3): 255/306 kB | 272/629 kB | 62/471 kB
Progress (3): 255/306 kB | 283/629 kB | 62/471 kB
Progress (3): 255/306 kB | 299/629 kB | 62/471 kB
Progress (3): 255/306 kB | 315/629 kB | 62/471 kB
Progress (3): 255/306 kB | 332/629 kB | 62/471 kB
Progress (3): 255/306 kB | 348/629 kB | 62/471 kB
Progress (3): 255/306 kB | 364/629 kB | 62/471 kB
Progress (3): 255/306 kB | 381/629 kB | 62/471 kB
Progress (3): 255/306 kB | 397/629 kB | 62/471 kB
Progress (3): 255/306 kB | 414/629 kB | 62/471 kB
Progress (3): 255/306 kB | 430/629 kB | 62/471 kB
Progress (3): 255/306 kB | 446/629 kB | 62/471 kB
Progress (3): 255/306 kB | 446/629 kB | 66/471 kB
Progress (3): 255/306 kB | 446/629 kB | 70/471 kB
Progress (3): 255/306 kB | 446/629 kB | 74/471 kB
Progress (3): 255/306 kB | 463/629 kB | 74/471 kB
Progress (3): 271/306 kB | 463/629 kB | 74/471 kB
Progress (3): 271/306 kB | 463/629 kB | 79/471 kB
Progress (3): 271/306 kB | 463/629 kB | 83/471 kB
Progress (3): 271/306 kB | 463/629 kB | 87/471 kB
Progress (3): 288/306 kB | 463/629 kB | 87/471 kB
Progress (3): 288/306 kB | 463/629 kB | 91/471 kB
Progress (3): 290/306 kB | 463/629 kB | 91/471 kB
Progress (3): 306 kB | 463/629 kB | 91/471 kB    
Progress (3): 306 kB | 463/629 kB | 95/471 kB
Progress (3): 306 kB | 463/629 kB | 100/471 kB
Progress (3): 306 kB | 463/629 kB | 104/471 kB
Progress (3): 306 kB | 463/629 kB | 108/471 kB
Progress (3): 306 kB | 463/629 kB | 112/471 kB
Progress (3): 306 kB | 463/629 kB | 117/471 kB
Progress (3): 306 kB | 463/629 kB | 121/471 kB
Progress (3): 306 kB | 463/629 kB | 125/471 kB
Progress (3): 306 kB | 463/629 kB | 129/471 kB
Progress (3): 306 kB | 463/629 kB | 133/471 kB
Progress (3): 306 kB | 463/629 kB | 138/471 kB
Progress (3): 306 kB | 463/629 kB | 142/471 kB
Progress (3): 306 kB | 463/629 kB | 146/471 kB
                                              
Downloaded from central: https://repo.maven.apache.org/maven2/ch/qos/logback/logback-classic/1.5.12/logback-classic-1.5.12.jar (306 kB at 638 kB/s)
Downloading from central: https://repo.maven.apache.org/maven2/org/springframework/data/spring-data-jpa/3.4.1/spring-data-jpa-3.4.1.jar
Progress (2): 463/629 kB | 150/471 kB
Progress (2): 463/629 kB | 155/471 kB
Progress (2): 463/629 kB | 159/471 kB
Progress (2): 463/629 kB | 163/471 kB
Progress (2): 463/629 kB | 167/471 kB
Progress (2): 463/629 kB | 172/471 kB
Progress (2): 463/629 kB | 176/471 kB
Progress (2): 479/629 kB | 176/471 kB
Progress (2): 479/629 kB | 180/471 kB
Progress (2): 479/629 kB | 184/471 kB
Progress (2): 479/629 kB | 188/471 kB
Progress (2): 495/629 kB | 188/471 kB
Progress (2): 495/629 kB | 193/471 kB
Progress (2): 512/629 kB | 193/471 kB
Progress (3): 512/629 kB | 193/471 kB | 0/12 MB
Progress (3): 512/629 kB | 193/471 kB | 0/12 MB
Progress (3): 512/629 kB | 193/471 kB | 0/12 MB
Progress (3): 512/629 kB | 193/471 kB | 0/12 MB
Progress (3): 512/629 kB | 193/471 kB | 0/12 MB
Progress (3): 512/629 kB | 193/471 kB | 0/12 MB
Progress (3): 528/629 kB | 193/471 kB | 0/12 MB
Progress (3): 528/629 kB | 193/471 kB | 0/12 MB
Progress (3): 528/629 kB | 193/471 kB | 0/12 MB
Progress (3): 528/629 kB | 193/471 kB | 0/12 MB
Progress (3): 528/629 kB | 193/471 kB | 0/12 MB
Progress (3): 528/629 kB | 193/471 kB | 0/12 MB
Progress (3): 528/629 kB | 193/471 kB | 0/12 MB
Progress (3): 528/629 kB | 193/471 kB | 0/12 MB
Progress (3): 528/629 kB | 193/471 kB | 0/12 MB
Progress (3): 528/629 kB | 193/471 kB | 0/12 MB
Progress (3): 528/629 kB | 193/471 kB | 0/12 MB
Progress (3): 528/629 kB | 193/471 kB | 0/12 MB
Progress (3): 528/629 kB | 193/471 kB | 0/12 MB
Progress (3): 528/629 kB | 193/471 kB | 0/12 MB
Progress (3): 528/629 kB | 193/471 kB | 0/12 MB
Progress (3): 528/629 kB | 193/471 kB | 0/12 MB
Progress (3): 528/629 kB | 193/471 kB | 0/12 MB
Progress (3): 528/629 kB | 193/471 kB | 0/12 MB
Progress (3): 528/629 kB | 193/471 kB | 0/12 MB
Progress (3): 528/629 kB | 193/471 kB | 0/12 MB
Progress (3): 528/629 kB | 193/471 kB | 0/12 MB
Progress (3): 528/629 kB | 193/471 kB | 0/12 MB
Progress (3): 528/629 kB | 193/471 kB | 0/12 MB
Progress (3): 528/629 kB | 193/471 kB | 0/12 MB
Progress (3): 528/629 kB | 193/471 kB | 0/12 MB
Progress (3): 528/629 kB | 193/471 kB | 0/12 MB
Progress (3): 528/629 kB | 193/471 kB | 0/12 MB
Progress (3): 528/629 kB | 193/471 kB | 0/12 MB
Progress (3): 528/629 kB | 193/471 kB | 0.1/12 MB
Progress (3): 528/629 kB | 193/471 kB | 0.1/12 MB
Progress (3): 528/629 kB | 193/471 kB | 0.1/12 MB
Progress (3): 528/629 kB | 193/471 kB | 0.1/12 MB
Progress (3): 545/629 kB | 193/471 kB | 0.1/12 MB
Progress (3): 561/629 kB | 193/471 kB | 0.1/12 MB
Progress (3): 577/629 kB | 193/471 kB | 0.1/12 MB
Progress (3): 594/629 kB | 193/471 kB | 0.1/12 MB
Progress (3): 610/629 kB | 193/471 kB | 0.1/12 MB
Progress (3): 627/629 kB | 193/471 kB | 0.1/12 MB
Progress (3): 629 kB | 193/471 kB | 0.1/12 MB    
                                             
Downloaded from central: https://repo.maven.apache.org/maven2/ch/qos/logback/logback-core/1.5.12/logback-core-1.5.12.jar (629 kB at 1.2 MB/s)
Downloading from central: https://repo.maven.apache.org/maven2/org/springframework/data/spring-data-commons/3.4.1/spring-data-commons-3.4.1.jar
Progress (3): 193/471 kB | 0.1/12 MB | 0/8.5 MB
Progress (3): 193/471 kB | 0.1/12 MB | 0/8.5 MB
Progress (3): 193/471 kB | 0.1/12 MB | 0/8.5 MB
Progress (3): 193/471 kB | 0.1/12 MB | 0/8.5 MB
Progress (3): 193/471 kB | 0.1/12 MB | 0.1/8.5 MB
Progress (3): 193/471 kB | 0.1/12 MB | 0.1/8.5 MB
Progress (3): 193/471 kB | 0.1/12 MB | 0.1/8.5 MB
Progress (3): 193/471 kB | 0.1/12 MB | 0.1/8.5 MB
Progress (3): 193/471 kB | 0.1/12 MB | 0.1/8.5 MB
Progress (3): 193/471 kB | 0.1/12 MB | 0.1/8.5 MB
Progress (3): 193/471 kB | 0.1/12 MB | 0.2/8.5 MB
Progress (3): 193/471 kB | 0.1/12 MB | 0.2/8.5 MB
Progress (3): 193/471 kB | 0.1/12 MB | 0.2/8.5 MB
Progress (3): 193/471 kB | 0.1/12 MB | 0.2/8.5 MB
Progress (3): 193/471 kB | 0.1/12 MB | 0.2/8.5 MB
Progress (3): 193/471 kB | 0.1/12 MB | 0.2/8.5 MB
Progress (3): 193/471 kB | 0.1/12 MB | 0.2/8.5 MB
Progress (3): 197/471 kB | 0.1/12 MB | 0.2/8.5 MB
Progress (3): 201/471 kB | 0.1/12 MB | 0.2/8.5 MB
Progress (3): 205/471 kB | 0.1/12 MB | 0.2/8.5 MB
Progress (3): 210/471 kB | 0.1/12 MB | 0.2/8.5 MB
Progress (3): 214/471 kB | 0.1/12 MB | 0.2/8.5 MB
Progress (3): 218/471 kB | 0.1/12 MB | 0.2/8.5 MB
Progress (3): 234/471 kB | 0.1/12 MB | 0.2/8.5 MB
Progress (3): 251/471 kB | 0.1/12 MB | 0.2/8.5 MB
Progress (3): 267/471 kB | 0.1/12 MB | 0.2/8.5 MB
Progress (3): 284/471 kB | 0.1/12 MB | 0.2/8.5 MB
Progress (4): 284/471 kB | 0.1/12 MB | 0.2/8.5 MB | 0/1.7 MB
Progress (4): 284/471 kB | 0.1/12 MB | 0.2/8.5 MB | 0/1.7 MB
Progress (4): 284/471 kB | 0.1/12 MB | 0.2/8.5 MB | 0/1.7 MB
Progress (4): 284/471 kB | 0.1/12 MB | 0.2/8.5 MB | 0/1.7 MB
Progress (4): 284/471 kB | 0.1/12 MB | 0.2/8.5 MB | 0.1/1.7 MB
Progress (4): 284/471 kB | 0.1/12 MB | 0.2/8.5 MB | 0.1/1.7 MB
Progress (4): 284/471 kB | 0.1/12 MB | 0.2/8.5 MB | 0.1/1.7 MB
Progress (4): 300/471 kB | 0.1/12 MB | 0.2/8.5 MB | 0.1/1.7 MB
Progress (4): 300/471 kB | 0.1/12 MB | 0.2/8.5 MB | 0.1/1.7 MB
Progress (4): 315/471 kB | 0.1/12 MB | 0.2/8.5 MB | 0.1/1.7 MB
Progress (4): 315/471 kB | 0.1/12 MB | 0.2/8.5 MB | 0.1/1.7 MB
Progress (4): 315/471 kB | 0.1/12 MB | 0.2/8.5 MB | 0.1/1.7 MB
Progress (4): 315/471 kB | 0.1/12 MB | 0.2/8.5 MB | 0.2/1.7 MB
Progress (4): 315/471 kB | 0.1/12 MB | 0.2/8.5 MB | 0.2/1.7 MB
Progress (4): 315/471 kB | 0.1/12 MB | 0.2/8.5 MB | 0.2/1.7 MB
Progress (4): 315/471 kB | 0.1/12 MB | 0.2/8.5 MB | 0.2/1.7 MB
Progress (4): 315/471 kB | 0.1/12 MB | 0.2/8.5 MB | 0.2/1.7 MB
Progress (4): 315/471 kB | 0.1/12 MB | 0.2/8.5 MB | 0.2/1.7 MB
Progress (4): 315/471 kB | 0.1/12 MB | 0.2/8.5 MB | 0.2/1.7 MB
Progress (4): 315/471 kB | 0.1/12 MB | 0.2/8.5 MB | 0.3/1.7 MB
Progress (4): 315/471 kB | 0.1/12 MB | 0.2/8.5 MB | 0.3/1.7 MB
Progress (4): 315/471 kB | 0.1/12 MB | 0.2/8.5 MB | 0.3/1.7 MB
Progress (4): 315/471 kB | 0.1/12 MB | 0.2/8.5 MB | 0.3/1.7 MB
Progress (4): 315/471 kB | 0.1/12 MB | 0.2/8.5 MB | 0.3/1.7 MB
Progress (4): 315/471 kB | 0.1/12 MB | 0.2/8.5 MB | 0.3/1.7 MB
Progress (4): 315/471 kB | 0.1/12 MB | 0.2/8.5 MB | 0.3/1.7 MB
Progress (4): 315/471 kB | 0.1/12 MB | 0.2/8.5 MB | 0.3/1.7 MB
Progress (4): 315/471 kB | 0.1/12 MB | 0.2/8.5 MB | 0.3/1.7 MB
Progress (4): 315/471 kB | 0.1/12 MB | 0.2/8.5 MB | 0.3/1.7 MB
Progress (4): 315/471 kB | 0.1/12 MB | 0.2/8.5 MB | 0.3/1.7 MB
Progress (4): 315/471 kB | 0.1/12 MB | 0.2/8.5 MB | 0.3/1.7 MB
Progress (4): 315/471 kB | 0.1/12 MB | 0.2/8.5 MB | 0.3/1.7 MB
Progress (4): 315/471 kB | 0.1/12 MB | 0.2/8.5 MB | 0.3/1.7 MB
Progress (4): 315/471 kB | 0.1/12 MB | 0.2/8.5 MB | 0.3/1.7 MB
Progress (4): 315/471 kB | 0.1/12 MB | 0.2/8.5 MB | 0.3/1.7 MB
Progress (4): 315/471 kB | 0.1/12 MB | 0.2/8.5 MB | 0.3/1.7 MB
Progress (4): 315/471 kB | 0.1/12 MB | 0.2/8.5 MB | 0.3/1.7 MB
Progress (4): 315/471 kB | 0.1/12 MB | 0.2/8.5 MB | 0.3/1.7 MB
Progress (4): 315/471 kB | 0.1/12 MB | 0.2/8.5 MB | 0.3/1.7 MB
Progress (4): 315/471 kB | 0.2/12 MB | 0.2/8.5 MB | 0.3/1.7 MB
Progress (4): 315/471 kB | 0.2/12 MB | 0.2/8.5 MB | 0.3/1.7 MB
Progress (4): 315/471 kB | 0.2/12 MB | 0.2/8.5 MB | 0.3/1.7 MB
Progress (4): 315/471 kB | 0.2/12 MB | 0.2/8.5 MB | 0.3/1.7 MB
Progress (4): 315/471 kB | 0.2/12 MB | 0.2/8.5 MB | 0.3/1.7 MB
Progress (4): 315/471 kB | 0.2/12 MB | 0.2/8.5 MB | 0.3/1.7 MB
Progress (4): 315/471 kB | 0.2/12 MB | 0.2/8.5 MB | 0.3/1.7 MB
Progress (4): 315/471 kB | 0.2/12 MB | 0.2/8.5 MB | 0.3/1.7 MB
Progress (4): 315/471 kB | 0.2/12 MB | 0.2/8.5 MB | 0.3/1.7 MB
Progress (4): 315/471 kB | 0.2/12 MB | 0.2/8.5 MB | 0.3/1.7 MB
Progress (4): 315/471 kB | 0.2/12 MB | 0.3/8.5 MB | 0.3/1.7 MB
Progress (4): 315/471 kB | 0.2/12 MB | 0.3/8.5 MB | 0.3/1.7 MB
Progress (4): 315/471 kB | 0.2/12 MB | 0.3/8.5 MB | 0.3/1.7 MB
Progress (4): 315/471 kB | 0.2/12 MB | 0.3/8.5 MB | 0.3/1.7 MB
Progress (4): 315/471 kB | 0.2/12 MB | 0.3/8.5 MB | 0.3/1.7 MB
Progress (4): 315/471 kB | 0.2/12 MB | 0.3/8.5 MB | 0.3/1.7 MB
Progress (4): 315/471 kB | 0.2/12 MB | 0.4/8.5 MB | 0.3/1.7 MB
Progress (5): 315/471 kB | 0.2/12 MB | 0.4/8.5 MB | 0.3/1.7 MB | 0/1.5 MB
Progress (5): 315/471 kB | 0.2/12 MB | 0.4/8.5 MB | 0.3/1.7 MB | 0/1.5 MB
Progress (5): 315/471 kB | 0.2/12 MB | 0.4/8.5 MB | 0.3/1.7 MB | 0/1.5 MB
Progress (5): 332/471 kB | 0.2/12 MB | 0.4/8.5 MB | 0.3/1.7 MB | 0/1.5 MB
Progress (5): 332/471 kB | 0.2/12 MB | 0.4/8.5 MB | 0.3/1.7 MB | 0/1.5 MB
Progress (5): 332/471 kB | 0.2/12 MB | 0.4/8.5 MB | 0.3/1.7 MB | 0/1.5 MB
Progress (5): 348/471 kB | 0.2/12 MB | 0.4/8.5 MB | 0.3/1.7 MB | 0/1.5 MB
Progress (5): 348/471 kB | 0.2/12 MB | 0.4/8.5 MB | 0.3/1.7 MB | 0/1.5 MB
Progress (5): 348/471 kB | 0.2/12 MB | 0.4/8.5 MB | 0.3/1.7 MB | 0.1/1.5 MB
Progress (5): 364/471 kB | 0.2/12 MB | 0.4/8.5 MB | 0.3/1.7 MB | 0.1/1.5 MB
Progress (5): 364/471 kB | 0.2/12 MB | 0.4/8.5 MB | 0.3/1.7 MB | 0.1/1.5 MB
Progress (5): 364/471 kB | 0.2/12 MB | 0.4/8.5 MB | 0.3/1.7 MB | 0.1/1.5 MB
Progress (5): 364/471 kB | 0.2/12 MB | 0.4/8.5 MB | 0.3/1.7 MB | 0.1/1.5 MB
Progress (5): 381/471 kB | 0.2/12 MB | 0.4/8.5 MB | 0.3/1.7 MB | 0.1/1.5 MB
Progress (5): 381/471 kB | 0.2/12 MB | 0.4/8.5 MB | 0.3/1.7 MB | 0.1/1.5 MB
Progress (5): 381/471 kB | 0.2/12 MB | 0.4/8.5 MB | 0.3/1.7 MB | 0.1/1.5 MB
Progress (5): 381/471 kB | 0.2/12 MB | 0.4/8.5 MB | 0.3/1.7 MB | 0.1/1.5 MB
Progress (5): 381/471 kB | 0.2/12 MB | 0.4/8.5 MB | 0.3/1.7 MB | 0.1/1.5 MB
Progress (5): 381/471 kB | 0.2/12 MB | 0.4/8.5 MB | 0.3/1.7 MB | 0.1/1.5 MB
Progress (5): 381/471 kB | 0.2/12 MB | 0.5/8.5 MB | 0.3/1.7 MB | 0.1/1.5 MB
Progress (5): 381/471 kB | 0.2/12 MB | 0.5/8.5 MB | 0.3/1.7 MB | 0.1/1.5 MB
Progress (5): 397/471 kB | 0.2/12 MB | 0.5/8.5 MB | 0.3/1.7 MB | 0.1/1.5 MB
Progress (5): 414/471 kB | 0.2/12 MB | 0.5/8.5 MB | 0.3/1.7 MB | 0.1/1.5 MB
Progress (5): 430/471 kB | 0.2/12 MB | 0.5/8.5 MB | 0.3/1.7 MB | 0.1/1.5 MB
Progress (5): 446/471 kB | 0.2/12 MB | 0.5/8.5 MB | 0.3/1.7 MB | 0.1/1.5 MB
Progress (5): 446/471 kB | 0.2/12 MB | 0.5/8.5 MB | 0.3/1.7 MB | 0.1/1.5 MB
Progress (5): 446/471 kB | 0.2/12 MB | 0.5/8.5 MB | 0.3/1.7 MB | 0.2/1.5 MB
Progress (5): 446/471 kB | 0.2/12 MB | 0.5/8.5 MB | 0.3/1.7 MB | 0.2/1.5 MB
Progress (5): 446/471 kB | 0.2/12 MB | 0.5/8.5 MB | 0.3/1.7 MB | 0.2/1.5 MB
Progress (5): 446/471 kB | 0.2/12 MB | 0.5/8.5 MB | 0.3/1.7 MB | 0.2/1.5 MB
Progress (5): 463/471 kB | 0.2/12 MB | 0.5/8.5 MB | 0.3/1.7 MB | 0.2/1.5 MB
Progress (5): 471 kB | 0.2/12 MB | 0.5/8.5 MB | 0.3/1.7 MB | 0.2/1.5 MB    
Progress (5): 471 kB | 0.2/12 MB | 0.5/8.5 MB | 0.3/1.7 MB | 0.2/1.5 MB
Progress (5): 471 kB | 0.2/12 MB | 0.5/8.5 MB | 0.3/1.7 MB | 0.2/1.5 MB
Progress (5): 471 kB | 0.2/12 MB | 0.5/8.5 MB | 0.3/1.7 MB | 0.2/1.5 MB
Progress (5): 471 kB | 0.2/12 MB | 0.5/8.5 MB | 0.3/1.7 MB | 0.2/1.5 MB
                                                                       
Downloaded from central: https://repo.maven.apache.org/maven2/org/springframework/spring-jdbc/6.2.1/spring-jdbc-6.2.1.jar (471 kB at 583 kB/s)
Downloading from central: https://repo.maven.apache.org/maven2/org/springframework/spring-orm/6.2.1/spring-orm-6.2.1.jar
Progress (4): 0.2/12 MB | 0.5/8.5 MB | 0.3/1.7 MB | 0.2/1.5 MB
Progress (4): 0.2/12 MB | 0.5/8.5 MB | 0.3/1.7 MB | 0.2/1.5 MB
Progress (4): 0.2/12 MB | 0.5/8.5 MB | 0.3/1.7 MB | 0.2/1.5 MB
Progress (4): 0.2/12 MB | 0.5/8.5 MB | 0.3/1.7 MB | 0.2/1.5 MB
Progress (4): 0.2/12 MB | 0.5/8.5 MB | 0.3/1.7 MB | 0.2/1.5 MB
Progress (4): 0.2/12 MB | 0.6/8.5 MB | 0.3/1.7 MB | 0.2/1.5 MB
Progress (4): 0.2/12 MB | 0.6/8.5 MB | 0.3/1.7 MB | 0.2/1.5 MB
Progress (4): 0.2/12 MB | 0.6/8.5 MB | 0.3/1.7 MB | 0.2/1.5 MB
Progress (4): 0.2/12 MB | 0.6/8.5 MB | 0.3/1.7 MB | 0.2/1.5 MB
Progress (4): 0.2/12 MB | 0.6/8.5 MB | 0.3/1.7 MB | 0.2/1.5 MB
Progress (4): 0.2/12 MB | 0.6/8.5 MB | 0.3/1.7 MB | 0.2/1.5 MB
Progress (4): 0.2/12 MB | 0.6/8.5 MB | 0.3/1.7 MB | 0.2/1.5 MB
Progress (4): 0.2/12 MB | 0.6/8.5 MB | 0.3/1.7 MB | 0.2/1.5 MB
Progress (4): 0.2/12 MB | 0.6/8.5 MB | 0.4/1.7 MB | 0.2/1.5 MB
Progress (4): 0.2/12 MB | 0.6/8.5 MB | 0.4/1.7 MB | 0.2/1.5 MB
Progress (4): 0.2/12 MB | 0.6/8.5 MB | 0.4/1.7 MB | 0.3/1.5 MB
Progress (4): 0.2/12 MB | 0.6/8.5 MB | 0.4/1.7 MB | 0.3/1.5 MB
Progress (4): 0.2/12 MB | 0.6/8.5 MB | 0.4/1.7 MB | 0.3/1.5 MB
Progress (4): 0.2/12 MB | 0.6/8.5 MB | 0.4/1.7 MB | 0.3/1.5 MB
Progress (4): 0.2/12 MB | 0.6/8.5 MB | 0.4/1.7 MB | 0.3/1.5 MB
Progress (4): 0.2/12 MB | 0.6/8.5 MB | 0.4/1.7 MB | 0.3/1.5 MB
Progress (4): 0.2/12 MB | 0.6/8.5 MB | 0.4/1.7 MB | 0.3/1.5 MB
Progress (4): 0.2/12 MB | 0.6/8.5 MB | 0.4/1.7 MB | 0.3/1.5 MB
Progress (4): 0.3/12 MB | 0.6/8.5 MB | 0.4/1.7 MB | 0.3/1.5 MB
Progress (4): 0.3/12 MB | 0.6/8.5 MB | 0.4/1.7 MB | 0.3/1.5 MB
Progress (4): 0.3/12 MB | 0.6/8.5 MB | 0.4/1.7 MB | 0.3/1.5 MB
Progress (4): 0.3/12 MB | 0.6/8.5 MB | 0.4/1.7 MB | 0.3/1.5 MB
Progress (4): 0.3/12 MB | 0.6/8.5 MB | 0.4/1.7 MB | 0.3/1.5 MB
Progress (4): 0.3/12 MB | 0.6/8.5 MB | 0.4/1.7 MB | 0.3/1.5 MB
Progress (4): 0.3/12 MB | 0.6/8.5 MB | 0.4/1.7 MB | 0.3/1.5 MB
Progress (4): 0.3/12 MB | 0.6/8.5 MB | 0.4/1.7 MB | 0.3/1.5 MB
Progress (4): 0.3/12 MB | 0.6/8.5 MB | 0.4/1.7 MB | 0.3/1.5 MB
Progress (4): 0.3/12 MB | 0.6/8.5 MB | 0.4/1.7 MB | 0.3/1.5 MB
Progress (4): 0.3/12 MB | 0.6/8.5 MB | 0.4/1.7 MB | 0.3/1.5 MB
Progress (4): 0.3/12 MB | 0.6/8.5 MB | 0.4/1.7 MB | 0.3/1.5 MB
Progress (4): 0.3/12 MB | 0.6/8.5 MB | 0.4/1.7 MB | 0.3/1.5 MB
Progress (4): 0.3/12 MB | 0.6/8.5 MB | 0.4/1.7 MB | 0.3/1.5 MB
Progress (4): 0.3/12 MB | 0.7/8.5 MB | 0.4/1.7 MB | 0.3/1.5 MB
Progress (4): 0.3/12 MB | 0.7/8.5 MB | 0.4/1.7 MB | 0.4/1.5 MB
Progress (4): 0.3/12 MB | 0.7/8.5 MB | 0.5/1.7 MB | 0.4/1.5 MB
Progress (4): 0.3/12 MB | 0.7/8.5 MB | 0.5/1.7 MB | 0.4/1.5 MB
Progress (4): 0.3/12 MB | 0.7/8.5 MB | 0.5/1.7 MB | 0.4/1.5 MB
Progress (4): 0.3/12 MB | 0.7/8.5 MB | 0.5/1.7 MB | 0.4/1.5 MB
Progress (4): 0.3/12 MB | 0.7/8.5 MB | 0.5/1.7 MB | 0.4/1.5 MB
Progress (4): 0.3/12 MB | 0.7/8.5 MB | 0.5/1.7 MB | 0.4/1.5 MB
Progress (4): 0.3/12 MB | 0.7/8.5 MB | 0.5/1.7 MB | 0.4/1.5 MB
Progress (4): 0.3/12 MB | 0.7/8.5 MB | 0.5/1.7 MB | 0.4/1.5 MB
Progress (4): 0.3/12 MB | 0.7/8.5 MB | 0.5/1.7 MB | 0.4/1.5 MB
Progress (4): 0.3/12 MB | 0.7/8.5 MB | 0.5/1.7 MB | 0.4/1.5 MB
Progress (4): 0.3/12 MB | 0.7/8.5 MB | 0.5/1.7 MB | 0.4/1.5 MB
Progress (4): 0.3/12 MB | 0.8/8.5 MB | 0.5/1.7 MB | 0.4/1.5 MB
Progress (4): 0.3/12 MB | 0.8/8.5 MB | 0.6/1.7 MB | 0.4/1.5 MB
Progress (4): 0.3/12 MB | 0.8/8.5 MB | 0.6/1.7 MB | 0.4/1.5 MB
Progress (4): 0.3/12 MB | 0.8/8.5 MB | 0.6/1.7 MB | 0.4/1.5 MB
Progress (4): 0.3/12 MB | 0.8/8.5 MB | 0.6/1.7 MB | 0.4/1.5 MB
Progress (4): 0.3/12 MB | 0.8/8.5 MB | 0.6/1.7 MB | 0.4/1.5 MB
Progress (4): 0.3/12 MB | 0.8/8.5 MB | 0.6/1.7 MB | 0.4/1.5 MB
Progress (4): 0.3/12 MB | 0.8/8.5 MB | 0.6/1.7 MB | 0.4/1.5 MB
Progress (5): 0.3/12 MB | 0.8/8.5 MB | 0.6/1.7 MB | 0.4/1.5 MB | 7.7/234 kB
Progress (5): 0.3/12 MB | 0.8/8.5 MB | 0.6/1.7 MB | 0.4/1.5 MB | 16/234 kB 
Progress (5): 0.3/12 MB | 0.8/8.5 MB | 0.6/1.7 MB | 0.4/1.5 MB | 20/234 kB
Progress (5): 0.3/12 MB | 0.8/8.5 MB | 0.6/1.7 MB | 0.4/1.5 MB | 20/234 kB
Progress (5): 0.3/12 MB | 0.8/8.5 MB | 0.6/1.7 MB | 0.4/1.5 MB | 20/234 kB
Progress (5): 0.4/12 MB | 0.8/8.5 MB | 0.6/1.7 MB | 0.4/1.5 MB | 20/234 kB
Progress (5): 0.4/12 MB | 0.8/8.5 MB | 0.6/1.7 MB | 0.4/1.5 MB | 37/234 kB
Progress (5): 0.4/12 MB | 0.8/8.5 MB | 0.6/1.7 MB | 0.4/1.5 MB | 37/234 kB
Progress (5): 0.4/12 MB | 0.8/8.5 MB | 0.6/1.7 MB | 0.4/1.5 MB | 37/234 kB
Progress (5): 0.4/12 MB | 0.8/8.5 MB | 0.6/1.7 MB | 0.4/1.5 MB | 37/234 kB
Progress (5): 0.4/12 MB | 0.8/8.5 MB | 0.6/1.7 MB | 0.4/1.5 MB | 53/234 kB
Progress (5): 0.4/12 MB | 0.8/8.5 MB | 0.6/1.7 MB | 0.4/1.5 MB | 53/234 kB
Progress (5): 0.4/12 MB | 0.8/8.5 MB | 0.6/1.7 MB | 0.4/1.5 MB | 53/234 kB
Progress (5): 0.4/12 MB | 0.8/8.5 MB | 0.6/1.7 MB | 0.4/1.5 MB | 53/234 kB
Progress (5): 0.4/12 MB | 0.9/8.5 MB | 0.6/1.7 MB | 0.4/1.5 MB | 53/234 kB
Progress (5): 0.4/12 MB | 0.9/8.5 MB | 0.6/1.7 MB | 0.4/1.5 MB | 70/234 kB
Progress (5): 0.4/12 MB | 0.9/8.5 MB | 0.6/1.7 MB | 0.4/1.5 MB | 86/234 kB
Progress (5): 0.4/12 MB | 0.9/8.5 MB | 0.6/1.7 MB | 0.4/1.5 MB | 86/234 kB
Progress (5): 0.4/12 MB | 0.9/8.5 MB | 0.6/1.7 MB | 0.4/1.5 MB | 86/234 kB
Progress (5): 0.4/12 MB | 0.9/8.5 MB | 0.6/1.7 MB | 0.4/1.5 MB | 86/234 kB
Progress (5): 0.4/12 MB | 0.9/8.5 MB | 0.6/1.7 MB | 0.4/1.5 MB | 86/234 kB
Progress (5): 0.4/12 MB | 0.9/8.5 MB | 0.6/1.7 MB | 0.4/1.5 MB | 102/234 kB
Progress (5): 0.4/12 MB | 0.9/8.5 MB | 0.6/1.7 MB | 0.4/1.5 MB | 102/234 kB
Progress (5): 0.4/12 MB | 0.9/8.5 MB | 0.6/1.7 MB | 0.4/1.5 MB | 119/234 kB
Progress (5): 0.4/12 MB | 0.9/8.5 MB | 0.6/1.7 MB | 0.4/1.5 MB | 119/234 kB
Progress (5): 0.5/12 MB | 0.9/8.5 MB | 0.6/1.7 MB | 0.4/1.5 MB | 119/234 kB
Progress (5): 0.5/12 MB | 0.9/8.5 MB | 0.6/1.7 MB | 0.4/1.5 MB | 119/234 kB
Progress (5): 0.5/12 MB | 0.9/8.5 MB | 0.6/1.7 MB | 0.4/1.5 MB | 135/234 kB
Progress (5): 0.5/12 MB | 0.9/8.5 MB | 0.6/1.7 MB | 0.4/1.5 MB | 135/234 kB
Progress (5): 0.5/12 MB | 0.9/8.5 MB | 0.6/1.7 MB | 0.4/1.5 MB | 135/234 kB
Progress (5): 0.5/12 MB | 0.9/8.5 MB | 0.6/1.7 MB | 0.4/1.5 MB | 151/234 kB
Progress (5): 0.5/12 MB | 0.9/8.5 MB | 0.6/1.7 MB | 0.4/1.5 MB | 151/234 kB
Progress (5): 0.5/12 MB | 0.9/8.5 MB | 0.6/1.7 MB | 0.4/1.5 MB | 168/234 kB
Progress (5): 0.5/12 MB | 0.9/8.5 MB | 0.6/1.7 MB | 0.4/1.5 MB | 168/234 kB
Progress (5): 0.5/12 MB | 0.9/8.5 MB | 0.6/1.7 MB | 0.4/1.5 MB | 168/234 kB
Progress (5): 0.5/12 MB | 0.9/8.5 MB | 0.6/1.7 MB | 0.4/1.5 MB | 184/234 kB
Progress (5): 0.5/12 MB | 1.0/8.5 MB | 0.6/1.7 MB | 0.4/1.5 MB | 184/234 kB
Progress (5): 0.5/12 MB | 1.0/8.5 MB | 0.6/1.7 MB | 0.4/1.5 MB | 184/234 kB
Progress (5): 0.5/12 MB | 1.0/8.5 MB | 0.6/1.7 MB | 0.4/1.5 MB | 201/234 kB
Progress (5): 0.5/12 MB | 1.0/8.5 MB | 0.6/1.7 MB | 0.4/1.5 MB | 201/234 kB
Progress (5): 0.5/12 MB | 1.0/8.5 MB | 0.6/1.7 MB | 0.4/1.5 MB | 201/234 kB
Progress (5): 0.5/12 MB | 1.0/8.5 MB | 0.6/1.7 MB | 0.4/1.5 MB | 217/234 kB
Progress (5): 0.5/12 MB | 1.0/8.5 MB | 0.6/1.7 MB | 0.4/1.5 MB | 217/234 kB
Progress (5): 0.6/12 MB | 1.0/8.5 MB | 0.6/1.7 MB | 0.4/1.5 MB | 217/234 kB
Progress (5): 0.6/12 MB | 1.0/8.5 MB | 0.6/1.7 MB | 0.4/1.5 MB | 217/234 kB
Progress (5): 0.6/12 MB | 1.0/8.5 MB | 0.6/1.7 MB | 0.4/1.5 MB | 233/234 kB
Progress (5): 0.6/12 MB | 1.0/8.5 MB | 0.6/1.7 MB | 0.4/1.5 MB | 233/234 kB
Progress (5): 0.6/12 MB | 1.0/8.5 MB | 0.6/1.7 MB | 0.4/1.5 MB | 234 kB    
Progress (5): 0.6/12 MB | 1.0/8.5 MB | 0.6/1.7 MB | 0.4/1.5 MB | 234 kB
Progress (5): 0.6/12 MB | 1.0/8.5 MB | 0.6/1.7 MB | 0.4/1.5 MB | 234 kB
Progress (5): 0.6/12 MB | 1.0/8.5 MB | 0.6/1.7 MB | 0.4/1.5 MB | 234 kB
Progress (5): 0.6/12 MB | 1.0/8.5 MB | 0.6/1.7 MB | 0.4/1.5 MB | 234 kB
Progress (5): 0.6/12 MB | 1.0/8.5 MB | 0.6/1.7 MB | 0.5/1.5 MB | 234 kB
Progress (5): 0.6/12 MB | 1.0/8.5 MB | 0.6/1.7 MB | 0.5/1.5 MB | 234 kB
Progress (5): 0.6/12 MB | 1.0/8.5 MB | 0.6/1.7 MB | 0.5/1.5 MB | 234 kB
Progress (5): 0.6/12 MB | 1.0/8.5 MB | 0.6/1.7 MB | 0.5/1.5 MB | 234 kB
Progress (5): 0.6/12 MB | 1.0/8.5 MB | 0.6/1.7 MB | 0.5/1.5 MB | 234 kB
Progress (5): 0.6/12 MB | 1.0/8.5 MB | 0.6/1.7 MB | 0.5/1.5 MB | 234 kB
Progress (5): 0.6/12 MB | 1.0/8.5 MB | 0.6/1.7 MB | 0.5/1.5 MB | 234 kB
Progress (5): 0.6/12 MB | 1.0/8.5 MB | 0.6/1.7 MB | 0.5/1.5 MB | 234 kB
Progress (5): 0.6/12 MB | 1.0/8.5 MB | 0.6/1.7 MB | 0.6/1.5 MB | 234 kB
Progress (5): 0.6/12 MB | 1.0/8.5 MB | 0.6/1.7 MB | 0.6/1.5 MB | 234 kB
Progress (5): 0.6/12 MB | 1.0/8.5 MB | 0.6/1.7 MB | 0.6/1.5 MB | 234 kB
                                                                       
Downloaded from central: https://repo.maven.apache.org/maven2/org/springframework/spring-orm/6.2.1/spring-orm-6.2.1.jar (234 kB at 199 kB/s)
Downloading from central: https://repo.maven.apache.org/maven2/org/springframework/spring-context/6.2.1/spring-context-6.2.1.jar
Progress (4): 0.6/12 MB | 1.0/8.5 MB | 0.6/1.7 MB | 0.6/1.5 MB
Progress (4): 0.6/12 MB | 1.0/8.5 MB | 0.6/1.7 MB | 0.6/1.5 MB
Progress (4): 0.6/12 MB | 1.0/8.5 MB | 0.6/1.7 MB | 0.6/1.5 MB
Progress (4): 0.6/12 MB | 1.0/8.5 MB | 0.6/1.7 MB | 0.6/1.5 MB
Progress (4): 0.6/12 MB | 1.0/8.5 MB | 0.6/1.7 MB | 0.6/1.5 MB
Progress (4): 0.6/12 MB | 1.0/8.5 MB | 0.6/1.7 MB | 0.7/1.5 MB
Progress (4): 0.6/12 MB | 1.0/8.5 MB | 0.6/1.7 MB | 0.7/1.5 MB
Progress (4): 0.6/12 MB | 1.0/8.5 MB | 0.6/1.7 MB | 0.7/1.5 MB
Progress (4): 0.6/12 MB | 1.0/8.5 MB | 0.6/1.7 MB | 0.7/1.5 MB
Progress (4): 0.6/12 MB | 1.0/8.5 MB | 0.6/1.7 MB | 0.7/1.5 MB
Progress (4): 0.6/12 MB | 1.0/8.5 MB | 0.6/1.7 MB | 0.7/1.5 MB
Progress (4): 0.6/12 MB | 1.1/8.5 MB | 0.6/1.7 MB | 0.7/1.5 MB
Progress (4): 0.6/12 MB | 1.1/8.5 MB | 0.6/1.7 MB | 0.7/1.5 MB
Progress (4): 0.6/12 MB | 1.1/8.5 MB | 0.6/1.7 MB | 0.7/1.5 MB
Progress (4): 0.6/12 MB | 1.1/8.5 MB | 0.6/1.7 MB | 0.7/1.5 MB
Progress (4): 0.6/12 MB | 1.1/8.5 MB | 0.6/1.7 MB | 0.7/1.5 MB
Progress (4): 0.6/12 MB | 1.1/8.5 MB | 0.6/1.7 MB | 0.7/1.5 MB
Progress (4): 0.6/12 MB | 1.1/8.5 MB | 0.6/1.7 MB | 0.8/1.5 MB
Progress (4): 0.6/12 MB | 1.1/8.5 MB | 0.6/1.7 MB | 0.8/1.5 MB
Progress (4): 0.6/12 MB | 1.1/8.5 MB | 0.6/1.7 MB | 0.8/1.5 MB
Progress (4): 0.6/12 MB | 1.1/8.5 MB | 0.6/1.7 MB | 0.8/1.5 MB
Progress (4): 0.6/12 MB | 1.1/8.5 MB | 0.6/1.7 MB | 0.8/1.5 MB
Progress (4): 0.6/12 MB | 1.1/8.5 MB | 0.6/1.7 MB | 0.8/1.5 MB
Progress (4): 0.6/12 MB | 1.1/8.5 MB | 0.6/1.7 MB | 0.8/1.5 MB
Progress (4): 0.6/12 MB | 1.1/8.5 MB | 0.6/1.7 MB | 0.8/1.5 MB
Progress (4): 0.6/12 MB | 1.1/8.5 MB | 0.6/1.7 MB | 0.8/1.5 MB
Progress (4): 0.6/12 MB | 1.1/8.5 MB | 0.6/1.7 MB | 0.8/1.5 MB
Progress (4): 0.6/12 MB | 1.2/8.5 MB | 0.6/1.7 MB | 0.8/1.5 MB
Progress (4): 0.7/12 MB | 1.2/8.5 MB | 0.6/1.7 MB | 0.8/1.5 MB
Progress (4): 0.7/12 MB | 1.2/8.5 MB | 0.6/1.7 MB | 0.8/1.5 MB
Progress (4): 0.7/12 MB | 1.2/8.5 MB | 0.6/1.7 MB | 0.8/1.5 MB
Progress (4): 0.7/12 MB | 1.2/8.5 MB | 0.6/1.7 MB | 0.8/1.5 MB
Progress (4): 0.7/12 MB | 1.2/8.5 MB | 0.6/1.7 MB | 0.8/1.5 MB
Progress (4): 0.7/12 MB | 1.2/8.5 MB | 0.7/1.7 MB | 0.8/1.5 MB
Progress (4): 0.7/12 MB | 1.2/8.5 MB | 0.7/1.7 MB | 0.8/1.5 MB
Progress (4): 0.7/12 MB | 1.2/8.5 MB | 0.7/1.7 MB | 0.8/1.5 MB
Progress (4): 0.7/12 MB | 1.2/8.5 MB | 0.7/1.7 MB | 0.9/1.5 MB
Progress (4): 0.7/12 MB | 1.2/8.5 MB | 0.7/1.7 MB | 0.9/1.5 MB
Progress (4): 0.7/12 MB | 1.2/8.5 MB | 0.7/1.7 MB | 0.9/1.5 MB
Progress (4): 0.7/12 MB | 1.2/8.5 MB | 0.7/1.7 MB | 0.9/1.5 MB
Progress (4): 0.7/12 MB | 1.2/8.5 MB | 0.7/1.7 MB | 0.9/1.5 MB
Progress (4): 0.7/12 MB | 1.2/8.5 MB | 0.7/1.7 MB | 0.9/1.5 MB
Progress (4): 0.7/12 MB | 1.2/8.5 MB | 0.7/1.7 MB | 0.9/1.5 MB
Progress (4): 0.7/12 MB | 1.2/8.5 MB | 0.7/1.7 MB | 0.9/1.5 MB
Progress (4): 0.7/12 MB | 1.2/8.5 MB | 0.7/1.7 MB | 0.9/1.5 MB
Progress (4): 0.7/12 MB | 1.2/8.5 MB | 0.7/1.7 MB | 0.9/1.5 MB
Progress (4): 0.8/12 MB | 1.2/8.5 MB | 0.7/1.7 MB | 0.9/1.5 MB
Progress (4): 0.8/12 MB | 1.2/8.5 MB | 0.8/1.7 MB | 0.9/1.5 MB
Progress (4): 0.8/12 MB | 1.2/8.5 MB | 0.8/1.7 MB | 0.9/1.5 MB
Progress (4): 0.8/12 MB | 1.2/8.5 MB | 0.8/1.7 MB | 0.9/1.5 MB
Progress (4): 0.8/12 MB | 1.2/8.5 MB | 0.8/1.7 MB | 0.9/1.5 MB
Progress (4): 0.8/12 MB | 1.2/8.5 MB | 0.8/1.7 MB | 0.9/1.5 MB
Progress (4): 0.8/12 MB | 1.2/8.5 MB | 0.8/1.7 MB | 0.9/1.5 MB
Progress (4): 0.8/12 MB | 1.2/8.5 MB | 0.8/1.7 MB | 0.9/1.5 MB
Progress (4): 0.8/12 MB | 1.2/8.5 MB | 0.8/1.7 MB | 0.9/1.5 MB
Progress (4): 0.8/12 MB | 1.2/8.5 MB | 0.8/1.7 MB | 0.9/1.5 MB
Progress (4): 0.8/12 MB | 1.2/8.5 MB | 0.8/1.7 MB | 0.9/1.5 MB
Progress (4): 0.8/12 MB | 1.2/8.5 MB | 0.8/1.7 MB | 0.9/1.5 MB
Progress (4): 0.8/12 MB | 1.2/8.5 MB | 0.9/1.7 MB | 0.9/1.5 MB
Progress (4): 0.8/12 MB | 1.2/8.5 MB | 0.9/1.7 MB | 0.9/1.5 MB
Progress (4): 0.8/12 MB | 1.2/8.5 MB | 0.9/1.7 MB | 0.9/1.5 MB
Progress (4): 0.8/12 MB | 1.2/8.5 MB | 0.9/1.7 MB | 0.9/1.5 MB
Progress (4): 0.8/12 MB | 1.2/8.5 MB | 0.9/1.7 MB | 0.9/1.5 MB
Progress (4): 0.8/12 MB | 1.2/8.5 MB | 0.9/1.7 MB | 0.9/1.5 MB
Progress (4): 0.8/12 MB | 1.2/8.5 MB | 0.9/1.7 MB | 0.9/1.5 MB
Progress (4): 0.8/12 MB | 1.2/8.5 MB | 1.0/1.7 MB | 0.9/1.5 MB
Progress (4): 0.8/12 MB | 1.2/8.5 MB | 1.0/1.7 MB | 0.9/1.5 MB
Progress (4): 0.8/12 MB | 1.2/8.5 MB | 1.0/1.7 MB | 0.9/1.5 MB
Progress (4): 0.8/12 MB | 1.2/8.5 MB | 1.0/1.7 MB | 0.9/1.5 MB
Progress (4): 0.8/12 MB | 1.2/8.5 MB | 1.0/1.7 MB | 0.9/1.5 MB
Progress (4): 0.8/12 MB | 1.2/8.5 MB | 1.0/1.7 MB | 0.9/1.5 MB
Progress (4): 0.8/12 MB | 1.2/8.5 MB | 1.0/1.7 MB | 1.0/1.5 MB
Progress (4): 0.8/12 MB | 1.2/8.5 MB | 1.0/1.7 MB | 1.0/1.5 MB
Progress (4): 0.8/12 MB | 1.2/8.5 MB | 1.0/1.7 MB | 1.0/1.5 MB
Progress (4): 0.8/12 MB | 1.2/8.5 MB | 1.0/1.7 MB | 1.0/1.5 MB
Progress (4): 0.8/12 MB | 1.2/8.5 MB | 1.0/1.7 MB | 1.0/1.5 MB
Progress (4): 0.9/12 MB | 1.2/8.5 MB | 1.0/1.7 MB | 1.0/1.5 MB
Progress (4): 0.9/12 MB | 1.2/8.5 MB | 1.0/1.7 MB | 1.0/1.5 MB
Progress (4): 0.9/12 MB | 1.2/8.5 MB | 1.0/1.7 MB | 1.0/1.5 MB
Progress (4): 0.9/12 MB | 1.2/8.5 MB | 1.0/1.7 MB | 1.0/1.5 MB
Progress (4): 0.9/12 MB | 1.2/8.5 MB | 1.0/1.7 MB | 1.0/1.5 MB
Progress (4): 0.9/12 MB | 1.2/8.5 MB | 1.0/1.7 MB | 1.1/1.5 MB
Progress (4): 0.9/12 MB | 1.2/8.5 MB | 1.0/1.7 MB | 1.1/1.5 MB
Progress (4): 0.9/12 MB | 1.2/8.5 MB | 1.0/1.7 MB | 1.1/1.5 MB
Progress (4): 0.9/12 MB | 1.2/8.5 MB | 1.0/1.7 MB | 1.1/1.5 MB
Progress (4): 0.9/12 MB | 1.2/8.5 MB | 1.0/1.7 MB | 1.1/1.5 MB
Progress (4): 0.9/12 MB | 1.2/8.5 MB | 1.0/1.7 MB | 1.1/1.5 MB
Progress (4): 0.9/12 MB | 1.2/8.5 MB | 1.0/1.7 MB | 1.1/1.5 MB
Progress (4): 0.9/12 MB | 1.2/8.5 MB | 1.0/1.7 MB | 1.1/1.5 MB
Progress (4): 0.9/12 MB | 1.2/8.5 MB | 1.0/1.7 MB | 1.1/1.5 MB
Progress (4): 0.9/12 MB | 1.2/8.5 MB | 1.0/1.7 MB | 1.1/1.5 MB
Progress (5): 0.9/12 MB | 1.2/8.5 MB | 1.0/1.7 MB | 1.1/1.5 MB | 0/1.4 MB
Progress (5): 0.9/12 MB | 1.2/8.5 MB | 1.0/1.7 MB | 1.1/1.5 MB | 0/1.4 MB
Progress (5): 0.9/12 MB | 1.2/8.5 MB | 1.0/1.7 MB | 1.1/1.5 MB | 0/1.4 MB
Progress (5): 0.9/12 MB | 1.2/8.5 MB | 1.0/1.7 MB | 1.1/1.5 MB | 0/1.4 MB
Progress (5): 0.9/12 MB | 1.2/8.5 MB | 1.0/1.7 MB | 1.1/1.5 MB | 0/1.4 MB
Progress (5): 0.9/12 MB | 1.2/8.5 MB | 1.0/1.7 MB | 1.1/1.5 MB | 0.1/1.4 MB
Progress (5): 0.9/12 MB | 1.2/8.5 MB | 1.0/1.7 MB | 1.1/1.5 MB | 0.1/1.4 MB
Progress (5): 0.9/12 MB | 1.2/8.5 MB | 1.0/1.7 MB | 1.1/1.5 MB | 0.1/1.4 MB
Progress (5): 0.9/12 MB | 1.2/8.5 MB | 1.0/1.7 MB | 1.1/1.5 MB | 0.1/1.4 MB
Progress (5): 0.9/12 MB | 1.2/8.5 MB | 1.0/1.7 MB | 1.1/1.5 MB | 0.1/1.4 MB
Progress (5): 0.9/12 MB | 1.2/8.5 MB | 1.0/1.7 MB | 1.1/1.5 MB | 0.1/1.4 MB
Progress (5): 0.9/12 MB | 1.2/8.5 MB | 1.0/1.7 MB | 1.1/1.5 MB | 0.1/1.4 MB
Progress (5): 0.9/12 MB | 1.2/8.5 MB | 1.0/1.7 MB | 1.1/1.5 MB | 0.2/1.4 MB
Progress (5): 0.9/12 MB | 1.3/8.5 MB | 1.0/1.7 MB | 1.1/1.5 MB | 0.2/1.4 MB
Progress (5): 0.9/12 MB | 1.3/8.5 MB | 1.0/1.7 MB | 1.1/1.5 MB | 0.2/1.4 MB
Progress (5): 0.9/12 MB | 1.3/8.5 MB | 1.0/1.7 MB | 1.1/1.5 MB | 0.2/1.4 MB
Progress (5): 0.9/12 MB | 1.3/8.5 MB | 1.0/1.7 MB | 1.1/1.5 MB | 0.2/1.4 MB
Progress (5): 0.9/12 MB | 1.3/8.5 MB | 1.0/1.7 MB | 1.1/1.5 MB | 0.2/1.4 MB
Progress (5): 0.9/12 MB | 1.3/8.5 MB | 1.0/1.7 MB | 1.2/1.5 MB | 0.2/1.4 MB
Progress (5): 0.9/12 MB | 1.3/8.5 MB | 1.0/1.7 MB | 1.2/1.5 MB | 0.2/1.4 MB
Progress (5): 0.9/12 MB | 1.3/8.5 MB | 1.0/1.7 MB | 1.2/1.5 MB | 0.2/1.4 MB
Progress (5): 0.9/12 MB | 1.3/8.5 MB | 1.0/1.7 MB | 1.2/1.5 MB | 0.2/1.4 MB
Progress (5): 0.9/12 MB | 1.3/8.5 MB | 1.0/1.7 MB | 1.2/1.5 MB | 0.2/1.4 MB
Progress (5): 0.9/12 MB | 1.3/8.5 MB | 1.0/1.7 MB | 1.2/1.5 MB | 0.2/1.4 MB
Progress (5): 0.9/12 MB | 1.3/8.5 MB | 1.0/1.7 MB | 1.2/1.5 MB | 0.2/1.4 MB
Progress (5): 0.9/12 MB | 1.3/8.5 MB | 1.0/1.7 MB | 1.2/1.5 MB | 0.2/1.4 MB
Progress (5): 0.9/12 MB | 1.3/8.5 MB | 1.0/1.7 MB | 1.2/1.5 MB | 0.3/1.4 MB
Progress (5): 1.0/12 MB | 1.3/8.5 MB | 1.0/1.7 MB | 1.2/1.5 MB | 0.3/1.4 MB
Progress (5): 1.0/12 MB | 1.3/8.5 MB | 1.0/1.7 MB | 1.2/1.5 MB | 0.3/1.4 MB
Progress (5): 1.0/12 MB | 1.3/8.5 MB | 1.0/1.7 MB | 1.2/1.5 MB | 0.3/1.4 MB
Progress (5): 1.0/12 MB | 1.3/8.5 MB | 1.0/1.7 MB | 1.2/1.5 MB | 0.3/1.4 MB
Progress (5): 1.0/12 MB | 1.3/8.5 MB | 1.0/1.7 MB | 1.2/1.5 MB | 0.3/1.4 MB
Progress (5): 1.0/12 MB | 1.3/8.5 MB | 1.0/1.7 MB | 1.2/1.5 MB | 0.3/1.4 MB
Progress (5): 1.0/12 MB | 1.3/8.5 MB | 1.0/1.7 MB | 1.2/1.5 MB | 0.3/1.4 MB
Progress (5): 1.0/12 MB | 1.3/8.5 MB | 1.1/1.7 MB | 1.2/1.5 MB | 0.3/1.4 MB
Progress (5): 1.0/12 MB | 1.3/8.5 MB | 1.1/1.7 MB | 1.2/1.5 MB | 0.3/1.4 MB
Progress (5): 1.0/12 MB | 1.3/8.5 MB | 1.1/1.7 MB | 1.2/1.5 MB | 0.3/1.4 MB
Progress (5): 1.0/12 MB | 1.3/8.5 MB | 1.1/1.7 MB | 1.2/1.5 MB | 0.3/1.4 MB
Progress (5): 1.0/12 MB | 1.3/8.5 MB | 1.1/1.7 MB | 1.2/1.5 MB | 0.3/1.4 MB
Progress (5): 1.0/12 MB | 1.3/8.5 MB | 1.1/1.7 MB | 1.2/1.5 MB | 0.3/1.4 MB
Progress (5): 1.0/12 MB | 1.3/8.5 MB | 1.1/1.7 MB | 1.2/1.5 MB | 0.3/1.4 MB
Progress (5): 1.1/12 MB | 1.3/8.5 MB | 1.1/1.7 MB | 1.2/1.5 MB | 0.3/1.4 MB
Progress (5): 1.1/12 MB | 1.3/8.5 MB | 1.1/1.7 MB | 1.2/1.5 MB | 0.3/1.4 MB
Progress (5): 1.1/12 MB | 1.3/8.5 MB | 1.1/1.7 MB | 1.2/1.5 MB | 0.3/1.4 MB
Progress (5): 1.1/12 MB | 1.3/8.5 MB | 1.1/1.7 MB | 1.2/1.5 MB | 0.3/1.4 MB
Progress (5): 1.1/12 MB | 1.3/8.5 MB | 1.1/1.7 MB | 1.2/1.5 MB | 0.3/1.4 MB
Progress (5): 1.1/12 MB | 1.3/8.5 MB | 1.1/1.7 MB | 1.2/1.5 MB | 0.3/1.4 MB
Progress (5): 1.1/12 MB | 1.3/8.5 MB | 1.1/1.7 MB | 1.2/1.5 MB | 0.3/1.4 MB
Progress (5): 1.1/12 MB | 1.3/8.5 MB | 1.1/1.7 MB | 1.2/1.5 MB | 0.3/1.4 MB
Progress (5): 1.2/12 MB | 1.3/8.5 MB | 1.1/1.7 MB | 1.2/1.5 MB | 0.3/1.4 MB
Progress (5): 1.2/12 MB | 1.3/8.5 MB | 1.1/1.7 MB | 1.2/1.5 MB | 0.3/1.4 MB
Progress (5): 1.2/12 MB | 1.3/8.5 MB | 1.1/1.7 MB | 1.2/1.5 MB | 0.3/1.4 MB
Progress (5): 1.2/12 MB | 1.3/8.5 MB | 1.1/1.7 MB | 1.2/1.5 MB | 0.3/1.4 MB
Progress (5): 1.2/12 MB | 1.3/8.5 MB | 1.1/1.7 MB | 1.2/1.5 MB | 0.3/1.4 MB
Progress (5): 1.2/12 MB | 1.3/8.5 MB | 1.1/1.7 MB | 1.2/1.5 MB | 0.3/1.4 MB
Progress (5): 1.2/12 MB | 1.3/8.5 MB | 1.1/1.7 MB | 1.2/1.5 MB | 0.3/1.4 MB
Progress (5): 1.2/12 MB | 1.3/8.5 MB | 1.1/1.7 MB | 1.3/1.5 MB | 0.3/1.4 MB
Progress (5): 1.2/12 MB | 1.3/8.5 MB | 1.1/1.7 MB | 1.3/1.5 MB | 0.3/1.4 MB
Progress (5): 1.2/12 MB | 1.3/8.5 MB | 1.1/1.7 MB | 1.3/1.5 MB | 0.3/1.4 MB
Progress (5): 1.2/12 MB | 1.4/8.5 MB | 1.1/1.7 MB | 1.3/1.5 MB | 0.3/1.4 MB
Progress (5): 1.2/12 MB | 1.4/8.5 MB | 1.1/1.7 MB | 1.3/1.5 MB | 0.3/1.4 MB
Progress (5): 1.2/12 MB | 1.4/8.5 MB | 1.1/1.7 MB | 1.3/1.5 MB | 0.3/1.4 MB
Progress (5): 1.2/12 MB | 1.4/8.5 MB | 1.1/1.7 MB | 1.3/1.5 MB | 0.3/1.4 MB
Progress (5): 1.2/12 MB | 1.4/8.5 MB | 1.1/1.7 MB | 1.3/1.5 MB | 0.3/1.4 MB
Progress (5): 1.2/12 MB | 1.4/8.5 MB | 1.1/1.7 MB | 1.3/1.5 MB | 0.3/1.4 MB
Progress (5): 1.2/12 MB | 1.4/8.5 MB | 1.1/1.7 MB | 1.3/1.5 MB | 0.3/1.4 MB
Progress (5): 1.2/12 MB | 1.4/8.5 MB | 1.1/1.7 MB | 1.3/1.5 MB | 0.3/1.4 MB
Progress (5): 1.2/12 MB | 1.4/8.5 MB | 1.1/1.7 MB | 1.3/1.5 MB | 0.3/1.4 MB
Progress (5): 1.2/12 MB | 1.4/8.5 MB | 1.1/1.7 MB | 1.3/1.5 MB | 0.3/1.4 MB
Progress (5): 1.2/12 MB | 1.4/8.5 MB | 1.1/1.7 MB | 1.3/1.5 MB | 0.3/1.4 MB
Progress (5): 1.2/12 MB | 1.4/8.5 MB | 1.1/1.7 MB | 1.3/1.5 MB | 0.3/1.4 MB
Progress (5): 1.2/12 MB | 1.4/8.5 MB | 1.1/1.7 MB | 1.3/1.5 MB | 0.3/1.4 MB
Progress (5): 1.2/12 MB | 1.4/8.5 MB | 1.1/1.7 MB | 1.3/1.5 MB | 0.3/1.4 MB
Progress (5): 1.2/12 MB | 1.4/8.5 MB | 1.1/1.7 MB | 1.3/1.5 MB | 0.3/1.4 MB
Progress (5): 1.2/12 MB | 1.4/8.5 MB | 1.1/1.7 MB | 1.3/1.5 MB | 0.3/1.4 MB
Progress (5): 1.2/12 MB | 1.4/8.5 MB | 1.1/1.7 MB | 1.3/1.5 MB | 0.4/1.4 MB
Progress (5): 1.2/12 MB | 1.4/8.5 MB | 1.1/1.7 MB | 1.3/1.5 MB | 0.4/1.4 MB
Progress (5): 1.2/12 MB | 1.4/8.5 MB | 1.1/1.7 MB | 1.4/1.5 MB | 0.4/1.4 MB
Progress (5): 1.2/12 MB | 1.4/8.5 MB | 1.1/1.7 MB | 1.4/1.5 MB | 0.4/1.4 MB
Progress (5): 1.3/12 MB | 1.4/8.5 MB | 1.1/1.7 MB | 1.4/1.5 MB | 0.4/1.4 MB
Progress (5): 1.3/12 MB | 1.4/8.5 MB | 1.1/1.7 MB | 1.4/1.5 MB | 0.4/1.4 MB
Progress (5): 1.3/12 MB | 1.4/8.5 MB | 1.1/1.7 MB | 1.4/1.5 MB | 0.4/1.4 MB
Progress (5): 1.3/12 MB | 1.4/8.5 MB | 1.1/1.7 MB | 1.4/1.5 MB | 0.4/1.4 MB
Progress (5): 1.3/12 MB | 1.4/8.5 MB | 1.1/1.7 MB | 1.4/1.5 MB | 0.4/1.4 MB
Progress (5): 1.3/12 MB | 1.4/8.5 MB | 1.1/1.7 MB | 1.4/1.5 MB | 0.4/1.4 MB
Progress (5): 1.3/12 MB | 1.4/8.5 MB | 1.1/1.7 MB | 1.4/1.5 MB | 0.4/1.4 MB
Progress (5): 1.3/12 MB | 1.4/8.5 MB | 1.1/1.7 MB | 1.4/1.5 MB | 0.4/1.4 MB
Progress (5): 1.3/12 MB | 1.4/8.5 MB | 1.2/1.7 MB | 1.4/1.5 MB | 0.4/1.4 MB
Progress (5): 1.3/12 MB | 1.4/8.5 MB | 1.2/1.7 MB | 1.4/1.5 MB | 0.4/1.4 MB
Progress (5): 1.3/12 MB | 1.4/8.5 MB | 1.2/1.7 MB | 1.4/1.5 MB | 0.4/1.4 MB
Progress (5): 1.3/12 MB | 1.4/8.5 MB | 1.2/1.7 MB | 1.4/1.5 MB | 0.4/1.4 MB
Progress (5): 1.3/12 MB | 1.4/8.5 MB | 1.2/1.7 MB | 1.4/1.5 MB | 0.4/1.4 MB
Progress (5): 1.3/12 MB | 1.4/8.5 MB | 1.2/1.7 MB | 1.4/1.5 MB | 0.4/1.4 MB
Progress (5): 1.3/12 MB | 1.4/8.5 MB | 1.2/1.7 MB | 1.4/1.5 MB | 0.4/1.4 MB
Progress (5): 1.3/12 MB | 1.4/8.5 MB | 1.2/1.7 MB | 1.4/1.5 MB | 0.4/1.4 MB
Progress (5): 1.3/12 MB | 1.4/8.5 MB | 1.2/1.7 MB | 1.4/1.5 MB | 0.4/1.4 MB
Progress (5): 1.3/12 MB | 1.4/8.5 MB | 1.2/1.7 MB | 1.4/1.5 MB | 0.4/1.4 MB
Progress (5): 1.3/12 MB | 1.4/8.5 MB | 1.2/1.7 MB | 1.4/1.5 MB | 0.5/1.4 MB
Progress (5): 1.3/12 MB | 1.4/8.5 MB | 1.2/1.7 MB | 1.5/1.5 MB | 0.5/1.4 MB
Progress (5): 1.3/12 MB | 1.4/8.5 MB | 1.2/1.7 MB | 1.5/1.5 MB | 0.5/1.4 MB
Progress (5): 1.3/12 MB | 1.4/8.5 MB | 1.2/1.7 MB | 1.5/1.5 MB | 0.5/1.4 MB
Progress (5): 1.3/12 MB | 1.4/8.5 MB | 1.2/1.7 MB | 1.5/1.5 MB | 0.5/1.4 MB
Progress (5): 1.3/12 MB | 1.4/8.5 MB | 1.2/1.7 MB | 1.5/1.5 MB | 0.5/1.4 MB
Progress (5): 1.3/12 MB | 1.4/8.5 MB | 1.2/1.7 MB | 1.5/1.5 MB | 0.5/1.4 MB
Progress (5): 1.3/12 MB | 1.4/8.5 MB | 1.2/1.7 MB | 1.5/1.5 MB | 0.5/1.4 MB
Progress (5): 1.3/12 MB | 1.4/8.5 MB | 1.2/1.7 MB | 1.5/1.5 MB | 0.5/1.4 MB
Progress (5): 1.3/12 MB | 1.4/8.5 MB | 1.2/1.7 MB | 1.5/1.5 MB | 0.5/1.4 MB
Progress (5): 1.3/12 MB | 1.5/8.5 MB | 1.2/1.7 MB | 1.5/1.5 MB | 0.5/1.4 MB
Progress (5): 1.3/12 MB | 1.5/8.5 MB | 1.2/1.7 MB | 1.5/1.5 MB | 0.5/1.4 MB
Progress (5): 1.4/12 MB | 1.5/8.5 MB | 1.2/1.7 MB | 1.5/1.5 MB | 0.5/1.4 MB
Progress (5): 1.4/12 MB | 1.5/8.5 MB | 1.2/1.7 MB | 1.5/1.5 MB | 0.5/1.4 MB
Progress (5): 1.4/12 MB | 1.5/8.5 MB | 1.2/1.7 MB | 1.5 MB | 0.5/1.4 MB    
Progress (5): 1.4/12 MB | 1.5/8.5 MB | 1.2/1.7 MB | 1.5 MB | 0.5/1.4 MB
Progress (5): 1.4/12 MB | 1.5/8.5 MB | 1.2/1.7 MB | 1.5 MB | 0.5/1.4 MB
Progress (5): 1.4/12 MB | 1.5/8.5 MB | 1.2/1.7 MB | 1.5 MB | 0.5/1.4 MB
Progress (5): 1.4/12 MB | 1.5/8.5 MB | 1.2/1.7 MB | 1.5 MB | 0.5/1.4 MB
                                                                       
Downloaded from central: https://repo.maven.apache.org/maven2/org/springframework/data/spring-data-commons/3.4.1/spring-data-commons-3.4.1.jar (1.5 MB at 852 kB/s)
Downloading from central: https://repo.maven.apache.org/maven2/org/springframework/spring-tx/6.2.1/spring-tx-6.2.1.jar
Progress (4): 1.4/12 MB | 1.5/8.5 MB | 1.2/1.7 MB | 0.5/1.4 MB
Progress (4): 1.4/12 MB | 1.5/8.5 MB | 1.2/1.7 MB | 0.5/1.4 MB
Progress (4): 1.4/12 MB | 1.5/8.5 MB | 1.2/1.7 MB | 0.5/1.4 MB
Progress (4): 1.4/12 MB | 1.5/8.5 MB | 1.2/1.7 MB | 0.5/1.4 MB
Progress (4): 1.4/12 MB | 1.5/8.5 MB | 1.2/1.7 MB | 0.6/1.4 MB
Progress (4): 1.4/12 MB | 1.5/8.5 MB | 1.2/1.7 MB | 0.6/1.4 MB
Progress (4): 1.4/12 MB | 1.5/8.5 MB | 1.2/1.7 MB | 0.6/1.4 MB
Progress (4): 1.4/12 MB | 1.5/8.5 MB | 1.2/1.7 MB | 0.6/1.4 MB
Progress (4): 1.4/12 MB | 1.5/8.5 MB | 1.2/1.7 MB | 0.6/1.4 MB
Progress (4): 1.4/12 MB | 1.5/8.5 MB | 1.2/1.7 MB | 0.6/1.4 MB
Progress (4): 1.5/12 MB | 1.5/8.5 MB | 1.2/1.7 MB | 0.6/1.4 MB
Progress (4): 1.5/12 MB | 1.5/8.5 MB | 1.2/1.7 MB | 0.6/1.4 MB
Progress (4): 1.5/12 MB | 1.5/8.5 MB | 1.2/1.7 MB | 0.6/1.4 MB
Progress (4): 1.5/12 MB | 1.5/8.5 MB | 1.2/1.7 MB | 0.6/1.4 MB
Progress (4): 1.5/12 MB | 1.5/8.5 MB | 1.2/1.7 MB | 0.6/1.4 MB
Progress (4): 1.5/12 MB | 1.5/8.5 MB | 1.2/1.7 MB | 0.6/1.4 MB
Progress (4): 1.5/12 MB | 1.5/8.5 MB | 1.2/1.7 MB | 0.6/1.4 MB
Progress (4): 1.5/12 MB | 1.5/8.5 MB | 1.2/1.7 MB | 0.6/1.4 MB
Progress (4): 1.5/12 MB | 1.5/8.5 MB | 1.2/1.7 MB | 0.6/1.4 MB
Progress (4): 1.5/12 MB | 1.5/8.5 MB | 1.2/1.7 MB | 0.6/1.4 MB
Progress (4): 1.5/12 MB | 1.5/8.5 MB | 1.2/1.7 MB | 0.6/1.4 MB
Progress (4): 1.5/12 MB | 1.5/8.5 MB | 1.2/1.7 MB | 0.6/1.4 MB
Progress (4): 1.5/12 MB | 1.5/8.5 MB | 1.3/1.7 MB | 0.6/1.4 MB
Progress (4): 1.5/12 MB | 1.5/8.5 MB | 1.3/1.7 MB | 0.6/1.4 MB
Progress (4): 1.5/12 MB | 1.5/8.5 MB | 1.3/1.7 MB | 0.6/1.4 MB
Progress (4): 1.5/12 MB | 1.5/8.5 MB | 1.3/1.7 MB | 0.6/1.4 MB
Progress (4): 1.6/12 MB | 1.5/8.5 MB | 1.3/1.7 MB | 0.6/1.4 MB
Progress (4): 1.6/12 MB | 1.5/8.5 MB | 1.3/1.7 MB | 0.7/1.4 MB
Progress (4): 1.6/12 MB | 1.5/8.5 MB | 1.3/1.7 MB | 0.7/1.4 MB
Progress (4): 1.6/12 MB | 1.5/8.5 MB | 1.3/1.7 MB | 0.7/1.4 MB
Progress (4): 1.6/12 MB | 1.5/8.5 MB | 1.3/1.7 MB | 0.7/1.4 MB
Progress (4): 1.6/12 MB | 1.5/8.5 MB | 1.3/1.7 MB | 0.7/1.4 MB
Progress (4): 1.6/12 MB | 1.5/8.5 MB | 1.3/1.7 MB | 0.7/1.4 MB
Progress (4): 1.6/12 MB | 1.5/8.5 MB | 1.3/1.7 MB | 0.7/1.4 MB
Progress (4): 1.6/12 MB | 1.5/8.5 MB | 1.3/1.7 MB | 0.7/1.4 MB
Progress (4): 1.6/12 MB | 1.5/8.5 MB | 1.3/1.7 MB | 0.7/1.4 MB
Progress (4): 1.6/12 MB | 1.6/8.5 MB | 1.3/1.7 MB | 0.7/1.4 MB
Progress (4): 1.6/12 MB | 1.6/8.5 MB | 1.3/1.7 MB | 0.7/1.4 MB
Progress (4): 1.6/12 MB | 1.6/8.5 MB | 1.3/1.7 MB | 0.7/1.4 MB
Progress (4): 1.6/12 MB | 1.6/8.5 MB | 1.3/1.7 MB | 0.7/1.4 MB
Progress (4): 1.7/12 MB | 1.6/8.5 MB | 1.3/1.7 MB | 0.7/1.4 MB
Progress (4): 1.7/12 MB | 1.6/8.5 MB | 1.3/1.7 MB | 0.7/1.4 MB
Progress (4): 1.7/12 MB | 1.6/8.5 MB | 1.3/1.7 MB | 0.7/1.4 MB
Progress (4): 1.7/12 MB | 1.6/8.5 MB | 1.3/1.7 MB | 0.8/1.4 MB
Progress (4): 1.7/12 MB | 1.6/8.5 MB | 1.3/1.7 MB | 0.8/1.4 MB
Progress (4): 1.7/12 MB | 1.6/8.5 MB | 1.3/1.7 MB | 0.8/1.4 MB
Progress (4): 1.7/12 MB | 1.6/8.5 MB | 1.3/1.7 MB | 0.8/1.4 MB
Progress (4): 1.7/12 MB | 1.6/8.5 MB | 1.3/1.7 MB | 0.8/1.4 MB
Progress (4): 1.7/12 MB | 1.6/8.5 MB | 1.3/1.7 MB | 0.8/1.4 MB
Progress (4): 1.7/12 MB | 1.6/8.5 MB | 1.3/1.7 MB | 0.8/1.4 MB
Progress (4): 1.7/12 MB | 1.6/8.5 MB | 1.3/1.7 MB | 0.8/1.4 MB
Progress (4): 1.7/12 MB | 1.6/8.5 MB | 1.3/1.7 MB | 0.8/1.4 MB
Progress (4): 1.7/12 MB | 1.6/8.5 MB | 1.3/1.7 MB | 0.8/1.4 MB
Progress (4): 1.7/12 MB | 1.6/8.5 MB | 1.3/1.7 MB | 0.8/1.4 MB
Progress (4): 1.7/12 MB | 1.6/8.5 MB | 1.3/1.7 MB | 0.8/1.4 MB
Progress (4): 1.7/12 MB | 1.6/8.5 MB | 1.3/1.7 MB | 0.9/1.4 MB
Progress (4): 1.7/12 MB | 1.6/8.5 MB | 1.3/1.7 MB | 0.9/1.4 MB
Progress (4): 1.7/12 MB | 1.6/8.5 MB | 1.3/1.7 MB | 0.9/1.4 MB
Progress (4): 1.7/12 MB | 1.6/8.5 MB | 1.3/1.7 MB | 0.9/1.4 MB
Progress (4): 1.7/12 MB | 1.6/8.5 MB | 1.3/1.7 MB | 0.9/1.4 MB
Progress (4): 1.7/12 MB | 1.6/8.5 MB | 1.3/1.7 MB | 0.9/1.4 MB
Progress (5): 1.7/12 MB | 1.6/8.5 MB | 1.3/1.7 MB | 0.9/1.4 MB | 7.7/285 kB
Progress (5): 1.7/12 MB | 1.6/8.5 MB | 1.3/1.7 MB | 0.9/1.4 MB | 16/285 kB 
Progress (5): 1.7/12 MB | 1.6/8.5 MB | 1.3/1.7 MB | 0.9/1.4 MB | 25/285 kB
Progress (5): 1.7/12 MB | 1.6/8.5 MB | 1.3/1.7 MB | 0.9/1.4 MB | 25/285 kB
Progress (5): 1.7/12 MB | 1.6/8.5 MB | 1.4/1.7 MB | 0.9/1.4 MB | 25/285 kB
Progress (5): 1.7/12 MB | 1.6/8.5 MB | 1.4/1.7 MB | 0.9/1.4 MB | 25/285 kB
Progress (5): 1.7/12 MB | 1.6/8.5 MB | 1.4/1.7 MB | 0.9/1.4 MB | 41/285 kB
Progress (5): 1.7/12 MB | 1.6/8.5 MB | 1.4/1.7 MB | 0.9/1.4 MB | 41/285 kB
Progress (5): 1.7/12 MB | 1.6/8.5 MB | 1.4/1.7 MB | 0.9/1.4 MB | 41/285 kB
Progress (5): 1.7/12 MB | 1.6/8.5 MB | 1.4/1.7 MB | 0.9/1.4 MB | 57/285 kB
Progress (5): 1.7/12 MB | 1.6/8.5 MB | 1.4/1.7 MB | 0.9/1.4 MB | 57/285 kB
Progress (5): 1.7/12 MB | 1.7/8.5 MB | 1.4/1.7 MB | 0.9/1.4 MB | 57/285 kB
Progress (5): 1.7/12 MB | 1.7/8.5 MB | 1.4/1.7 MB | 0.9/1.4 MB | 57/285 kB
Progress (5): 1.7/12 MB | 1.7/8.5 MB | 1.4/1.7 MB | 1.0/1.4 MB | 57/285 kB
Progress (5): 1.7/12 MB | 1.7/8.5 MB | 1.4/1.7 MB | 1.0/1.4 MB | 74/285 kB
Progress (5): 1.7/12 MB | 1.7/8.5 MB | 1.4/1.7 MB | 1.0/1.4 MB | 74/285 kB
Progress (5): 1.7/12 MB | 1.7/8.5 MB | 1.4/1.7 MB | 1.0/1.4 MB | 90/285 kB
Progress (5): 1.7/12 MB | 1.7/8.5 MB | 1.4/1.7 MB | 1.0/1.4 MB | 90/285 kB
Progress (5): 1.7/12 MB | 1.7/8.5 MB | 1.4/1.7 MB | 1.0/1.4 MB | 90/285 kB
Progress (5): 1.7/12 MB | 1.7/8.5 MB | 1.4/1.7 MB | 1.0/1.4 MB | 106/285 kB
Progress (5): 1.7/12 MB | 1.7/8.5 MB | 1.4/1.7 MB | 1.0/1.4 MB | 106/285 kB
Progress (5): 1.7/12 MB | 1.7/8.5 MB | 1.4/1.7 MB | 1.0/1.4 MB | 123/285 kB
Progress (5): 1.7/12 MB | 1.7/8.5 MB | 1.4/1.7 MB | 1.0/1.4 MB | 123/285 kB
Progress (5): 1.7/12 MB | 1.7/8.5 MB | 1.4/1.7 MB | 1.0/1.4 MB | 123/285 kB
Progress (5): 1.7/12 MB | 1.7/8.5 MB | 1.4/1.7 MB | 1.0/1.4 MB | 123/285 kB
Progress (5): 1.7/12 MB | 1.7/8.5 MB | 1.4/1.7 MB | 1.0/1.4 MB | 139/285 kB
Progress (5): 1.7/12 MB | 1.7/8.5 MB | 1.4/1.7 MB | 1.0/1.4 MB | 139/285 kB
Progress (5): 1.7/12 MB | 1.7/8.5 MB | 1.4/1.7 MB | 1.0/1.4 MB | 156/285 kB
Progress (5): 1.7/12 MB | 1.7/8.5 MB | 1.4/1.7 MB | 1.0/1.4 MB | 156/285 kB
Progress (5): 1.7/12 MB | 1.7/8.5 MB | 1.4/1.7 MB | 1.0/1.4 MB | 156/285 kB
Progress (5): 1.7/12 MB | 1.7/8.5 MB | 1.4/1.7 MB | 1.0/1.4 MB | 172/285 kB
Progress (5): 1.7/12 MB | 1.7/8.5 MB | 1.4/1.7 MB | 1.1/1.4 MB | 172/285 kB
Progress (5): 1.7/12 MB | 1.7/8.5 MB | 1.4/1.7 MB | 1.1/1.4 MB | 172/285 kB
Progress (5): 1.7/12 MB | 1.7/8.5 MB | 1.4/1.7 MB | 1.1/1.4 MB | 188/285 kB
Progress (5): 1.7/12 MB | 1.7/8.5 MB | 1.4/1.7 MB | 1.1/1.4 MB | 188/285 kB
Progress (5): 1.7/12 MB | 1.7/8.5 MB | 1.4/1.7 MB | 1.1/1.4 MB | 188/285 kB
Progress (5): 1.7/12 MB | 1.7/8.5 MB | 1.4/1.7 MB | 1.1/1.4 MB | 188/285 kB
Progress (5): 1.7/12 MB | 1.7/8.5 MB | 1.4/1.7 MB | 1.1/1.4 MB | 205/285 kB
Progress (5): 1.7/12 MB | 1.7/8.5 MB | 1.4/1.7 MB | 1.1/1.4 MB | 205/285 kB
Progress (5): 1.7/12 MB | 1.7/8.5 MB | 1.4/1.7 MB | 1.1/1.4 MB | 205/285 kB
Progress (5): 1.7/12 MB | 1.7/8.5 MB | 1.4/1.7 MB | 1.1/1.4 MB | 221/285 kB
Progress (5): 1.7/12 MB | 1.7/8.5 MB | 1.4/1.7 MB | 1.1/1.4 MB | 221/285 kB
Progress (5): 1.7/12 MB | 1.7/8.5 MB | 1.4/1.7 MB | 1.1/1.4 MB | 221/285 kB
Progress (5): 1.7/12 MB | 1.7/8.5 MB | 1.4/1.7 MB | 1.1/1.4 MB | 221/285 kB
Progress (5): 1.7/12 MB | 1.7/8.5 MB | 1.4/1.7 MB | 1.1/1.4 MB | 238/285 kB
Progress (5): 1.7/12 MB | 1.7/8.5 MB | 1.4/1.7 MB | 1.1/1.4 MB | 238/285 kB
Progress (5): 1.7/12 MB | 1.7/8.5 MB | 1.4/1.7 MB | 1.1/1.4 MB | 238/285 kB
Progress (5): 1.7/12 MB | 1.7/8.5 MB | 1.4/1.7 MB | 1.1/1.4 MB | 254/285 kB
Progress (5): 1.7/12 MB | 1.7/8.5 MB | 1.5/1.7 MB | 1.1/1.4 MB | 254/285 kB
Progress (5): 1.7/12 MB | 1.7/8.5 MB | 1.5/1.7 MB | 1.1/1.4 MB | 254/285 kB
Progress (5): 1.7/12 MB | 1.7/8.5 MB | 1.5/1.7 MB | 1.1/1.4 MB | 254/285 kB
Progress (5): 1.7/12 MB | 1.7/8.5 MB | 1.5/1.7 MB | 1.1/1.4 MB | 254/285 kB
Progress (5): 1.7/12 MB | 1.7/8.5 MB | 1.5/1.7 MB | 1.1/1.4 MB | 254/285 kB
Progress (5): 1.8/12 MB | 1.7/8.5 MB | 1.5/1.7 MB | 1.1/1.4 MB | 254/285 kB
Progress (5): 1.8/12 MB | 1.7/8.5 MB | 1.5/1.7 MB | 1.1/1.4 MB | 254/285 kB
Progress (5): 1.8/12 MB | 1.7/8.5 MB | 1.5/1.7 MB | 1.1/1.4 MB | 254/285 kB
Progress (5): 1.8/12 MB | 1.7/8.5 MB | 1.5/1.7 MB | 1.1/1.4 MB | 254/285 kB
Progress (5): 1.8/12 MB | 1.7/8.5 MB | 1.5/1.7 MB | 1.1/1.4 MB | 254/285 kB
Progress (5): 1.8/12 MB | 1.7/8.5 MB | 1.5/1.7 MB | 1.1/1.4 MB | 254/285 kB
Progress (5): 1.9/12 MB | 1.7/8.5 MB | 1.5/1.7 MB | 1.1/1.4 MB | 254/285 kB
Progress (5): 1.9/12 MB | 1.7/8.5 MB | 1.5/1.7 MB | 1.1/1.4 MB | 254/285 kB
Progress (5): 1.9/12 MB | 1.7/8.5 MB | 1.5/1.7 MB | 1.1/1.4 MB | 254/285 kB
Progress (5): 1.9/12 MB | 1.7/8.5 MB | 1.5/1.7 MB | 1.1/1.4 MB | 254/285 kB
Progress (5): 1.9/12 MB | 1.7/8.5 MB | 1.5/1.7 MB | 1.1/1.4 MB | 254/285 kB
Progress (5): 1.9/12 MB | 1.7/8.5 MB | 1.5/1.7 MB | 1.1/1.4 MB | 254/285 kB
Progress (5): 1.9/12 MB | 1.7/8.5 MB | 1.5/1.7 MB | 1.1/1.4 MB | 270/285 kB
Progress (5): 2.0/12 MB | 1.7/8.5 MB | 1.5/1.7 MB | 1.1/1.4 MB | 270/285 kB
Progress (5): 2.0/12 MB | 1.7/8.5 MB | 1.5/1.7 MB | 1.1/1.4 MB | 270/285 kB
Progress (5): 2.0/12 MB | 1.7/8.5 MB | 1.5/1.7 MB | 1.1/1.4 MB | 270/285 kB
Progress (5): 2.0/12 MB | 1.7/8.5 MB | 1.5/1.7 MB | 1.1/1.4 MB | 270/285 kB
Progress (5): 2.0/12 MB | 1.7/8.5 MB | 1.5/1.7 MB | 1.2/1.4 MB | 270/285 kB
Progress (5): 2.0/12 MB | 1.7/8.5 MB | 1.5/1.7 MB | 1.2/1.4 MB | 270/285 kB
Progress (5): 2.0/12 MB | 1.7/8.5 MB | 1.5/1.7 MB | 1.2/1.4 MB | 270/285 kB
Progress (5): 2.0/12 MB | 1.7/8.5 MB | 1.5/1.7 MB | 1.2/1.4 MB | 285 kB    
Progress (5): 2.0/12 MB | 1.8/8.5 MB | 1.5/1.7 MB | 1.2/1.4 MB | 285 kB
Progress (5): 2.0/12 MB | 1.8/8.5 MB | 1.5/1.7 MB | 1.2/1.4 MB | 285 kB
                                                                       
Downloaded from central: https://repo.maven.apache.org/maven2/org/springframework/spring-tx/6.2.1/spring-tx-6.2.1.jar (285 kB at 131 kB/s)
Downloading from central: https://repo.maven.apache.org/maven2/org/springframework/spring-beans/6.2.1/spring-beans-6.2.1.jar
Progress (4): 2.0/12 MB | 1.8/8.5 MB | 1.5/1.7 MB | 1.2/1.4 MB
Progress (4): 2.0/12 MB | 1.8/8.5 MB | 1.5/1.7 MB | 1.2/1.4 MB
Progress (4): 2.0/12 MB | 1.8/8.5 MB | 1.5/1.7 MB | 1.2/1.4 MB
Progress (4): 2.0/12 MB | 1.8/8.5 MB | 1.5/1.7 MB | 1.2/1.4 MB
Progress (4): 2.0/12 MB | 1.8/8.5 MB | 1.5/1.7 MB | 1.2/1.4 MB
Progress (4): 2.0/12 MB | 1.8/8.5 MB | 1.5/1.7 MB | 1.2/1.4 MB
Progress (4): 2.0/12 MB | 1.8/8.5 MB | 1.5/1.7 MB | 1.2/1.4 MB
Progress (4): 2.0/12 MB | 1.8/8.5 MB | 1.5/1.7 MB | 1.2/1.4 MB
Progress (4): 2.0/12 MB | 1.8/8.5 MB | 1.5/1.7 MB | 1.2/1.4 MB
Progress (4): 2.0/12 MB | 1.8/8.5 MB | 1.5/1.7 MB | 1.2/1.4 MB
Progress (4): 2.0/12 MB | 1.9/8.5 MB | 1.5/1.7 MB | 1.2/1.4 MB
Progress (4): 2.0/12 MB | 1.9/8.5 MB | 1.6/1.7 MB | 1.2/1.4 MB
Progress (4): 2.0/12 MB | 1.9/8.5 MB | 1.6/1.7 MB | 1.2/1.4 MB
Progress (4): 2.0/12 MB | 1.9/8.5 MB | 1.6/1.7 MB | 1.2/1.4 MB
Progress (4): 2.0/12 MB | 1.9/8.5 MB | 1.6/1.7 MB | 1.2/1.4 MB
Progress (4): 2.0/12 MB | 1.9/8.5 MB | 1.6/1.7 MB | 1.2/1.4 MB
Progress (4): 2.0/12 MB | 1.9/8.5 MB | 1.6/1.7 MB | 1.2/1.4 MB
Progress (4): 2.0/12 MB | 1.9/8.5 MB | 1.6/1.7 MB | 1.2/1.4 MB
Progress (4): 2.0/12 MB | 1.9/8.5 MB | 1.6/1.7 MB | 1.2/1.4 MB
Progress (4): 2.0/12 MB | 1.9/8.5 MB | 1.6/1.7 MB | 1.2/1.4 MB
Progress (4): 2.1/12 MB | 1.9/8.5 MB | 1.6/1.7 MB | 1.2/1.4 MB
Progress (4): 2.1/12 MB | 1.9/8.5 MB | 1.6/1.7 MB | 1.2/1.4 MB
Progress (4): 2.1/12 MB | 1.9/8.5 MB | 1.6/1.7 MB | 1.2/1.4 MB
Progress (4): 2.1/12 MB | 1.9/8.5 MB | 1.6/1.7 MB | 1.2/1.4 MB
Progress (4): 2.1/12 MB | 1.9/8.5 MB | 1.6/1.7 MB | 1.2/1.4 MB
Progress (4): 2.1/12 MB | 1.9/8.5 MB | 1.6/1.7 MB | 1.2/1.4 MB
Progress (4): 2.2/12 MB | 1.9/8.5 MB | 1.6/1.7 MB | 1.2/1.4 MB
Progress (4): 2.2/12 MB | 1.9/8.5 MB | 1.6/1.7 MB | 1.2/1.4 MB
Progress (4): 2.2/12 MB | 1.9/8.5 MB | 1.6/1.7 MB | 1.2/1.4 MB
Progress (4): 2.2/12 MB | 1.9/8.5 MB | 1.6/1.7 MB | 1.2/1.4 MB
Progress (4): 2.2/12 MB | 1.9/8.5 MB | 1.6/1.7 MB | 1.2/1.4 MB
Progress (4): 2.2/12 MB | 1.9/8.5 MB | 1.6/1.7 MB | 1.2/1.4 MB
Progress (4): 2.2/12 MB | 1.9/8.5 MB | 1.6/1.7 MB | 1.2/1.4 MB
Progress (4): 2.3/12 MB | 1.9/8.5 MB | 1.6/1.7 MB | 1.2/1.4 MB
Progress (4): 2.3/12 MB | 1.9/8.5 MB | 1.6/1.7 MB | 1.2/1.4 MB
Progress (4): 2.3/12 MB | 1.9/8.5 MB | 1.6/1.7 MB | 1.2/1.4 MB
Progress (4): 2.3/12 MB | 1.9/8.5 MB | 1.6/1.7 MB | 1.2/1.4 MB
Progress (4): 2.3/12 MB | 1.9/8.5 MB | 1.6/1.7 MB | 1.2/1.4 MB
Progress (4): 2.3/12 MB | 1.9/8.5 MB | 1.6/1.7 MB | 1.2/1.4 MB
Progress (4): 2.3/12 MB | 1.9/8.5 MB | 1.6/1.7 MB | 1.2/1.4 MB
Progress (4): 2.3/12 MB | 1.9/8.5 MB | 1.6/1.7 MB | 1.2/1.4 MB
Progress (4): 2.3/12 MB | 1.9/8.5 MB | 1.6/1.7 MB | 1.2/1.4 MB
Progress (4): 2.3/12 MB | 1.9/8.5 MB | 1.6/1.7 MB | 1.3/1.4 MB
Progress (4): 2.3/12 MB | 1.9/8.5 MB | 1.6/1.7 MB | 1.3/1.4 MB
Progress (4): 2.3/12 MB | 1.9/8.5 MB | 1.6/1.7 MB | 1.3/1.4 MB
Progress (4): 2.3/12 MB | 2.0/8.5 MB | 1.6/1.7 MB | 1.3/1.4 MB
Progress (4): 2.3/12 MB | 2.0/8.5 MB | 1.6/1.7 MB | 1.3/1.4 MB
Progress (4): 2.3/12 MB | 2.0/8.5 MB | 1.6/1.7 MB | 1.3/1.4 MB
Progress (4): 2.3/12 MB | 2.0/8.5 MB | 1.6/1.7 MB | 1.3/1.4 MB
Progress (4): 2.3/12 MB | 2.0/8.5 MB | 1.6/1.7 MB | 1.3/1.4 MB
Progress (4): 2.3/12 MB | 2.0/8.5 MB | 1.6/1.7 MB | 1.4 MB    
                                                          
Downloaded from central: https://repo.maven.apache.org/maven2/org/springframework/spring-context/6.2.1/spring-context-6.2.1.jar (1.4 MB at 555 kB/s)
Downloading from central: https://repo.maven.apache.org/maven2/org/slf4j/slf4j-api/2.0.16/slf4j-api-2.0.16.jar
Progress (4): 2.3/12 MB | 2.0/8.5 MB | 1.6/1.7 MB | 7.7/877 kB
Progress (4): 2.3/12 MB | 2.0/8.5 MB | 1.6/1.7 MB | 11/877 kB 
Progress (4): 2.3/12 MB | 2.0/8.5 MB | 1.6/1.7 MB | 28/877 kB
Progress (4): 2.3/12 MB | 2.0/8.5 MB | 1.6/1.7 MB | 28/877 kB
Progress (4): 2.3/12 MB | 2.0/8.5 MB | 1.7/1.7 MB | 28/877 kB
Progress (4): 2.3/12 MB | 2.0/8.5 MB | 1.7/1.7 MB | 44/877 kB
Progress (4): 2.3/12 MB | 2.0/8.5 MB | 1.7/1.7 MB | 61/877 kB
Progress (4): 2.3/12 MB | 2.0/8.5 MB | 1.7/1.7 MB | 77/877 kB
Progress (4): 2.3/12 MB | 2.0/8.5 MB | 1.7/1.7 MB | 93/877 kB
Progress (4): 2.3/12 MB | 2.0/8.5 MB | 1.7/1.7 MB | 93/877 kB
Progress (4): 2.3/12 MB | 2.0/8.5 MB | 1.7/1.7 MB | 93/877 kB
Progress (4): 2.3/12 MB | 2.0/8.5 MB | 1.7/1.7 MB | 110/877 kB
Progress (4): 2.3/12 MB | 2.0/8.5 MB | 1.7/1.7 MB | 126/877 kB
Progress (4): 2.3/12 MB | 2.0/8.5 MB | 1.7/1.7 MB | 142/877 kB
Progress (4): 2.3/12 MB | 2.0/8.5 MB | 1.7/1.7 MB | 159/877 kB
Progress (4): 2.3/12 MB | 2.0/8.5 MB | 1.7/1.7 MB | 159/877 kB
Progress (4): 2.3/12 MB | 2.0/8.5 MB | 1.7/1.7 MB | 159/877 kB
Progress (4): 2.3/12 MB | 2.0/8.5 MB | 1.7/1.7 MB | 175/877 kB
Progress (4): 2.3/12 MB | 2.0/8.5 MB | 1.7/1.7 MB | 192/877 kB
Progress (4): 2.3/12 MB | 2.0/8.5 MB | 1.7/1.7 MB | 208/877 kB
Progress (4): 2.3/12 MB | 2.0/8.5 MB | 1.7 MB | 208/877 kB    
Progress (4): 2.3/12 MB | 2.0/8.5 MB | 1.7 MB | 224/877 kB
                                                          
Downloaded from central: https://repo.maven.apache.org/maven2/org/springframework/data/spring-data-jpa/3.4.1/spring-data-jpa-3.4.1.jar (1.7 MB at 692 kB/s)
Downloading from central: https://repo.maven.apache.org/maven2/org/springframework/spring-aspects/6.2.1/spring-aspects-6.2.1.jar
Progress (3): 2.3/12 MB | 2.0/8.5 MB | 241/877 kB
Progress (3): 2.3/12 MB | 2.0/8.5 MB | 241/877 kB
Progress (3): 2.3/12 MB | 2.0/8.5 MB | 257/877 kB
Progress (3): 2.3/12 MB | 2.0/8.5 MB | 274/877 kB
Progress (3): 2.3/12 MB | 2.0/8.5 MB | 290/877 kB
Progress (3): 2.3/12 MB | 2.0/8.5 MB | 306/877 kB
Progress (3): 2.3/12 MB | 2.0/8.5 MB | 306/877 kB
Progress (3): 2.3/12 MB | 2.0/8.5 MB | 306/877 kB
Progress (3): 2.3/12 MB | 2.0/8.5 MB | 306/877 kB
Progress (3): 2.3/12 MB | 2.0/8.5 MB | 323/877 kB
Progress (3): 2.3/12 MB | 2.0/8.5 MB | 323/877 kB
Progress (3): 2.4/12 MB | 2.0/8.5 MB | 323/877 kB
Progress (3): 2.4/12 MB | 2.0/8.5 MB | 323/877 kB
Progress (3): 2.4/12 MB | 2.0/8.5 MB | 339/877 kB
Progress (3): 2.4/12 MB | 2.0/8.5 MB | 339/877 kB
Progress (3): 2.4/12 MB | 2.0/8.5 MB | 339/877 kB
Progress (3): 2.4/12 MB | 2.0/8.5 MB | 355/877 kB
Progress (3): 2.4/12 MB | 2.0/8.5 MB | 372/877 kB
Progress (3): 2.4/12 MB | 2.1/8.5 MB | 372/877 kB
Progress (3): 2.4/12 MB | 2.1/8.5 MB | 388/877 kB
Progress (3): 2.4/12 MB | 2.1/8.5 MB | 388/877 kB
Progress (3): 2.4/12 MB | 2.1/8.5 MB | 388/877 kB
Progress (3): 2.4/12 MB | 2.1/8.5 MB | 405/877 kB
Progress (3): 2.4/12 MB | 2.1/8.5 MB | 421/877 kB
Progress (3): 2.5/12 MB | 2.1/8.5 MB | 421/877 kB
Progress (3): 2.5/12 MB | 2.1/8.5 MB | 421/877 kB
Progress (3): 2.5/12 MB | 2.1/8.5 MB | 437/877 kB
Progress (3): 2.5/12 MB | 2.1/8.5 MB | 437/877 kB
Progress (3): 2.5/12 MB | 2.1/8.5 MB | 437/877 kB
Progress (3): 2.5/12 MB | 2.1/8.5 MB | 454/877 kB
Progress (3): 2.5/12 MB | 2.1/8.5 MB | 470/877 kB
Progress (3): 2.5/12 MB | 2.1/8.5 MB | 470/877 kB
Progress (3): 2.5/12 MB | 2.1/8.5 MB | 470/877 kB
Progress (3): 2.5/12 MB | 2.1/8.5 MB | 487/877 kB
Progress (4): 2.5/12 MB | 2.1/8.5 MB | 487/877 kB | 7.7/50 kB
Progress (4): 2.5/12 MB | 2.1/8.5 MB | 487/877 kB | 16/50 kB 
Progress (4): 2.5/12 MB | 2.1/8.5 MB | 487/877 kB | 20/50 kB
Progress (4): 2.5/12 MB | 2.1/8.5 MB | 487/877 kB | 20/50 kB
Progress (5): 2.5/12 MB | 2.1/8.5 MB | 487/877 kB | 20/50 kB | 7.7/69 kB
Progress (5): 2.5/12 MB | 2.1/8.5 MB | 487/877 kB | 20/50 kB | 11/69 kB 
Progress (5): 2.5/12 MB | 2.1/8.5 MB | 487/877 kB | 20/50 kB | 11/69 kB
Progress (5): 2.5/12 MB | 2.1/8.5 MB | 503/877 kB | 20/50 kB | 11/69 kB
Progress (5): 2.5/12 MB | 2.1/8.5 MB | 503/877 kB | 20/50 kB | 11/69 kB
Progress (5): 2.5/12 MB | 2.1/8.5 MB | 503/877 kB | 20/50 kB | 28/69 kB
Progress (5): 2.5/12 MB | 2.1/8.5 MB | 519/877 kB | 20/50 kB | 28/69 kB
Progress (5): 2.5/12 MB | 2.1/8.5 MB | 519/877 kB | 20/50 kB | 28/69 kB
Progress (5): 2.5/12 MB | 2.1/8.5 MB | 519/877 kB | 37/50 kB | 28/69 kB
Progress (5): 2.5/12 MB | 2.1/8.5 MB | 519/877 kB | 37/50 kB | 28/69 kB
Progress (5): 2.5/12 MB | 2.1/8.5 MB | 536/877 kB | 37/50 kB | 28/69 kB
Progress (5): 2.5/12 MB | 2.1/8.5 MB | 536/877 kB | 50 kB | 28/69 kB   
Progress (5): 2.5/12 MB | 2.1/8.5 MB | 536/877 kB | 50 kB | 44/69 kB
Progress (5): 2.5/12 MB | 2.1/8.5 MB | 552/877 kB | 50 kB | 44/69 kB
Progress (5): 2.5/12 MB | 2.2/8.5 MB | 552/877 kB | 50 kB | 44/69 kB
                                                                    
Downloaded from central: https://repo.maven.apache.org/maven2/org/springframework/spring-aspects/6.2.1/spring-aspects-6.2.1.jar (50 kB at 19 kB/s)
Downloading from central: https://repo.maven.apache.org/maven2/org/aspectj/aspectjweaver/1.9.22.1/aspectjweaver-1.9.22.1.jar
Progress (4): 2.6/12 MB | 2.2/8.5 MB | 552/877 kB | 44/69 kB
Progress (4): 2.6/12 MB | 2.2/8.5 MB | 552/877 kB | 61/69 kB
Progress (4): 2.6/12 MB | 2.2/8.5 MB | 568/877 kB | 61/69 kB
Progress (4): 2.6/12 MB | 2.2/8.5 MB | 568/877 kB | 61/69 kB
Progress (4): 2.6/12 MB | 2.2/8.5 MB | 568/877 kB | 61/69 kB
Progress (4): 2.6/12 MB | 2.2/8.5 MB | 568/877 kB | 69 kB   
Progress (4): 2.6/12 MB | 2.2/8.5 MB | 585/877 kB | 69 kB
Progress (4): 2.6/12 MB | 2.2/8.5 MB | 585/877 kB | 69 kB
Progress (4): 2.6/12 MB | 2.2/8.5 MB | 585/877 kB | 69 kB
Progress (4): 2.6/12 MB | 2.2/8.5 MB | 601/877 kB | 69 kB
                                                         
Downloaded from central: https://repo.maven.apache.org/maven2/org/slf4j/slf4j-api/2.0.16/slf4j-api-2.0.16.jar (69 kB at 26 kB/s)
Downloading from central: https://repo.maven.apache.org/maven2/org/springframework/boot/spring-boot-devtools/3.4.1/spring-boot-devtools-3.4.1.jar
Progress (3): 2.6/12 MB | 2.2/8.5 MB | 618/877 kB
Progress (3): 2.6/12 MB | 2.2/8.5 MB | 618/877 kB
Progress (3): 2.6/12 MB | 2.2/8.5 MB | 618/877 kB
Progress (3): 2.6/12 MB | 2.2/8.5 MB | 634/877 kB
Progress (3): 2.6/12 MB | 2.2/8.5 MB | 634/877 kB
Progress (3): 2.6/12 MB | 2.2/8.5 MB | 634/877 kB
Progress (3): 2.6/12 MB | 2.2/8.5 MB | 650/877 kB
Progress (3): 2.6/12 MB | 2.2/8.5 MB | 650/877 kB
Progress (3): 2.6/12 MB | 2.2/8.5 MB | 667/877 kB
Progress (3): 2.6/12 MB | 2.2/8.5 MB | 667/877 kB
Progress (3): 2.7/12 MB | 2.2/8.5 MB | 667/877 kB
Progress (3): 2.7/12 MB | 2.2/8.5 MB | 667/877 kB
Progress (3): 2.7/12 MB | 2.2/8.5 MB | 683/877 kB
Progress (3): 2.7/12 MB | 2.3/8.5 MB | 683/877 kB
Progress (3): 2.7/12 MB | 2.3/8.5 MB | 683/877 kB
Progress (3): 2.7/12 MB | 2.3/8.5 MB | 683/877 kB
Progress (3): 2.7/12 MB | 2.3/8.5 MB | 700/877 kB
Progress (3): 2.7/12 MB | 2.3/8.5 MB | 700/877 kB
Progress (3): 2.7/12 MB | 2.3/8.5 MB | 700/877 kB
Progress (3): 2.7/12 MB | 2.3/8.5 MB | 716/877 kB
Progress (3): 2.7/12 MB | 2.3/8.5 MB | 732/877 kB
Progress (3): 2.7/12 MB | 2.3/8.5 MB | 732/877 kB
Progress (3): 2.7/12 MB | 2.3/8.5 MB | 749/877 kB
Progress (3): 2.7/12 MB | 2.3/8.5 MB | 765/877 kB
Progress (3): 2.7/12 MB | 2.3/8.5 MB | 765/877 kB
Progress (3): 2.7/12 MB | 2.3/8.5 MB | 781/877 kB
Progress (3): 2.7/12 MB | 2.3/8.5 MB | 781/877 kB
Progress (3): 2.7/12 MB | 2.3/8.5 MB | 781/877 kB
Progress (3): 2.8/12 MB | 2.3/8.5 MB | 781/877 kB
Progress (3): 2.8/12 MB | 2.3/8.5 MB | 781/877 kB
Progress (3): 2.8/12 MB | 2.3/8.5 MB | 781/877 kB
Progress (3): 2.8/12 MB | 2.3/8.5 MB | 798/877 kB
Progress (3): 2.8/12 MB | 2.3/8.5 MB | 814/877 kB
Progress (3): 2.8/12 MB | 2.3/8.5 MB | 814/877 kB
Progress (3): 2.8/12 MB | 2.3/8.5 MB | 831/877 kB
Progress (3): 2.8/12 MB | 2.4/8.5 MB | 831/877 kB
Progress (3): 2.8/12 MB | 2.4/8.5 MB | 831/877 kB
Progress (3): 2.8/12 MB | 2.4/8.5 MB | 847/877 kB
Progress (3): 2.8/12 MB | 2.4/8.5 MB | 847/877 kB
Progress (3): 2.8/12 MB | 2.4/8.5 MB | 847/877 kB
Progress (3): 2.8/12 MB | 2.4/8.5 MB | 847/877 kB
Progress (3): 2.8/12 MB | 2.4/8.5 MB | 847/877 kB
Progress (3): 2.8/12 MB | 2.4/8.5 MB | 863/877 kB
Progress (3): 2.8/12 MB | 2.4/8.5 MB | 877 kB    
Progress (3): 2.8/12 MB | 2.4/8.5 MB | 877 kB
Progress (3): 2.9/12 MB | 2.4/8.5 MB | 877 kB
Progress (3): 2.9/12 MB | 2.4/8.5 MB | 877 kB
Progress (3): 2.9/12 MB | 2.4/8.5 MB | 877 kB
Progress (3): 2.9/12 MB | 2.4/8.5 MB | 877 kB
                                             
Downloaded from central: https://repo.maven.apache.org/maven2/org/springframework/spring-beans/6.2.1/spring-beans-6.2.1.jar (877 kB at 312 kB/s)
Downloading from central: https://repo.maven.apache.org/maven2/org/springframework/boot/spring-boot/3.4.1/spring-boot-3.4.1.jar
Progress (2): 2.9/12 MB | 2.4/8.5 MB
Progress (2): 2.9/12 MB | 2.4/8.5 MB
Progress (2): 2.9/12 MB | 2.4/8.5 MB
Progress (2): 2.9/12 MB | 2.4/8.5 MB
Progress (2): 2.9/12 MB | 2.4/8.5 MB
Progress (2): 3.0/12 MB | 2.4/8.5 MB
Progress (2): 3.0/12 MB | 2.4/8.5 MB
Progress (2): 3.0/12 MB | 2.4/8.5 MB
Progress (3): 3.0/12 MB | 2.4/8.5 MB | 0/2.2 MB
Progress (3): 3.0/12 MB | 2.4/8.5 MB | 0/2.2 MB
Progress (4): 3.0/12 MB | 2.4/8.5 MB | 0/2.2 MB | 4.0/203 kB
Progress (4): 3.0/12 MB | 2.4/8.5 MB | 0/2.2 MB | 4.0/203 kB
Progress (4): 3.0/12 MB | 2.5/8.5 MB | 0/2.2 MB | 4.0/203 kB
Progress (4): 3.0/12 MB | 2.5/8.5 MB | 0/2.2 MB | 4.0/203 kB
Progress (4): 3.0/12 MB | 2.5/8.5 MB | 0/2.2 MB | 20/203 kB 
Progress (4): 3.0/12 MB | 2.5/8.5 MB | 0/2.2 MB | 20/203 kB
Progress (4): 3.0/12 MB | 2.5/8.5 MB | 0/2.2 MB | 20/203 kB
Progress (4): 3.0/12 MB | 2.5/8.5 MB | 0/2.2 MB | 37/203 kB
Progress (4): 3.0/12 MB | 2.5/8.5 MB | 0/2.2 MB | 37/203 kB
Progress (4): 3.0/12 MB | 2.5/8.5 MB | 0.1/2.2 MB | 37/203 kB
Progress (4): 3.0/12 MB | 2.5/8.5 MB | 0.1/2.2 MB | 37/203 kB
Progress (4): 3.0/12 MB | 2.5/8.5 MB | 0.1/2.2 MB | 37/203 kB
Progress (4): 3.0/12 MB | 2.5/8.5 MB | 0.1/2.2 MB | 37/203 kB
Progress (4): 3.0/12 MB | 2.5/8.5 MB | 0.1/2.2 MB | 53/203 kB
Progress (4): 3.0/12 MB | 2.5/8.5 MB | 0.1/2.2 MB | 53/203 kB
Progress (4): 3.0/12 MB | 2.5/8.5 MB | 0.1/2.2 MB | 53/203 kB
Progress (4): 3.0/12 MB | 2.5/8.5 MB | 0.1/2.2 MB | 53/203 kB
Progress (4): 3.0/12 MB | 2.5/8.5 MB | 0.1/2.2 MB | 70/203 kB
Progress (4): 3.0/12 MB | 2.5/8.5 MB | 0.1/2.2 MB | 70/203 kB
Progress (4): 3.0/12 MB | 2.5/8.5 MB | 0.1/2.2 MB | 70/203 kB
Progress (4): 3.1/12 MB | 2.5/8.5 MB | 0.1/2.2 MB | 70/203 kB
Progress (4): 3.1/12 MB | 2.5/8.5 MB | 0.1/2.2 MB | 70/203 kB
Progress (4): 3.1/12 MB | 2.5/8.5 MB | 0.1/2.2 MB | 86/203 kB
Progress (4): 3.1/12 MB | 2.5/8.5 MB | 0.1/2.2 MB | 86/203 kB
Progress (4): 3.1/12 MB | 2.5/8.5 MB | 0.1/2.2 MB | 86/203 kB
Progress (4): 3.1/12 MB | 2.5/8.5 MB | 0.1/2.2 MB | 86/203 kB
Progress (4): 3.1/12 MB | 2.5/8.5 MB | 0.1/2.2 MB | 86/203 kB
Progress (4): 3.1/12 MB | 2.6/8.5 MB | 0.1/2.2 MB | 86/203 kB
Progress (4): 3.1/12 MB | 2.6/8.5 MB | 0.1/2.2 MB | 102/203 kB
Progress (4): 3.1/12 MB | 2.6/8.5 MB | 0.1/2.2 MB | 102/203 kB
Progress (4): 3.1/12 MB | 2.6/8.5 MB | 0.1/2.2 MB | 102/203 kB
Progress (4): 3.1/12 MB | 2.6/8.5 MB | 0.1/2.2 MB | 102/203 kB
Progress (4): 3.1/12 MB | 2.6/8.5 MB | 0.1/2.2 MB | 102/203 kB
Progress (4): 3.1/12 MB | 2.6/8.5 MB | 0.1/2.2 MB | 119/203 kB
Progress (4): 3.1/12 MB | 2.6/8.5 MB | 0.1/2.2 MB | 119/203 kB
Progress (4): 3.1/12 MB | 2.6/8.5 MB | 0.1/2.2 MB | 119/203 kB
Progress (4): 3.1/12 MB | 2.6/8.5 MB | 0.1/2.2 MB | 135/203 kB
Progress (4): 3.1/12 MB | 2.6/8.5 MB | 0.1/2.2 MB | 135/203 kB
Progress (4): 3.1/12 MB | 2.6/8.5 MB | 0.1/2.2 MB | 135/203 kB
Progress (4): 3.1/12 MB | 2.6/8.5 MB | 0.2/2.2 MB | 135/203 kB
Progress (4): 3.1/12 MB | 2.6/8.5 MB | 0.2/2.2 MB | 151/203 kB
Progress (4): 3.1/12 MB | 2.6/8.5 MB | 0.2/2.2 MB | 151/203 kB
Progress (4): 3.1/12 MB | 2.6/8.5 MB | 0.2/2.2 MB | 151/203 kB
Progress (4): 3.1/12 MB | 2.6/8.5 MB | 0.2/2.2 MB | 151/203 kB
Progress (4): 3.2/12 MB | 2.6/8.5 MB | 0.2/2.2 MB | 151/203 kB
Progress (4): 3.2/12 MB | 2.6/8.5 MB | 0.2/2.2 MB | 168/203 kB
Progress (4): 3.2/12 MB | 2.6/8.5 MB | 0.2/2.2 MB | 168/203 kB
Progress (4): 3.2/12 MB | 2.6/8.5 MB | 0.2/2.2 MB | 168/203 kB
Progress (4): 3.2/12 MB | 2.6/8.5 MB | 0.2/2.2 MB | 184/203 kB
Progress (4): 3.2/12 MB | 2.6/8.5 MB | 0.2/2.2 MB | 184/203 kB
Progress (4): 3.2/12 MB | 2.6/8.5 MB | 0.2/2.2 MB | 184/203 kB
Progress (5): 3.2/12 MB | 2.6/8.5 MB | 0.2/2.2 MB | 184/203 kB | 0/1.8 MB
Progress (5): 3.2/12 MB | 2.6/8.5 MB | 0.2/2.2 MB | 184/203 kB | 0/1.8 MB
Progress (5): 3.2/12 MB | 2.6/8.5 MB | 0.2/2.2 MB | 184/203 kB | 0/1.8 MB
Progress (5): 3.2/12 MB | 2.6/8.5 MB | 0.2/2.2 MB | 201/203 kB | 0/1.8 MB
Progress (5): 3.2/12 MB | 2.6/8.5 MB | 0.2/2.2 MB | 203 kB | 0/1.8 MB    
Progress (5): 3.2/12 MB | 2.6/8.5 MB | 0.2/2.2 MB | 203 kB | 0/1.8 MB
Progress (5): 3.2/12 MB | 2.6/8.5 MB | 0.2/2.2 MB | 203 kB | 0/1.8 MB
Progress (5): 3.2/12 MB | 2.6/8.5 MB | 0.2/2.2 MB | 203 kB | 0/1.8 MB
Progress (5): 3.2/12 MB | 2.6/8.5 MB | 0.2/2.2 MB | 203 kB | 0/1.8 MB
Progress (5): 3.2/12 MB | 2.6/8.5 MB | 0.2/2.2 MB | 203 kB | 0/1.8 MB
Progress (5): 3.2/12 MB | 2.6/8.5 MB | 0.2/2.2 MB | 203 kB | 0.1/1.8 MB
Progress (5): 3.2/12 MB | 2.6/8.5 MB | 0.2/2.2 MB | 203 kB | 0.1/1.8 MB
Progress (5): 3.2/12 MB | 2.6/8.5 MB | 0.2/2.2 MB | 203 kB | 0.1/1.8 MB
Progress (5): 3.2/12 MB | 2.6/8.5 MB | 0.2/2.2 MB | 203 kB | 0.1/1.8 MB
Progress (5): 3.2/12 MB | 2.6/8.5 MB | 0.2/2.2 MB | 203 kB | 0.1/1.8 MB
Progress (5): 3.3/12 MB | 2.6/8.5 MB | 0.2/2.2 MB | 203 kB | 0.1/1.8 MB
Progress (5): 3.3/12 MB | 2.7/8.5 MB | 0.2/2.2 MB | 203 kB | 0.1/1.8 MB
Progress (5): 3.3/12 MB | 2.7/8.5 MB | 0.2/2.2 MB | 203 kB | 0.1/1.8 MB
Progress (5): 3.3/12 MB | 2.7/8.5 MB | 0.2/2.2 MB | 203 kB | 0.1/1.8 MB
Progress (5): 3.3/12 MB | 2.7/8.5 MB | 0.2/2.2 MB | 203 kB | 0.1/1.8 MB
Progress (5): 3.3/12 MB | 2.7/8.5 MB | 0.2/2.2 MB | 203 kB | 0.1/1.8 MB
Progress (5): 3.3/12 MB | 2.7/8.5 MB | 0.2/2.2 MB | 203 kB | 0.1/1.8 MB
Progress (5): 3.3/12 MB | 2.7/8.5 MB | 0.3/2.2 MB | 203 kB | 0.1/1.8 MB
Progress (5): 3.3/12 MB | 2.7/8.5 MB | 0.3/2.2 MB | 203 kB | 0.1/1.8 MB
Progress (5): 3.3/12 MB | 2.7/8.5 MB | 0.3/2.2 MB | 203 kB | 0.1/1.8 MB
Progress (5): 3.3/12 MB | 2.7/8.5 MB | 0.3/2.2 MB | 203 kB | 0.1/1.8 MB
Progress (5): 3.3/12 MB | 2.7/8.5 MB | 0.3/2.2 MB | 203 kB | 0.2/1.8 MB
Progress (5): 3.3/12 MB | 2.7/8.5 MB | 0.3/2.2 MB | 203 kB | 0.2/1.8 MB
Progress (5): 3.3/12 MB | 2.7/8.5 MB | 0.3/2.2 MB | 203 kB | 0.2/1.8 MB
Progress (5): 3.3/12 MB | 2.7/8.5 MB | 0.3/2.2 MB | 203 kB | 0.2/1.8 MB
Progress (5): 3.3/12 MB | 2.7/8.5 MB | 0.3/2.2 MB | 203 kB | 0.2/1.8 MB
Progress (5): 3.3/12 MB | 2.7/8.5 MB | 0.3/2.2 MB | 203 kB | 0.2/1.8 MB
Progress (5): 3.3/12 MB | 2.7/8.5 MB | 0.3/2.2 MB | 203 kB | 0.2/1.8 MB
Progress (5): 3.3/12 MB | 2.7/8.5 MB | 0.3/2.2 MB | 203 kB | 0.2/1.8 MB
Progress (5): 3.3/12 MB | 2.7/8.5 MB | 0.3/2.2 MB | 203 kB | 0.2/1.8 MB
Progress (5): 3.3/12 MB | 2.7/8.5 MB | 0.3/2.2 MB | 203 kB | 0.2/1.8 MB
                                                                       
Downloaded from central: https://repo.maven.apache.org/maven2/org/springframework/boot/spring-boot-devtools/3.4.1/spring-boot-devtools-3.4.1.jar (203 kB at 66 kB/s)
Downloading from central: https://repo.maven.apache.org/maven2/org/springframework/boot/spring-boot-autoconfigure/3.4.1/spring-boot-autoconfigure-3.4.1.jar
Progress (4): 3.3/12 MB | 2.7/8.5 MB | 0.3/2.2 MB | 0.2/1.8 MB
Progress (4): 3.3/12 MB | 2.7/8.5 MB | 0.3/2.2 MB | 0.2/1.8 MB
Progress (4): 3.4/12 MB | 2.7/8.5 MB | 0.3/2.2 MB | 0.2/1.8 MB
Progress (4): 3.4/12 MB | 2.7/8.5 MB | 0.3/2.2 MB | 0.2/1.8 MB
Progress (4): 3.4/12 MB | 2.7/8.5 MB | 0.3/2.2 MB | 0.2/1.8 MB
Progress (4): 3.4/12 MB | 2.7/8.5 MB | 0.3/2.2 MB | 0.2/1.8 MB
Progress (4): 3.4/12 MB | 2.7/8.5 MB | 0.3/2.2 MB | 0.2/1.8 MB
Progress (4): 3.4/12 MB | 2.7/8.5 MB | 0.3/2.2 MB | 0.3/1.8 MB
Progress (4): 3.4/12 MB | 2.7/8.5 MB | 0.3/2.2 MB | 0.3/1.8 MB
Progress (4): 3.4/12 MB | 2.7/8.5 MB | 0.3/2.2 MB | 0.3/1.8 MB
Progress (4): 3.4/12 MB | 2.7/8.5 MB | 0.3/2.2 MB | 0.3/1.8 MB
Progress (4): 3.4/12 MB | 2.8/8.5 MB | 0.3/2.2 MB | 0.3/1.8 MB
Progress (4): 3.4/12 MB | 2.8/8.5 MB | 0.3/2.2 MB | 0.3/1.8 MB
Progress (4): 3.4/12 MB | 2.8/8.5 MB | 0.3/2.2 MB | 0.3/1.8 MB
Progress (4): 3.4/12 MB | 2.8/8.5 MB | 0.3/2.2 MB | 0.3/1.8 MB
Progress (4): 3.4/12 MB | 2.8/8.5 MB | 0.4/2.2 MB | 0.3/1.8 MB
Progress (4): 3.4/12 MB | 2.8/8.5 MB | 0.4/2.2 MB | 0.3/1.8 MB
Progress (4): 3.4/12 MB | 2.8/8.5 MB | 0.4/2.2 MB | 0.3/1.8 MB
Progress (4): 3.4/12 MB | 2.8/8.5 MB | 0.4/2.2 MB | 0.3/1.8 MB
Progress (4): 3.4/12 MB | 2.8/8.5 MB | 0.4/2.2 MB | 0.3/1.8 MB
Progress (4): 3.4/12 MB | 2.8/8.5 MB | 0.4/2.2 MB | 0.3/1.8 MB
Progress (4): 3.4/12 MB | 2.8/8.5 MB | 0.4/2.2 MB | 0.3/1.8 MB
Progress (4): 3.4/12 MB | 2.8/8.5 MB | 0.4/2.2 MB | 0.3/1.8 MB
Progress (4): 3.4/12 MB | 2.8/8.5 MB | 0.4/2.2 MB | 0.3/1.8 MB
Progress (4): 3.4/12 MB | 2.8/8.5 MB | 0.4/2.2 MB | 0.3/1.8 MB
Progress (4): 3.4/12 MB | 2.8/8.5 MB | 0.4/2.2 MB | 0.3/1.8 MB
Progress (4): 3.4/12 MB | 2.8/8.5 MB | 0.4/2.2 MB | 0.3/1.8 MB
Progress (4): 3.5/12 MB | 2.8/8.5 MB | 0.4/2.2 MB | 0.3/1.8 MB
Progress (4): 3.5/12 MB | 2.8/8.5 MB | 0.4/2.2 MB | 0.4/1.8 MB
Progress (4): 3.5/12 MB | 2.8/8.5 MB | 0.4/2.2 MB | 0.4/1.8 MB
Progress (4): 3.5/12 MB | 2.8/8.5 MB | 0.4/2.2 MB | 0.4/1.8 MB
Progress (4): 3.5/12 MB | 2.8/8.5 MB | 0.4/2.2 MB | 0.4/1.8 MB
Progress (4): 3.5/12 MB | 2.8/8.5 MB | 0.4/2.2 MB | 0.4/1.8 MB
Progress (4): 3.5/12 MB | 2.8/8.5 MB | 0.4/2.2 MB | 0.4/1.8 MB
Progress (4): 3.5/12 MB | 2.8/8.5 MB | 0.4/2.2 MB | 0.4/1.8 MB
Progress (4): 3.5/12 MB | 2.8/8.5 MB | 0.4/2.2 MB | 0.4/1.8 MB
Progress (4): 3.5/12 MB | 2.8/8.5 MB | 0.4/2.2 MB | 0.4/1.8 MB
Progress (4): 3.5/12 MB | 2.9/8.5 MB | 0.4/2.2 MB | 0.4/1.8 MB
Progress (4): 3.5/12 MB | 2.9/8.5 MB | 0.4/2.2 MB | 0.4/1.8 MB
Progress (4): 3.5/12 MB | 2.9/8.5 MB | 0.5/2.2 MB | 0.4/1.8 MB
Progress (4): 3.5/12 MB | 2.9/8.5 MB | 0.5/2.2 MB | 0.4/1.8 MB
Progress (4): 3.5/12 MB | 2.9/8.5 MB | 0.5/2.2 MB | 0.4/1.8 MB
Progress (4): 3.5/12 MB | 2.9/8.5 MB | 0.5/2.2 MB | 0.4/1.8 MB
Progress (4): 3.5/12 MB | 2.9/8.5 MB | 0.5/2.2 MB | 0.4/1.8 MB
Progress (4): 3.5/12 MB | 2.9/8.5 MB | 0.5/2.2 MB | 0.4/1.8 MB
Progress (4): 3.5/12 MB | 2.9/8.5 MB | 0.5/2.2 MB | 0.4/1.8 MB
Progress (4): 3.5/12 MB | 2.9/8.5 MB | 0.5/2.2 MB | 0.4/1.8 MB
Progress (4): 3.5/12 MB | 2.9/8.5 MB | 0.5/2.2 MB | 0.4/1.8 MB
Progress (4): 3.5/12 MB | 2.9/8.5 MB | 0.5/2.2 MB | 0.4/1.8 MB
Progress (4): 3.6/12 MB | 2.9/8.5 MB | 0.5/2.2 MB | 0.4/1.8 MB
Progress (4): 3.6/12 MB | 2.9/8.5 MB | 0.5/2.2 MB | 0.4/1.8 MB
Progress (4): 3.6/12 MB | 2.9/8.5 MB | 0.5/2.2 MB | 0.4/1.8 MB
Progress (4): 3.6/12 MB | 2.9/8.5 MB | 0.5/2.2 MB | 0.5/1.8 MB
Progress (4): 3.6/12 MB | 2.9/8.5 MB | 0.5/2.2 MB | 0.5/1.8 MB
Progress (4): 3.6/12 MB | 2.9/8.5 MB | 0.5/2.2 MB | 0.5/1.8 MB
Progress (4): 3.6/12 MB | 2.9/8.5 MB | 0.5/2.2 MB | 0.5/1.8 MB
Progress (4): 3.6/12 MB | 2.9/8.5 MB | 0.5/2.2 MB | 0.5/1.8 MB
Progress (4): 3.6/12 MB | 2.9/8.5 MB | 0.5/2.2 MB | 0.5/1.8 MB
Progress (4): 3.6/12 MB | 2.9/8.5 MB | 0.5/2.2 MB | 0.5/1.8 MB
Progress (4): 3.6/12 MB | 2.9/8.5 MB | 0.5/2.2 MB | 0.5/1.8 MB
Progress (4): 3.6/12 MB | 2.9/8.5 MB | 0.5/2.2 MB | 0.5/1.8 MB
Progress (4): 3.6/12 MB | 2.9/8.5 MB | 0.5/2.2 MB | 0.5/1.8 MB
Progress (4): 3.6/12 MB | 3.0/8.5 MB | 0.5/2.2 MB | 0.5/1.8 MB
Progress (4): 3.6/12 MB | 3.0/8.5 MB | 0.5/2.2 MB | 0.5/1.8 MB
Progress (4): 3.6/12 MB | 3.0/8.5 MB | 0.5/2.2 MB | 0.5/1.8 MB
Progress (4): 3.6/12 MB | 3.0/8.5 MB | 0.5/2.2 MB | 0.5/1.8 MB
Progress (4): 3.7/12 MB | 3.0/8.5 MB | 0.5/2.2 MB | 0.5/1.8 MB
Progress (4): 3.7/12 MB | 3.0/8.5 MB | 0.5/2.2 MB | 0.5/1.8 MB
Progress (4): 3.7/12 MB | 3.0/8.5 MB | 0.5/2.2 MB | 0.5/1.8 MB
Progress (5): 3.7/12 MB | 3.0/8.5 MB | 0.5/2.2 MB | 0.5/1.8 MB | 0/2.0 MB
Progress (5): 3.7/12 MB | 3.0/8.5 MB | 0.5/2.2 MB | 0.5/1.8 MB | 0/2.0 MB
Progress (5): 3.7/12 MB | 3.0/8.5 MB | 0.5/2.2 MB | 0.5/1.8 MB | 0/2.0 MB
Progress (5): 3.7/12 MB | 3.0/8.5 MB | 0.5/2.2 MB | 0.5/1.8 MB | 0/2.0 MB
Progress (5): 3.7/12 MB | 3.0/8.5 MB | 0.5/2.2 MB | 0.5/1.8 MB | 0/2.0 MB
Progress (5): 3.7/12 MB | 3.0/8.5 MB | 0.5/2.2 MB | 0.5/1.8 MB | 0/2.0 MB
Progress (5): 3.7/12 MB | 3.0/8.5 MB | 0.6/2.2 MB | 0.5/1.8 MB | 0/2.0 MB
Progress (5): 3.7/12 MB | 3.0/8.5 MB | 0.6/2.2 MB | 0.6/1.8 MB | 0/2.0 MB
Progress (5): 3.7/12 MB | 3.0/8.5 MB | 0.6/2.2 MB | 0.6/1.8 MB | 0/2.0 MB
Progress (5): 3.7/12 MB | 3.0/8.5 MB | 0.6/2.2 MB | 0.6/1.8 MB | 0/2.0 MB
Progress (5): 3.7/12 MB | 3.0/8.5 MB | 0.6/2.2 MB | 0.6/1.8 MB | 0/2.0 MB
Progress (5): 3.7/12 MB | 3.0/8.5 MB | 0.6/2.2 MB | 0.6/1.8 MB | 0/2.0 MB
Progress (5): 3.7/12 MB | 3.0/8.5 MB | 0.6/2.2 MB | 0.6/1.8 MB | 0/2.0 MB
Progress (5): 3.7/12 MB | 3.0/8.5 MB | 0.6/2.2 MB | 0.6/1.8 MB | 0.1/2.0 MB
Progress (5): 3.7/12 MB | 3.0/8.5 MB | 0.6/2.2 MB | 0.6/1.8 MB | 0.1/2.0 MB
Progress (5): 3.7/12 MB | 3.0/8.5 MB | 0.6/2.2 MB | 0.6/1.8 MB | 0.1/2.0 MB
Progress (5): 3.7/12 MB | 3.0/8.5 MB | 0.6/2.2 MB | 0.6/1.8 MB | 0.1/2.0 MB
Progress (5): 3.7/12 MB | 3.0/8.5 MB | 0.6/2.2 MB | 0.6/1.8 MB | 0.1/2.0 MB
Progress (5): 3.7/12 MB | 3.0/8.5 MB | 0.6/2.2 MB | 0.6/1.8 MB | 0.1/2.0 MB
Progress (5): 3.7/12 MB | 3.0/8.5 MB | 0.6/2.2 MB | 0.6/1.8 MB | 0.1/2.0 MB
Progress (5): 3.7/12 MB | 3.0/8.5 MB | 0.6/2.2 MB | 0.6/1.8 MB | 0.1/2.0 MB
Progress (5): 3.7/12 MB | 3.0/8.5 MB | 0.6/2.2 MB | 0.6/1.8 MB | 0.1/2.0 MB
Progress (5): 3.7/12 MB | 3.0/8.5 MB | 0.6/2.2 MB | 0.6/1.8 MB | 0.1/2.0 MB
Progress (5): 3.7/12 MB | 3.0/8.5 MB | 0.6/2.2 MB | 0.6/1.8 MB | 0.1/2.0 MB
Progress (5): 3.7/12 MB | 3.0/8.5 MB | 0.6/2.2 MB | 0.6/1.8 MB | 0.1/2.0 MB
Progress (5): 3.8/12 MB | 3.0/8.5 MB | 0.6/2.2 MB | 0.6/1.8 MB | 0.1/2.0 MB
Progress (5): 3.8/12 MB | 3.0/8.5 MB | 0.6/2.2 MB | 0.6/1.8 MB | 0.1/2.0 MB
Progress (5): 3.8/12 MB | 3.0/8.5 MB | 0.6/2.2 MB | 0.6/1.8 MB | 0.1/2.0 MB
Progress (5): 3.8/12 MB | 3.0/8.5 MB | 0.6/2.2 MB | 0.6/1.8 MB | 0.1/2.0 MB
Progress (5): 3.8/12 MB | 3.0/8.5 MB | 0.6/2.2 MB | 0.6/1.8 MB | 0.1/2.0 MB
Progress (5): 3.8/12 MB | 3.1/8.5 MB | 0.6/2.2 MB | 0.6/1.8 MB | 0.1/2.0 MB
Progress (5): 3.8/12 MB | 3.1/8.5 MB | 0.6/2.2 MB | 0.6/1.8 MB | 0.1/2.0 MB
Progress (5): 3.8/12 MB | 3.1/8.5 MB | 0.6/2.2 MB | 0.6/1.8 MB | 0.1/2.0 MB
Progress (5): 3.8/12 MB | 3.1/8.5 MB | 0.6/2.2 MB | 0.6/1.8 MB | 0.1/2.0 MB
Progress (5): 3.8/12 MB | 3.1/8.5 MB | 0.6/2.2 MB | 0.6/1.8 MB | 0.1/2.0 MB
Progress (5): 3.8/12 MB | 3.1/8.5 MB | 0.6/2.2 MB | 0.6/1.8 MB | 0.1/2.0 MB
Progress (5): 3.8/12 MB | 3.1/8.5 MB | 0.6/2.2 MB | 0.6/1.8 MB | 0.1/2.0 MB
Progress (5): 3.8/12 MB | 3.1/8.5 MB | 0.6/2.2 MB | 0.6/1.8 MB | 0.1/2.0 MB
Progress (5): 3.8/12 MB | 3.1/8.5 MB | 0.6/2.2 MB | 0.6/1.8 MB | 0.2/2.0 MB
Progress (5): 3.8/12 MB | 3.1/8.5 MB | 0.7/2.2 MB | 0.6/1.8 MB | 0.2/2.0 MB
Progress (5): 3.8/12 MB | 3.1/8.5 MB | 0.7/2.2 MB | 0.6/1.8 MB | 0.2/2.0 MB
Progress (5): 3.8/12 MB | 3.1/8.5 MB | 0.7/2.2 MB | 0.6/1.8 MB | 0.2/2.0 MB
Progress (5): 3.8/12 MB | 3.1/8.5 MB | 0.7/2.2 MB | 0.6/1.8 MB | 0.2/2.0 MB
Progress (5): 3.8/12 MB | 3.1/8.5 MB | 0.7/2.2 MB | 0.6/1.8 MB | 0.2/2.0 MB
Progress (5): 3.8/12 MB | 3.1/8.5 MB | 0.7/2.2 MB | 0.6/1.8 MB | 0.2/2.0 MB
Progress (5): 3.8/12 MB | 3.1/8.5 MB | 0.7/2.2 MB | 0.6/1.8 MB | 0.2/2.0 MB
Progress (5): 3.8/12 MB | 3.1/8.5 MB | 0.7/2.2 MB | 0.6/1.8 MB | 0.2/2.0 MB
Progress (5): 3.8/12 MB | 3.1/8.5 MB | 0.7/2.2 MB | 0.6/1.8 MB | 0.2/2.0 MB
Progress (5): 3.8/12 MB | 3.1/8.5 MB | 0.7/2.2 MB | 0.6/1.8 MB | 0.2/2.0 MB
Progress (5): 3.8/12 MB | 3.2/8.5 MB | 0.7/2.2 MB | 0.6/1.8 MB | 0.2/2.0 MB
Progress (5): 3.8/12 MB | 3.2/8.5 MB | 0.7/2.2 MB | 0.6/1.8 MB | 0.2/2.0 MB
Progress (5): 3.8/12 MB | 3.2/8.5 MB | 0.7/2.2 MB | 0.6/1.8 MB | 0.2/2.0 MB
Progress (5): 3.8/12 MB | 3.2/8.5 MB | 0.7/2.2 MB | 0.6/1.8 MB | 0.2/2.0 MB
Progress (5): 3.8/12 MB | 3.2/8.5 MB | 0.7/2.2 MB | 0.6/1.8 MB | 0.2/2.0 MB
Progress (5): 3.8/12 MB | 3.2/8.5 MB | 0.7/2.2 MB | 0.6/1.8 MB | 0.3/2.0 MB
Progress (5): 3.8/12 MB | 3.2/8.5 MB | 0.7/2.2 MB | 0.6/1.8 MB | 0.3/2.0 MB
Progress (5): 3.8/12 MB | 3.2/8.5 MB | 0.7/2.2 MB | 0.6/1.8 MB | 0.3/2.0 MB
Progress (5): 3.8/12 MB | 3.2/8.5 MB | 0.7/2.2 MB | 0.6/1.8 MB | 0.3/2.0 MB
Progress (5): 3.8/12 MB | 3.2/8.5 MB | 0.7/2.2 MB | 0.6/1.8 MB | 0.3/2.0 MB
Progress (5): 3.8/12 MB | 3.2/8.5 MB | 0.7/2.2 MB | 0.6/1.8 MB | 0.3/2.0 MB
Progress (5): 3.8/12 MB | 3.2/8.5 MB | 0.8/2.2 MB | 0.6/1.8 MB | 0.3/2.0 MB
Progress (5): 3.8/12 MB | 3.2/8.5 MB | 0.8/2.2 MB | 0.6/1.8 MB | 0.3/2.0 MB
Progress (5): 3.8/12 MB | 3.2/8.5 MB | 0.8/2.2 MB | 0.6/1.8 MB | 0.3/2.0 MB
Progress (5): 3.8/12 MB | 3.2/8.5 MB | 0.8/2.2 MB | 0.6/1.8 MB | 0.3/2.0 MB
Progress (5): 3.8/12 MB | 3.2/8.5 MB | 0.8/2.2 MB | 0.6/1.8 MB | 0.3/2.0 MB
Progress (5): 3.8/12 MB | 3.2/8.5 MB | 0.8/2.2 MB | 0.6/1.8 MB | 0.3/2.0 MB
Progress (5): 3.8/12 MB | 3.2/8.5 MB | 0.8/2.2 MB | 0.6/1.8 MB | 0.3/2.0 MB
Progress (5): 3.8/12 MB | 3.2/8.5 MB | 0.8/2.2 MB | 0.6/1.8 MB | 0.3/2.0 MB
Progress (5): 3.8/12 MB | 3.3/8.5 MB | 0.8/2.2 MB | 0.6/1.8 MB | 0.3/2.0 MB
Progress (5): 3.8/12 MB | 3.3/8.5 MB | 0.8/2.2 MB | 0.6/1.8 MB | 0.3/2.0 MB
Progress (5): 3.8/12 MB | 3.3/8.5 MB | 0.8/2.2 MB | 0.6/1.8 MB | 0.3/2.0 MB
Progress (5): 3.8/12 MB | 3.3/8.5 MB | 0.8/2.2 MB | 0.6/1.8 MB | 0.4/2.0 MB
Progress (5): 3.8/12 MB | 3.3/8.5 MB | 0.8/2.2 MB | 0.6/1.8 MB | 0.4/2.0 MB
Progress (5): 3.8/12 MB | 3.3/8.5 MB | 0.8/2.2 MB | 0.6/1.8 MB | 0.4/2.0 MB
Progress (5): 3.8/12 MB | 3.3/8.5 MB | 0.8/2.2 MB | 0.7/1.8 MB | 0.4/2.0 MB
Progress (5): 3.8/12 MB | 3.3/8.5 MB | 0.8/2.2 MB | 0.7/1.8 MB | 0.4/2.0 MB
Progress (5): 3.8/12 MB | 3.3/8.5 MB | 0.8/2.2 MB | 0.7/1.8 MB | 0.4/2.0 MB
Progress (5): 3.8/12 MB | 3.3/8.5 MB | 0.8/2.2 MB | 0.7/1.8 MB | 0.4/2.0 MB
Progress (5): 3.8/12 MB | 3.3/8.5 MB | 0.8/2.2 MB | 0.7/1.8 MB | 0.4/2.0 MB
Progress (5): 3.8/12 MB | 3.3/8.5 MB | 0.8/2.2 MB | 0.7/1.8 MB | 0.4/2.0 MB
Progress (5): 3.8/12 MB | 3.3/8.5 MB | 0.8/2.2 MB | 0.7/1.8 MB | 0.4/2.0 MB
Progress (5): 3.8/12 MB | 3.3/8.5 MB | 0.8/2.2 MB | 0.7/1.8 MB | 0.4/2.0 MB
Progress (5): 3.8/12 MB | 3.3/8.5 MB | 0.9/2.2 MB | 0.7/1.8 MB | 0.4/2.0 MB
Progress (5): 3.8/12 MB | 3.3/8.5 MB | 0.9/2.2 MB | 0.7/1.8 MB | 0.4/2.0 MB
Progress (5): 3.8/12 MB | 3.3/8.5 MB | 0.9/2.2 MB | 0.7/1.8 MB | 0.4/2.0 MB
Progress (5): 3.8/12 MB | 3.3/8.5 MB | 0.9/2.2 MB | 0.7/1.8 MB | 0.4/2.0 MB
Progress (5): 3.8/12 MB | 3.3/8.5 MB | 0.9/2.2 MB | 0.7/1.8 MB | 0.4/2.0 MB
Progress (5): 3.8/12 MB | 3.3/8.5 MB | 0.9/2.2 MB | 0.7/1.8 MB | 0.4/2.0 MB
Progress (5): 3.8/12 MB | 3.3/8.5 MB | 0.9/2.2 MB | 0.7/1.8 MB | 0.4/2.0 MB
Progress (5): 3.8/12 MB | 3.3/8.5 MB | 0.9/2.2 MB | 0.7/1.8 MB | 0.4/2.0 MB
Progress (5): 3.8/12 MB | 3.3/8.5 MB | 0.9/2.2 MB | 0.7/1.8 MB | 0.4/2.0 MB
Progress (5): 3.8/12 MB | 3.3/8.5 MB | 0.9/2.2 MB | 0.7/1.8 MB | 0.4/2.0 MB
Progress (5): 3.8/12 MB | 3.3/8.5 MB | 0.9/2.2 MB | 0.7/1.8 MB | 0.4/2.0 MB
Progress (5): 3.8/12 MB | 3.3/8.5 MB | 0.9/2.2 MB | 0.7/1.8 MB | 0.4/2.0 MB
Progress (5): 3.8/12 MB | 3.3/8.5 MB | 0.9/2.2 MB | 0.7/1.8 MB | 0.4/2.0 MB
Progress (5): 3.8/12 MB | 3.3/8.5 MB | 0.9/2.2 MB | 0.7/1.8 MB | 0.4/2.0 MB
Progress (5): 3.8/12 MB | 3.3/8.5 MB | 0.9/2.2 MB | 0.7/1.8 MB | 0.4/2.0 MB
Progress (5): 3.9/12 MB | 3.3/8.5 MB | 0.9/2.2 MB | 0.7/1.8 MB | 0.4/2.0 MB
Progress (5): 3.9/12 MB | 3.3/8.5 MB | 0.9/2.2 MB | 0.8/1.8 MB | 0.4/2.0 MB
Progress (5): 3.9/12 MB | 3.3/8.5 MB | 0.9/2.2 MB | 0.8/1.8 MB | 0.5/2.0 MB
Progress (5): 3.9/12 MB | 3.3/8.5 MB | 0.9/2.2 MB | 0.8/1.8 MB | 0.5/2.0 MB
Progress (5): 3.9/12 MB | 3.3/8.5 MB | 0.9/2.2 MB | 0.8/1.8 MB | 0.5/2.0 MB
Progress (5): 3.9/12 MB | 3.3/8.5 MB | 0.9/2.2 MB | 0.8/1.8 MB | 0.5/2.0 MB
Progress (5): 3.9/12 MB | 3.3/8.5 MB | 0.9/2.2 MB | 0.8/1.8 MB | 0.5/2.0 MB
Progress (5): 3.9/12 MB | 3.3/8.5 MB | 0.9/2.2 MB | 0.8/1.8 MB | 0.5/2.0 MB
Progress (5): 3.9/12 MB | 3.3/8.5 MB | 0.9/2.2 MB | 0.8/1.8 MB | 0.5/2.0 MB
Progress (5): 3.9/12 MB | 3.3/8.5 MB | 0.9/2.2 MB | 0.8/1.8 MB | 0.5/2.0 MB
Progress (5): 3.9/12 MB | 3.3/8.5 MB | 0.9/2.2 MB | 0.8/1.8 MB | 0.5/2.0 MB
Progress (5): 3.9/12 MB | 3.3/8.5 MB | 0.9/2.2 MB | 0.8/1.8 MB | 0.5/2.0 MB
Progress (5): 3.9/12 MB | 3.3/8.5 MB | 0.9/2.2 MB | 0.8/1.8 MB | 0.5/2.0 MB
Progress (5): 3.9/12 MB | 3.3/8.5 MB | 0.9/2.2 MB | 0.8/1.8 MB | 0.5/2.0 MB
Progress (5): 3.9/12 MB | 3.3/8.5 MB | 0.9/2.2 MB | 0.8/1.8 MB | 0.5/2.0 MB
Progress (5): 3.9/12 MB | 3.4/8.5 MB | 0.9/2.2 MB | 0.8/1.8 MB | 0.5/2.0 MB
Progress (5): 3.9/12 MB | 3.4/8.5 MB | 0.9/2.2 MB | 0.8/1.8 MB | 0.5/2.0 MB
Progress (5): 3.9/12 MB | 3.4/8.5 MB | 0.9/2.2 MB | 0.8/1.8 MB | 0.5/2.0 MB
Progress (5): 3.9/12 MB | 3.4/8.5 MB | 0.9/2.2 MB | 0.8/1.8 MB | 0.5/2.0 MB
Progress (5): 3.9/12 MB | 3.4/8.5 MB | 0.9/2.2 MB | 0.8/1.8 MB | 0.5/2.0 MB
Progress (5): 3.9/12 MB | 3.4/8.5 MB | 0.9/2.2 MB | 0.8/1.8 MB | 0.5/2.0 MB
Progress (5): 3.9/12 MB | 3.4/8.5 MB | 0.9/2.2 MB | 0.9/1.8 MB | 0.5/2.0 MB
Progress (5): 3.9/12 MB | 3.4/8.5 MB | 0.9/2.2 MB | 0.9/1.8 MB | 0.5/2.0 MB
Progress (5): 3.9/12 MB | 3.4/8.5 MB | 0.9/2.2 MB | 0.9/1.8 MB | 0.5/2.0 MB
Progress (5): 4.0/12 MB | 3.4/8.5 MB | 0.9/2.2 MB | 0.9/1.8 MB | 0.5/2.0 MB
Progress (5): 4.0/12 MB | 3.4/8.5 MB | 0.9/2.2 MB | 0.9/1.8 MB | 0.5/2.0 MB
Progress (5): 4.0/12 MB | 3.4/8.5 MB | 1.0/2.2 MB | 0.9/1.8 MB | 0.5/2.0 MB
Progress (5): 4.0/12 MB | 3.4/8.5 MB | 1.0/2.2 MB | 0.9/1.8 MB | 0.5/2.0 MB
Progress (5): 4.0/12 MB | 3.4/8.5 MB | 1.0/2.2 MB | 0.9/1.8 MB | 0.5/2.0 MB
Progress (5): 4.0/12 MB | 3.4/8.5 MB | 1.0/2.2 MB | 0.9/1.8 MB | 0.5/2.0 MB
Progress (5): 4.0/12 MB | 3.4/8.5 MB | 1.0/2.2 MB | 0.9/1.8 MB | 0.5/2.0 MB
Progress (5): 4.0/12 MB | 3.4/8.5 MB | 1.0/2.2 MB | 0.9/1.8 MB | 0.5/2.0 MB
Progress (5): 4.0/12 MB | 3.4/8.5 MB | 1.0/2.2 MB | 0.9/1.8 MB | 0.5/2.0 MB
Progress (5): 4.0/12 MB | 3.4/8.5 MB | 1.0/2.2 MB | 0.9/1.8 MB | 0.5/2.0 MB
Progress (5): 4.0/12 MB | 3.4/8.5 MB | 1.0/2.2 MB | 0.9/1.8 MB | 0.5/2.0 MB
Progress (5): 4.1/12 MB | 3.4/8.5 MB | 1.0/2.2 MB | 0.9/1.8 MB | 0.5/2.0 MB
Progress (5): 4.1/12 MB | 3.4/8.5 MB | 1.0/2.2 MB | 0.9/1.8 MB | 0.5/2.0 MB
Progress (5): 4.1/12 MB | 3.4/8.5 MB | 1.0/2.2 MB | 0.9/1.8 MB | 0.5/2.0 MB
Progress (5): 4.1/12 MB | 3.4/8.5 MB | 1.0/2.2 MB | 0.9/1.8 MB | 0.5/2.0 MB
Progress (5): 4.1/12 MB | 3.4/8.5 MB | 1.0/2.2 MB | 0.9/1.8 MB | 0.5/2.0 MB
Progress (5): 4.1/12 MB | 3.4/8.5 MB | 1.0/2.2 MB | 0.9/1.8 MB | 0.5/2.0 MB
Progress (5): 4.2/12 MB | 3.4/8.5 MB | 1.0/2.2 MB | 0.9/1.8 MB | 0.5/2.0 MB
Progress (5): 4.2/12 MB | 3.4/8.5 MB | 1.0/2.2 MB | 0.9/1.8 MB | 0.5/2.0 MB
Progress (5): 4.2/12 MB | 3.4/8.5 MB | 1.0/2.2 MB | 0.9/1.8 MB | 0.5/2.0 MB
Progress (5): 4.2/12 MB | 3.4/8.5 MB | 1.0/2.2 MB | 0.9/1.8 MB | 0.5/2.0 MB
Progress (5): 4.2/12 MB | 3.4/8.5 MB | 1.0/2.2 MB | 0.9/1.8 MB | 0.5/2.0 MB
Progress (5): 4.2/12 MB | 3.4/8.5 MB | 1.0/2.2 MB | 0.9/1.8 MB | 0.5/2.0 MB
Progress (5): 4.2/12 MB | 3.4/8.5 MB | 1.0/2.2 MB | 0.9/1.8 MB | 0.5/2.0 MB
Progress (5): 4.2/12 MB | 3.4/8.5 MB | 1.0/2.2 MB | 0.9/1.8 MB | 0.5/2.0 MB
Progress (5): 4.2/12 MB | 3.4/8.5 MB | 1.0/2.2 MB | 0.9/1.8 MB | 0.5/2.0 MB
Progress (5): 4.2/12 MB | 3.4/8.5 MB | 1.0/2.2 MB | 0.9/1.8 MB | 0.5/2.0 MB
Progress (5): 4.2/12 MB | 3.4/8.5 MB | 1.0/2.2 MB | 0.9/1.8 MB | 0.6/2.0 MB
Progress (5): 4.2/12 MB | 3.4/8.5 MB | 1.0/2.2 MB | 0.9/1.8 MB | 0.6/2.0 MB
Progress (5): 4.2/12 MB | 3.4/8.5 MB | 1.0/2.2 MB | 0.9/1.8 MB | 0.6/2.0 MB
Progress (5): 4.2/12 MB | 3.4/8.5 MB | 1.0/2.2 MB | 1.0/1.8 MB | 0.6/2.0 MB
Progress (5): 4.2/12 MB | 3.4/8.5 MB | 1.0/2.2 MB | 1.0/1.8 MB | 0.6/2.0 MB
Progress (5): 4.2/12 MB | 3.4/8.5 MB | 1.0/2.2 MB | 1.0/1.8 MB | 0.6/2.0 MB
Progress (5): 4.2/12 MB | 3.4/8.5 MB | 1.0/2.2 MB | 1.0/1.8 MB | 0.6/2.0 MB
Progress (5): 4.2/12 MB | 3.4/8.5 MB | 1.0/2.2 MB | 1.0/1.8 MB | 0.6/2.0 MB
Progress (5): 4.2/12 MB | 3.4/8.5 MB | 1.0/2.2 MB | 1.0/1.8 MB | 0.6/2.0 MB
Progress (5): 4.2/12 MB | 3.4/8.5 MB | 1.0/2.2 MB | 1.0/1.8 MB | 0.6/2.0 MB
Progress (5): 4.2/12 MB | 3.4/8.5 MB | 1.0/2.2 MB | 1.0/1.8 MB | 0.6/2.0 MB
Progress (5): 4.2/12 MB | 3.4/8.5 MB | 1.0/2.2 MB | 1.1/1.8 MB | 0.6/2.0 MB
Progress (5): 4.2/12 MB | 3.4/8.5 MB | 1.0/2.2 MB | 1.1/1.8 MB | 0.6/2.0 MB
Progress (5): 4.2/12 MB | 3.4/8.5 MB | 1.0/2.2 MB | 1.1/1.8 MB | 0.6/2.0 MB
Progress (5): 4.2/12 MB | 3.4/8.5 MB | 1.0/2.2 MB | 1.1/1.8 MB | 0.6/2.0 MB
Progress (5): 4.2/12 MB | 3.4/8.5 MB | 1.0/2.2 MB | 1.1/1.8 MB | 0.6/2.0 MB
Progress (5): 4.2/12 MB | 3.5/8.5 MB | 1.0/2.2 MB | 1.1/1.8 MB | 0.6/2.0 MB
Progress (5): 4.2/12 MB | 3.5/8.5 MB | 1.0/2.2 MB | 1.1/1.8 MB | 0.6/2.0 MB
Progress (5): 4.2/12 MB | 3.5/8.5 MB | 1.0/2.2 MB | 1.1/1.8 MB | 0.6/2.0 MB
Progress (5): 4.2/12 MB | 3.5/8.5 MB | 1.0/2.2 MB | 1.1/1.8 MB | 0.6/2.0 MB
Progress (5): 4.2/12 MB | 3.5/8.5 MB | 1.0/2.2 MB | 1.1/1.8 MB | 0.6/2.0 MB
Progress (5): 4.2/12 MB | 3.5/8.5 MB | 1.0/2.2 MB | 1.1/1.8 MB | 0.6/2.0 MB
Progress (5): 4.2/12 MB | 3.5/8.5 MB | 1.0/2.2 MB | 1.1/1.8 MB | 0.6/2.0 MB
Progress (5): 4.2/12 MB | 3.5/8.5 MB | 1.0/2.2 MB | 1.1/1.8 MB | 0.6/2.0 MB
Progress (5): 4.2/12 MB | 3.5/8.5 MB | 1.0/2.2 MB | 1.1/1.8 MB | 0.6/2.0 MB
Progress (5): 4.3/12 MB | 3.5/8.5 MB | 1.0/2.2 MB | 1.1/1.8 MB | 0.6/2.0 MB
Progress (5): 4.3/12 MB | 3.5/8.5 MB | 1.0/2.2 MB | 1.2/1.8 MB | 0.6/2.0 MB
Progress (5): 4.3/12 MB | 3.5/8.5 MB | 1.0/2.2 MB | 1.2/1.8 MB | 0.6/2.0 MB
Progress (5): 4.3/12 MB | 3.5/8.5 MB | 1.0/2.2 MB | 1.2/1.8 MB | 0.6/2.0 MB
Progress (5): 4.3/12 MB | 3.5/8.5 MB | 1.0/2.2 MB | 1.2/1.8 MB | 0.6/2.0 MB
Progress (5): 4.3/12 MB | 3.5/8.5 MB | 1.0/2.2 MB | 1.2/1.8 MB | 0.6/2.0 MB
Progress (5): 4.3/12 MB | 3.5/8.5 MB | 1.0/2.2 MB | 1.2/1.8 MB | 0.6/2.0 MB
Progress (5): 4.3/12 MB | 3.5/8.5 MB | 1.0/2.2 MB | 1.2/1.8 MB | 0.6/2.0 MB
Progress (5): 4.3/12 MB | 3.5/8.5 MB | 1.0/2.2 MB | 1.2/1.8 MB | 0.6/2.0 MB
Progress (5): 4.3/12 MB | 3.5/8.5 MB | 1.1/2.2 MB | 1.2/1.8 MB | 0.6/2.0 MB
Progress (5): 4.3/12 MB | 3.5/8.5 MB | 1.1/2.2 MB | 1.2/1.8 MB | 0.6/2.0 MB
Progress (5): 4.3/12 MB | 3.5/8.5 MB | 1.1/2.2 MB | 1.2/1.8 MB | 0.6/2.0 MB
Progress (5): 4.3/12 MB | 3.5/8.5 MB | 1.1/2.2 MB | 1.2/1.8 MB | 0.6/2.0 MB
Progress (5): 4.3/12 MB | 3.5/8.5 MB | 1.1/2.2 MB | 1.2/1.8 MB | 0.7/2.0 MB
Progress (5): 4.3/12 MB | 3.5/8.5 MB | 1.1/2.2 MB | 1.2/1.8 MB | 0.7/2.0 MB
Progress (5): 4.3/12 MB | 3.5/8.5 MB | 1.1/2.2 MB | 1.2/1.8 MB | 0.7/2.0 MB
Progress (5): 4.3/12 MB | 3.5/8.5 MB | 1.1/2.2 MB | 1.2/1.8 MB | 0.7/2.0 MB
Progress (5): 4.3/12 MB | 3.5/8.5 MB | 1.1/2.2 MB | 1.2/1.8 MB | 0.7/2.0 MB
Progress (5): 4.3/12 MB | 3.5/8.5 MB | 1.1/2.2 MB | 1.2/1.8 MB | 0.7/2.0 MB
Progress (5): 4.3/12 MB | 3.5/8.5 MB | 1.1/2.2 MB | 1.2/1.8 MB | 0.7/2.0 MB
Progress (5): 4.3/12 MB | 3.5/8.5 MB | 1.1/2.2 MB | 1.2/1.8 MB | 0.7/2.0 MB
Progress (5): 4.3/12 MB | 3.5/8.5 MB | 1.1/2.2 MB | 1.2/1.8 MB | 0.7/2.0 MB
Progress (5): 4.3/12 MB | 3.5/8.5 MB | 1.1/2.2 MB | 1.2/1.8 MB | 0.7/2.0 MB
Progress (5): 4.3/12 MB | 3.5/8.5 MB | 1.1/2.2 MB | 1.2/1.8 MB | 0.7/2.0 MB
Progress (5): 4.3/12 MB | 3.5/8.5 MB | 1.1/2.2 MB | 1.2/1.8 MB | 0.7/2.0 MB
Progress (5): 4.3/12 MB | 3.5/8.5 MB | 1.1/2.2 MB | 1.2/1.8 MB | 0.7/2.0 MB
Progress (5): 4.3/12 MB | 3.6/8.5 MB | 1.1/2.2 MB | 1.2/1.8 MB | 0.7/2.0 MB
Progress (5): 4.4/12 MB | 3.6/8.5 MB | 1.1/2.2 MB | 1.2/1.8 MB | 0.7/2.0 MB
Progress (5): 4.4/12 MB | 3.6/8.5 MB | 1.1/2.2 MB | 1.2/1.8 MB | 0.7/2.0 MB
Progress (5): 4.4/12 MB | 3.6/8.5 MB | 1.1/2.2 MB | 1.3/1.8 MB | 0.7/2.0 MB
Progress (5): 4.4/12 MB | 3.6/8.5 MB | 1.1/2.2 MB | 1.3/1.8 MB | 0.7/2.0 MB
Progress (5): 4.4/12 MB | 3.6/8.5 MB | 1.1/2.2 MB | 1.3/1.8 MB | 0.7/2.0 MB
Progress (5): 4.4/12 MB | 3.6/8.5 MB | 1.1/2.2 MB | 1.3/1.8 MB | 0.7/2.0 MB
Progress (5): 4.4/12 MB | 3.6/8.5 MB | 1.1/2.2 MB | 1.3/1.8 MB | 0.7/2.0 MB
Progress (5): 4.4/12 MB | 3.6/8.5 MB | 1.1/2.2 MB | 1.3/1.8 MB | 0.7/2.0 MB
Progress (5): 4.4/12 MB | 3.6/8.5 MB | 1.1/2.2 MB | 1.3/1.8 MB | 0.7/2.0 MB
Progress (5): 4.4/12 MB | 3.6/8.5 MB | 1.1/2.2 MB | 1.3/1.8 MB | 0.7/2.0 MB
Progress (5): 4.4/12 MB | 3.6/8.5 MB | 1.1/2.2 MB | 1.3/1.8 MB | 0.7/2.0 MB
Progress (5): 4.4/12 MB | 3.6/8.5 MB | 1.1/2.2 MB | 1.3/1.8 MB | 0.7/2.0 MB
Progress (5): 4.4/12 MB | 3.6/8.5 MB | 1.1/2.2 MB | 1.3/1.8 MB | 0.7/2.0 MB
Progress (5): 4.4/12 MB | 3.6/8.5 MB | 1.1/2.2 MB | 1.3/1.8 MB | 0.7/2.0 MB
Progress (5): 4.4/12 MB | 3.6/8.5 MB | 1.1/2.2 MB | 1.3/1.8 MB | 0.7/2.0 MB
Progress (5): 4.4/12 MB | 3.6/8.5 MB | 1.1/2.2 MB | 1.3/1.8 MB | 0.7/2.0 MB
Progress (5): 4.4/12 MB | 3.6/8.5 MB | 1.1/2.2 MB | 1.3/1.8 MB | 0.7/2.0 MB
Progress (5): 4.4/12 MB | 3.6/8.5 MB | 1.1/2.2 MB | 1.3/1.8 MB | 0.7/2.0 MB
Progress (5): 4.4/12 MB | 3.6/8.5 MB | 1.1/2.2 MB | 1.3/1.8 MB | 0.7/2.0 MB
Progress (5): 4.4/12 MB | 3.6/8.5 MB | 1.1/2.2 MB | 1.3/1.8 MB | 0.7/2.0 MB
Progress (5): 4.4/12 MB | 3.6/8.5 MB | 1.2/2.2 MB | 1.3/1.8 MB | 0.7/2.0 MB
Progress (5): 4.4/12 MB | 3.6/8.5 MB | 1.2/2.2 MB | 1.3/1.8 MB | 0.7/2.0 MB
Progress (5): 4.4/12 MB | 3.6/8.5 MB | 1.2/2.2 MB | 1.3/1.8 MB | 0.7/2.0 MB
Progress (5): 4.4/12 MB | 3.6/8.5 MB | 1.2/2.2 MB | 1.3/1.8 MB | 0.7/2.0 MB
Progress (5): 4.5/12 MB | 3.6/8.5 MB | 1.2/2.2 MB | 1.3/1.8 MB | 0.7/2.0 MB
Progress (5): 4.5/12 MB | 3.6/8.5 MB | 1.2/2.2 MB | 1.3/1.8 MB | 0.7/2.0 MB
Progress (5): 4.5/12 MB | 3.6/8.5 MB | 1.2/2.2 MB | 1.3/1.8 MB | 0.8/2.0 MB
Progress (5): 4.5/12 MB | 3.6/8.5 MB | 1.2/2.2 MB | 1.3/1.8 MB | 0.8/2.0 MB
Progress (5): 4.5/12 MB | 3.6/8.5 MB | 1.2/2.2 MB | 1.3/1.8 MB | 0.8/2.0 MB
Progress (5): 4.5/12 MB | 3.6/8.5 MB | 1.2/2.2 MB | 1.3/1.8 MB | 0.8/2.0 MB
Progress (5): 4.5/12 MB | 3.6/8.5 MB | 1.2/2.2 MB | 1.4/1.8 MB | 0.8/2.0 MB
Progress (5): 4.5/12 MB | 3.6/8.5 MB | 1.2/2.2 MB | 1.4/1.8 MB | 0.8/2.0 MB
Progress (5): 4.5/12 MB | 3.7/8.5 MB | 1.2/2.2 MB | 1.4/1.8 MB | 0.8/2.0 MB
Progress (5): 4.5/12 MB | 3.7/8.5 MB | 1.2/2.2 MB | 1.4/1.8 MB | 0.8/2.0 MB
Progress (5): 4.5/12 MB | 3.7/8.5 MB | 1.2/2.2 MB | 1.4/1.8 MB | 0.8/2.0 MB
Progress (5): 4.5/12 MB | 3.7/8.5 MB | 1.2/2.2 MB | 1.4/1.8 MB | 0.8/2.0 MB
Progress (5): 4.5/12 MB | 3.7/8.5 MB | 1.2/2.2 MB | 1.4/1.8 MB | 0.8/2.0 MB
Progress (5): 4.5/12 MB | 3.7/8.5 MB | 1.2/2.2 MB | 1.4/1.8 MB | 0.8/2.0 MB
Progress (5): 4.5/12 MB | 3.7/8.5 MB | 1.2/2.2 MB | 1.4/1.8 MB | 0.8/2.0 MB
Progress (5): 4.5/12 MB | 3.7/8.5 MB | 1.2/2.2 MB | 1.4/1.8 MB | 0.8/2.0 MB
Progress (5): 4.5/12 MB | 3.7/8.5 MB | 1.2/2.2 MB | 1.4/1.8 MB | 0.8/2.0 MB
Progress (5): 4.5/12 MB | 3.7/8.5 MB | 1.2/2.2 MB | 1.4/1.8 MB | 0.8/2.0 MB
Progress (5): 4.5/12 MB | 3.7/8.5 MB | 1.2/2.2 MB | 1.4/1.8 MB | 0.8/2.0 MB
Progress (5): 4.5/12 MB | 3.7/8.5 MB | 1.2/2.2 MB | 1.4/1.8 MB | 0.8/2.0 MB
Progress (5): 4.5/12 MB | 3.7/8.5 MB | 1.2/2.2 MB | 1.4/1.8 MB | 0.8/2.0 MB
Progress (5): 4.5/12 MB | 3.7/8.5 MB | 1.2/2.2 MB | 1.4/1.8 MB | 0.8/2.0 MB
Progress (5): 4.5/12 MB | 3.7/8.5 MB | 1.2/2.2 MB | 1.4/1.8 MB | 0.8/2.0 MB
Progress (5): 4.5/12 MB | 3.7/8.5 MB | 1.2/2.2 MB | 1.4/1.8 MB | 0.8/2.0 MB
Progress (5): 4.5/12 MB | 3.7/8.5 MB | 1.2/2.2 MB | 1.4/1.8 MB | 0.8/2.0 MB
Progress (5): 4.5/12 MB | 3.7/8.5 MB | 1.2/2.2 MB | 1.4/1.8 MB | 0.8/2.0 MB
Progress (5): 4.5/12 MB | 3.7/8.5 MB | 1.2/2.2 MB | 1.4/1.8 MB | 0.8/2.0 MB
Progress (5): 4.5/12 MB | 3.7/8.5 MB | 1.2/2.2 MB | 1.4/1.8 MB | 0.8/2.0 MB
Progress (5): 4.5/12 MB | 3.7/8.5 MB | 1.3/2.2 MB | 1.4/1.8 MB | 0.8/2.0 MB
Progress (5): 4.5/12 MB | 3.7/8.5 MB | 1.3/2.2 MB | 1.4/1.8 MB | 0.8/2.0 MB
Progress (5): 4.5/12 MB | 3.7/8.5 MB | 1.3/2.2 MB | 1.4/1.8 MB | 0.8/2.0 MB
Progress (5): 4.6/12 MB | 3.7/8.5 MB | 1.3/2.2 MB | 1.4/1.8 MB | 0.8/2.0 MB
Progress (5): 4.6/12 MB | 3.7/8.5 MB | 1.3/2.2 MB | 1.4/1.8 MB | 0.9/2.0 MB
Progress (5): 4.6/12 MB | 3.7/8.5 MB | 1.3/2.2 MB | 1.4/1.8 MB | 0.9/2.0 MB
Progress (5): 4.6/12 MB | 3.7/8.5 MB | 1.3/2.2 MB | 1.4/1.8 MB | 0.9/2.0 MB
Progress (5): 4.6/12 MB | 3.7/8.5 MB | 1.3/2.2 MB | 1.5/1.8 MB | 0.9/2.0 MB
Progress (5): 4.6/12 MB | 3.7/8.5 MB | 1.3/2.2 MB | 1.5/1.8 MB | 0.9/2.0 MB
Progress (5): 4.6/12 MB | 3.7/8.5 MB | 1.3/2.2 MB | 1.5/1.8 MB | 0.9/2.0 MB
Progress (5): 4.6/12 MB | 3.8/8.5 MB | 1.3/2.2 MB | 1.5/1.8 MB | 0.9/2.0 MB
Progress (5): 4.6/12 MB | 3.8/8.5 MB | 1.3/2.2 MB | 1.5/1.8 MB | 0.9/2.0 MB
Progress (5): 4.6/12 MB | 3.8/8.5 MB | 1.3/2.2 MB | 1.5/1.8 MB | 0.9/2.0 MB
Progress (5): 4.6/12 MB | 3.8/8.5 MB | 1.3/2.2 MB | 1.5/1.8 MB | 0.9/2.0 MB
Progress (5): 4.6/12 MB | 3.8/8.5 MB | 1.3/2.2 MB | 1.5/1.8 MB | 0.9/2.0 MB
Progress (5): 4.6/12 MB | 3.8/8.5 MB | 1.3/2.2 MB | 1.5/1.8 MB | 0.9/2.0 MB
Progress (5): 4.6/12 MB | 3.8/8.5 MB | 1.3/2.2 MB | 1.5/1.8 MB | 0.9/2.0 MB
Progress (5): 4.6/12 MB | 3.8/8.5 MB | 1.3/2.2 MB | 1.5/1.8 MB | 0.9/2.0 MB
Progress (5): 4.6/12 MB | 3.8/8.5 MB | 1.3/2.2 MB | 1.5/1.8 MB | 0.9/2.0 MB
Progress (5): 4.6/12 MB | 3.8/8.5 MB | 1.3/2.2 MB | 1.5/1.8 MB | 0.9/2.0 MB
Progress (5): 4.6/12 MB | 3.8/8.5 MB | 1.3/2.2 MB | 1.5/1.8 MB | 0.9/2.0 MB
Progress (5): 4.6/12 MB | 3.8/8.5 MB | 1.3/2.2 MB | 1.5/1.8 MB | 0.9/2.0 MB
Progress (5): 4.6/12 MB | 3.8/8.5 MB | 1.3/2.2 MB | 1.5/1.8 MB | 0.9/2.0 MB
Progress (5): 4.6/12 MB | 3.8/8.5 MB | 1.3/2.2 MB | 1.5/1.8 MB | 0.9/2.0 MB
Progress (5): 4.6/12 MB | 3.8/8.5 MB | 1.3/2.2 MB | 1.5/1.8 MB | 0.9/2.0 MB
Progress (5): 4.6/12 MB | 3.8/8.5 MB | 1.3/2.2 MB | 1.5/1.8 MB | 0.9/2.0 MB
Progress (5): 4.6/12 MB | 3.8/8.5 MB | 1.3/2.2 MB | 1.5/1.8 MB | 0.9/2.0 MB
Progress (5): 4.6/12 MB | 3.8/8.5 MB | 1.3/2.2 MB | 1.5/1.8 MB | 0.9/2.0 MB
Progress (5): 4.6/12 MB | 3.8/8.5 MB | 1.4/2.2 MB | 1.5/1.8 MB | 0.9/2.0 MB
Progress (5): 4.6/12 MB | 3.8/8.5 MB | 1.4/2.2 MB | 1.5/1.8 MB | 0.9/2.0 MB
Progress (5): 4.6/12 MB | 3.8/8.5 MB | 1.4/2.2 MB | 1.5/1.8 MB | 0.9/2.0 MB
Progress (5): 4.6/12 MB | 3.8/8.5 MB | 1.4/2.2 MB | 1.5/1.8 MB | 0.9/2.0 MB
Progress (5): 4.6/12 MB | 3.8/8.5 MB | 1.4/2.2 MB | 1.5/1.8 MB | 0.9/2.0 MB
Progress (5): 4.6/12 MB | 3.8/8.5 MB | 1.4/2.2 MB | 1.5/1.8 MB | 0.9/2.0 MB
Progress (5): 4.7/12 MB | 3.8/8.5 MB | 1.4/2.2 MB | 1.5/1.8 MB | 0.9/2.0 MB
Progress (5): 4.7/12 MB | 3.8/8.5 MB | 1.4/2.2 MB | 1.5/1.8 MB | 1.0/2.0 MB
Progress (5): 4.7/12 MB | 3.8/8.5 MB | 1.4/2.2 MB | 1.6/1.8 MB | 1.0/2.0 MB
Progress (5): 4.7/12 MB | 3.8/8.5 MB | 1.4/2.2 MB | 1.6/1.8 MB | 1.0/2.0 MB
Progress (5): 4.7/12 MB | 3.8/8.5 MB | 1.4/2.2 MB | 1.6/1.8 MB | 1.0/2.0 MB
Progress (5): 4.7/12 MB | 3.8/8.5 MB | 1.4/2.2 MB | 1.6/1.8 MB | 1.0/2.0 MB
Progress (5): 4.7/12 MB | 3.8/8.5 MB | 1.4/2.2 MB | 1.6/1.8 MB | 1.0/2.0 MB
Progress (5): 4.7/12 MB | 3.8/8.5 MB | 1.4/2.2 MB | 1.6/1.8 MB | 1.0/2.0 MB
Progress (5): 4.7/12 MB | 3.8/8.5 MB | 1.4/2.2 MB | 1.6/1.8 MB | 1.0/2.0 MB
Progress (5): 4.7/12 MB | 3.8/8.5 MB | 1.4/2.2 MB | 1.6/1.8 MB | 1.0/2.0 MB
Progress (5): 4.7/12 MB | 3.8/8.5 MB | 1.4/2.2 MB | 1.6/1.8 MB | 1.0/2.0 MB
Progress (5): 4.7/12 MB | 3.8/8.5 MB | 1.4/2.2 MB | 1.6/1.8 MB | 1.0/2.0 MB
Progress (5): 4.7/12 MB | 3.8/8.5 MB | 1.4/2.2 MB | 1.6/1.8 MB | 1.0/2.0 MB
Progress (5): 4.7/12 MB | 3.8/8.5 MB | 1.4/2.2 MB | 1.6/1.8 MB | 1.0/2.0 MB
Progress (5): 4.7/12 MB | 3.8/8.5 MB | 1.4/2.2 MB | 1.6/1.8 MB | 1.0/2.0 MB
Progress (5): 4.7/12 MB | 3.9/8.5 MB | 1.4/2.2 MB | 1.6/1.8 MB | 1.0/2.0 MB
Progress (5): 4.7/12 MB | 3.9/8.5 MB | 1.4/2.2 MB | 1.6/1.8 MB | 1.0/2.0 MB
Progress (5): 4.7/12 MB | 3.9/8.5 MB | 1.4/2.2 MB | 1.6/1.8 MB | 1.0/2.0 MB
Progress (5): 4.7/12 MB | 3.9/8.5 MB | 1.4/2.2 MB | 1.6/1.8 MB | 1.0/2.0 MB
Progress (5): 4.7/12 MB | 3.9/8.5 MB | 1.4/2.2 MB | 1.6/1.8 MB | 1.0/2.0 MB
Progress (5): 4.7/12 MB | 3.9/8.5 MB | 1.4/2.2 MB | 1.6/1.8 MB | 1.0/2.0 MB
Progress (5): 4.7/12 MB | 3.9/8.5 MB | 1.4/2.2 MB | 1.6/1.8 MB | 1.0/2.0 MB
Progress (5): 4.7/12 MB | 3.9/8.5 MB | 1.4/2.2 MB | 1.6/1.8 MB | 1.0/2.0 MB
Progress (5): 4.7/12 MB | 3.9/8.5 MB | 1.4/2.2 MB | 1.7/1.8 MB | 1.0/2.0 MB
Progress (5): 4.7/12 MB | 3.9/8.5 MB | 1.4/2.2 MB | 1.7/1.8 MB | 1.0/2.0 MB
Progress (5): 4.7/12 MB | 3.9/8.5 MB | 1.5/2.2 MB | 1.7/1.8 MB | 1.0/2.0 MB
Progress (5): 4.7/12 MB | 3.9/8.5 MB | 1.5/2.2 MB | 1.7/1.8 MB | 1.0/2.0 MB
Progress (5): 4.7/12 MB | 3.9/8.5 MB | 1.5/2.2 MB | 1.7/1.8 MB | 1.0/2.0 MB
Progress (5): 4.7/12 MB | 3.9/8.5 MB | 1.5/2.2 MB | 1.7/1.8 MB | 1.0/2.0 MB
Progress (5): 4.7/12 MB | 3.9/8.5 MB | 1.5/2.2 MB | 1.7/1.8 MB | 1.0/2.0 MB
Progress (5): 4.7/12 MB | 3.9/8.5 MB | 1.5/2.2 MB | 1.7/1.8 MB | 1.0/2.0 MB
Progress (5): 4.7/12 MB | 3.9/8.5 MB | 1.5/2.2 MB | 1.7/1.8 MB | 1.0/2.0 MB
Progress (5): 4.7/12 MB | 3.9/8.5 MB | 1.5/2.2 MB | 1.7/1.8 MB | 1.0/2.0 MB
Progress (5): 4.7/12 MB | 3.9/8.5 MB | 1.5/2.2 MB | 1.7/1.8 MB | 1.0/2.0 MB
Progress (5): 4.7/12 MB | 4.0/8.5 MB | 1.5/2.2 MB | 1.7/1.8 MB | 1.0/2.0 MB
Progress (5): 4.7/12 MB | 4.0/8.5 MB | 1.5/2.2 MB | 1.7/1.8 MB | 1.0/2.0 MB
Progress (5): 4.7/12 MB | 4.0/8.5 MB | 1.5/2.2 MB | 1.7/1.8 MB | 1.0/2.0 MB
Progress (5): 4.7/12 MB | 4.0/8.5 MB | 1.5/2.2 MB | 1.7/1.8 MB | 1.0/2.0 MB
Progress (5): 4.7/12 MB | 4.0/8.5 MB | 1.5/2.2 MB | 1.7/1.8 MB | 1.0/2.0 MB
Progress (5): 4.7/12 MB | 4.0/8.5 MB | 1.5/2.2 MB | 1.7/1.8 MB | 1.0/2.0 MB
Progress (5): 4.7/12 MB | 4.0/8.5 MB | 1.5/2.2 MB | 1.7/1.8 MB | 1.0/2.0 MB
Progress (5): 4.7/12 MB | 4.0/8.5 MB | 1.5/2.2 MB | 1.7/1.8 MB | 1.0/2.0 MB
Progress (5): 4.7/12 MB | 4.0/8.5 MB | 1.5/2.2 MB | 1.8/1.8 MB | 1.0/2.0 MB
Progress (5): 4.7/12 MB | 4.0/8.5 MB | 1.5/2.2 MB | 1.8 MB | 1.0/2.0 MB    
Progress (5): 4.7/12 MB | 4.0/8.5 MB | 1.6/2.2 MB | 1.8 MB | 1.0/2.0 MB
Progress (5): 4.7/12 MB | 4.0/8.5 MB | 1.6/2.2 MB | 1.8 MB | 1.0/2.0 MB
Progress (5): 4.7/12 MB | 4.0/8.5 MB | 1.6/2.2 MB | 1.8 MB | 1.0/2.0 MB
                                                                       
Downloaded from central: https://repo.maven.apache.org/maven2/org/springframework/boot/spring-boot/3.4.1/spring-boot-3.4.1.jar (1.8 MB at 424 kB/s)
Downloading from central: https://repo.maven.apache.org/maven2/org/postgresql/postgresql/42.7.4/postgresql-42.7.4.jar
Progress (4): 4.7/12 MB | 4.0/8.5 MB | 1.6/2.2 MB | 1.0/2.0 MB
Progress (4): 4.7/12 MB | 4.0/8.5 MB | 1.6/2.2 MB | 1.0/2.0 MB
Progress (4): 4.7/12 MB | 4.0/8.5 MB | 1.6/2.2 MB | 1.0/2.0 MB
Progress (4): 4.7/12 MB | 4.0/8.5 MB | 1.6/2.2 MB | 1.0/2.0 MB
Progress (4): 4.7/12 MB | 4.0/8.5 MB | 1.6/2.2 MB | 1.0/2.0 MB
Progress (4): 4.7/12 MB | 4.1/8.5 MB | 1.6/2.2 MB | 1.0/2.0 MB
Progress (4): 4.7/12 MB | 4.1/8.5 MB | 1.6/2.2 MB | 1.0/2.0 MB
Progress (4): 4.7/12 MB | 4.1/8.5 MB | 1.6/2.2 MB | 1.0/2.0 MB
Progress (4): 4.7/12 MB | 4.1/8.5 MB | 1.6/2.2 MB | 1.0/2.0 MB
Progress (4): 4.7/12 MB | 4.1/8.5 MB | 1.6/2.2 MB | 1.0/2.0 MB
Progress (4): 4.7/12 MB | 4.1/8.5 MB | 1.6/2.2 MB | 1.0/2.0 MB
Progress (4): 4.7/12 MB | 4.1/8.5 MB | 1.6/2.2 MB | 1.0/2.0 MB
Progress (4): 4.7/12 MB | 4.1/8.5 MB | 1.7/2.2 MB | 1.0/2.0 MB
Progress (4): 4.7/12 MB | 4.1/8.5 MB | 1.7/2.2 MB | 1.0/2.0 MB
Progress (4): 4.7/12 MB | 4.1/8.5 MB | 1.7/2.2 MB | 1.0/2.0 MB
Progress (4): 4.7/12 MB | 4.1/8.5 MB | 1.7/2.2 MB | 1.0/2.0 MB
Progress (4): 4.8/12 MB | 4.1/8.5 MB | 1.7/2.2 MB | 1.0/2.0 MB
Progress (4): 4.8/12 MB | 4.1/8.5 MB | 1.7/2.2 MB | 1.1/2.0 MB
Progress (4): 4.8/12 MB | 4.1/8.5 MB | 1.7/2.2 MB | 1.1/2.0 MB
Progress (4): 4.8/12 MB | 4.1/8.5 MB | 1.7/2.2 MB | 1.1/2.0 MB
Progress (4): 4.8/12 MB | 4.1/8.5 MB | 1.7/2.2 MB | 1.1/2.0 MB
Progress (4): 4.8/12 MB | 4.1/8.5 MB | 1.7/2.2 MB | 1.1/2.0 MB
Progress (4): 4.8/12 MB | 4.1/8.5 MB | 1.7/2.2 MB | 1.1/2.0 MB
Progress (4): 4.8/12 MB | 4.1/8.5 MB | 1.7/2.2 MB | 1.1/2.0 MB
Progress (4): 4.8/12 MB | 4.1/8.5 MB | 1.7/2.2 MB | 1.1/2.0 MB
Progress (4): 4.8/12 MB | 4.1/8.5 MB | 1.7/2.2 MB | 1.1/2.0 MB
Progress (4): 4.8/12 MB | 4.1/8.5 MB | 1.7/2.2 MB | 1.1/2.0 MB
Progress (4): 4.8/12 MB | 4.1/8.5 MB | 1.7/2.2 MB | 1.1/2.0 MB
Progress (4): 4.8/12 MB | 4.1/8.5 MB | 1.7/2.2 MB | 1.2/2.0 MB
Progress (4): 4.8/12 MB | 4.1/8.5 MB | 1.7/2.2 MB | 1.2/2.0 MB
Progress (4): 4.8/12 MB | 4.1/8.5 MB | 1.7/2.2 MB | 1.2/2.0 MB
Progress (4): 4.8/12 MB | 4.1/8.5 MB | 1.7/2.2 MB | 1.2/2.0 MB
Progress (4): 4.8/12 MB | 4.1/8.5 MB | 1.7/2.2 MB | 1.2/2.0 MB
Progress (4): 4.8/12 MB | 4.1/8.5 MB | 1.7/2.2 MB | 1.2/2.0 MB
Progress (4): 4.8/12 MB | 4.1/8.5 MB | 1.7/2.2 MB | 1.3/2.0 MB
Progress (4): 4.8/12 MB | 4.1/8.5 MB | 1.7/2.2 MB | 1.3/2.0 MB
Progress (4): 4.8/12 MB | 4.1/8.5 MB | 1.7/2.2 MB | 1.3/2.0 MB
Progress (4): 4.8/12 MB | 4.1/8.5 MB | 1.7/2.2 MB | 1.3/2.0 MB
Progress (4): 4.8/12 MB | 4.1/8.5 MB | 1.7/2.2 MB | 1.3/2.0 MB
Progress (4): 4.8/12 MB | 4.1/8.5 MB | 1.7/2.2 MB | 1.3/2.0 MB
Progress (4): 4.8/12 MB | 4.1/8.5 MB | 1.7/2.2 MB | 1.4/2.0 MB
Progress (4): 4.8/12 MB | 4.1/8.5 MB | 1.7/2.2 MB | 1.4/2.0 MB
Progress (4): 4.8/12 MB | 4.1/8.5 MB | 1.7/2.2 MB | 1.4/2.0 MB
Progress (4): 4.8/12 MB | 4.1/8.5 MB | 1.7/2.2 MB | 1.4/2.0 MB
Progress (4): 4.8/12 MB | 4.1/8.5 MB | 1.7/2.2 MB | 1.4/2.0 MB
Progress (4): 4.8/12 MB | 4.1/8.5 MB | 1.7/2.2 MB | 1.4/2.0 MB
Progress (4): 4.9/12 MB | 4.1/8.5 MB | 1.7/2.2 MB | 1.4/2.0 MB
Progress (4): 4.9/12 MB | 4.1/8.5 MB | 1.7/2.2 MB | 1.4/2.0 MB
Progress (4): 4.9/12 MB | 4.1/8.5 MB | 1.7/2.2 MB | 1.4/2.0 MB
Progress (4): 4.9/12 MB | 4.1/8.5 MB | 1.7/2.2 MB | 1.4/2.0 MB
Progress (4): 4.9/12 MB | 4.2/8.5 MB | 1.7/2.2 MB | 1.4/2.0 MB
Progress (4): 4.9/12 MB | 4.2/8.5 MB | 1.7/2.2 MB | 1.4/2.0 MB
Progress (4): 4.9/12 MB | 4.2/8.5 MB | 1.7/2.2 MB | 1.4/2.0 MB
Progress (4): 4.9/12 MB | 4.2/8.5 MB | 1.7/2.2 MB | 1.4/2.0 MB
Progress (4): 4.9/12 MB | 4.2/8.5 MB | 1.7/2.2 MB | 1.4/2.0 MB
Progress (4): 4.9/12 MB | 4.2/8.5 MB | 1.7/2.2 MB | 1.4/2.0 MB
Progress (4): 4.9/12 MB | 4.2/8.5 MB | 1.7/2.2 MB | 1.4/2.0 MB
Progress (4): 4.9/12 MB | 4.2/8.5 MB | 1.7/2.2 MB | 1.4/2.0 MB
Progress (4): 4.9/12 MB | 4.2/8.5 MB | 1.7/2.2 MB | 1.4/2.0 MB
Progress (4): 5.0/12 MB | 4.2/8.5 MB | 1.7/2.2 MB | 1.4/2.0 MB
Progress (4): 5.0/12 MB | 4.2/8.5 MB | 1.7/2.2 MB | 1.4/2.0 MB
Progress (4): 5.0/12 MB | 4.2/8.5 MB | 1.7/2.2 MB | 1.4/2.0 MB
Progress (4): 5.0/12 MB | 4.2/8.5 MB | 1.7/2.2 MB | 1.4/2.0 MB
Progress (4): 5.0/12 MB | 4.2/8.5 MB | 1.7/2.2 MB | 1.4/2.0 MB
Progress (4): 5.0/12 MB | 4.2/8.5 MB | 1.7/2.2 MB | 1.4/2.0 MB
Progress (4): 5.1/12 MB | 4.2/8.5 MB | 1.7/2.2 MB | 1.4/2.0 MB
Progress (4): 5.1/12 MB | 4.2/8.5 MB | 1.7/2.2 MB | 1.4/2.0 MB
Progress (4): 5.1/12 MB | 4.2/8.5 MB | 1.7/2.2 MB | 1.4/2.0 MB
Progress (4): 5.1/12 MB | 4.2/8.5 MB | 1.7/2.2 MB | 1.4/2.0 MB
Progress (4): 5.1/12 MB | 4.2/8.5 MB | 1.7/2.2 MB | 1.4/2.0 MB
Progress (4): 5.1/12 MB | 4.2/8.5 MB | 1.7/2.2 MB | 1.4/2.0 MB
Progress (4): 5.1/12 MB | 4.2/8.5 MB | 1.7/2.2 MB | 1.4/2.0 MB
Progress (4): 5.1/12 MB | 4.2/8.5 MB | 1.7/2.2 MB | 1.4/2.0 MB
Progress (4): 5.1/12 MB | 4.2/8.5 MB | 1.7/2.2 MB | 1.4/2.0 MB
Progress (4): 5.1/12 MB | 4.2/8.5 MB | 1.7/2.2 MB | 1.4/2.0 MB
Progress (4): 5.1/12 MB | 4.2/8.5 MB | 1.8/2.2 MB | 1.4/2.0 MB
Progress (4): 5.1/12 MB | 4.2/8.5 MB | 1.8/2.2 MB | 1.4/2.0 MB
Progress (4): 5.1/12 MB | 4.2/8.5 MB | 1.8/2.2 MB | 1.4/2.0 MB
Progress (4): 5.1/12 MB | 4.2/8.5 MB | 1.8/2.2 MB | 1.4/2.0 MB
Progress (4): 5.1/12 MB | 4.2/8.5 MB | 1.8/2.2 MB | 1.5/2.0 MB
Progress (4): 5.1/12 MB | 4.2/8.5 MB | 1.8/2.2 MB | 1.5/2.0 MB
Progress (4): 5.2/12 MB | 4.2/8.5 MB | 1.8/2.2 MB | 1.5/2.0 MB
Progress (4): 5.2/12 MB | 4.2/8.5 MB | 1.8/2.2 MB | 1.5/2.0 MB
Progress (4): 5.2/12 MB | 4.2/8.5 MB | 1.8/2.2 MB | 1.5/2.0 MB
Progress (4): 5.2/12 MB | 4.2/8.5 MB | 1.8/2.2 MB | 1.5/2.0 MB
Progress (4): 5.2/12 MB | 4.2/8.5 MB | 1.8/2.2 MB | 1.5/2.0 MB
Progress (4): 5.2/12 MB | 4.3/8.5 MB | 1.8/2.2 MB | 1.5/2.0 MB
Progress (4): 5.2/12 MB | 4.3/8.5 MB | 1.8/2.2 MB | 1.5/2.0 MB
Progress (4): 5.2/12 MB | 4.3/8.5 MB | 1.8/2.2 MB | 1.5/2.0 MB
Progress (5): 5.2/12 MB | 4.3/8.5 MB | 1.8/2.2 MB | 1.5/2.0 MB | 0/1.1 MB
Progress (5): 5.2/12 MB | 4.3/8.5 MB | 1.8/2.2 MB | 1.5/2.0 MB | 0/1.1 MB
Progress (5): 5.2/12 MB | 4.3/8.5 MB | 1.8/2.2 MB | 1.5/2.0 MB | 0/1.1 MB
Progress (5): 5.2/12 MB | 4.3/8.5 MB | 1.8/2.2 MB | 1.5/2.0 MB | 0/1.1 MB
Progress (5): 5.2/12 MB | 4.3/8.5 MB | 1.8/2.2 MB | 1.5/2.0 MB | 0/1.1 MB
Progress (5): 5.2/12 MB | 4.3/8.5 MB | 1.8/2.2 MB | 1.5/2.0 MB | 0/1.1 MB
Progress (5): 5.2/12 MB | 4.3/8.5 MB | 1.8/2.2 MB | 1.5/2.0 MB | 0/1.1 MB
Progress (5): 5.2/12 MB | 4.3/8.5 MB | 1.8/2.2 MB | 1.5/2.0 MB | 0/1.1 MB
Progress (5): 5.2/12 MB | 4.3/8.5 MB | 1.8/2.2 MB | 1.5/2.0 MB | 0/1.1 MB
Progress (5): 5.2/12 MB | 4.3/8.5 MB | 1.8/2.2 MB | 1.5/2.0 MB | 0/1.1 MB
Progress (5): 5.2/12 MB | 4.3/8.5 MB | 1.8/2.2 MB | 1.5/2.0 MB | 0/1.1 MB
Progress (5): 5.2/12 MB | 4.3/8.5 MB | 1.8/2.2 MB | 1.5/2.0 MB | 0/1.1 MB
Progress (5): 5.2/12 MB | 4.3/8.5 MB | 1.8/2.2 MB | 1.5/2.0 MB | 0/1.1 MB
Progress (5): 5.2/12 MB | 4.3/8.5 MB | 1.8/2.2 MB | 1.5/2.0 MB | 0.1/1.1 MB
Progress (5): 5.2/12 MB | 4.3/8.5 MB | 1.8/2.2 MB | 1.5/2.0 MB | 0.1/1.1 MB
Progress (5): 5.2/12 MB | 4.3/8.5 MB | 1.8/2.2 MB | 1.5/2.0 MB | 0.1/1.1 MB
Progress (5): 5.2/12 MB | 4.3/8.5 MB | 1.8/2.2 MB | 1.5/2.0 MB | 0.1/1.1 MB
Progress (5): 5.2/12 MB | 4.3/8.5 MB | 1.9/2.2 MB | 1.5/2.0 MB | 0.1/1.1 MB
Progress (5): 5.2/12 MB | 4.3/8.5 MB | 1.9/2.2 MB | 1.5/2.0 MB | 0.1/1.1 MB
Progress (5): 5.2/12 MB | 4.3/8.5 MB | 1.9/2.2 MB | 1.5/2.0 MB | 0.1/1.1 MB
Progress (5): 5.2/12 MB | 4.3/8.5 MB | 1.9/2.2 MB | 1.5/2.0 MB | 0.1/1.1 MB
Progress (5): 5.3/12 MB | 4.3/8.5 MB | 1.9/2.2 MB | 1.5/2.0 MB | 0.1/1.1 MB
Progress (5): 5.3/12 MB | 4.3/8.5 MB | 1.9/2.2 MB | 1.5/2.0 MB | 0.1/1.1 MB
Progress (5): 5.3/12 MB | 4.3/8.5 MB | 1.9/2.2 MB | 1.5/2.0 MB | 0.1/1.1 MB
Progress (5): 5.3/12 MB | 4.3/8.5 MB | 1.9/2.2 MB | 1.6/2.0 MB | 0.1/1.1 MB
Progress (5): 5.3/12 MB | 4.3/8.5 MB | 1.9/2.2 MB | 1.6/2.0 MB | 0.1/1.1 MB
Progress (5): 5.3/12 MB | 4.3/8.5 MB | 1.9/2.2 MB | 1.6/2.0 MB | 0.1/1.1 MB
Progress (5): 5.3/12 MB | 4.3/8.5 MB | 1.9/2.2 MB | 1.6/2.0 MB | 0.1/1.1 MB
Progress (5): 5.3/12 MB | 4.3/8.5 MB | 1.9/2.2 MB | 1.6/2.0 MB | 0.1/1.1 MB
Progress (5): 5.3/12 MB | 4.3/8.5 MB | 1.9/2.2 MB | 1.6/2.0 MB | 0.1/1.1 MB
Progress (5): 5.3/12 MB | 4.3/8.5 MB | 1.9/2.2 MB | 1.6/2.0 MB | 0.1/1.1 MB
Progress (5): 5.3/12 MB | 4.3/8.5 MB | 1.9/2.2 MB | 1.6/2.0 MB | 0.1/1.1 MB
Progress (5): 5.3/12 MB | 4.3/8.5 MB | 1.9/2.2 MB | 1.6/2.0 MB | 0.1/1.1 MB
Progress (5): 5.3/12 MB | 4.3/8.5 MB | 1.9/2.2 MB | 1.6/2.0 MB | 0.1/1.1 MB
Progress (5): 5.3/12 MB | 4.3/8.5 MB | 1.9/2.2 MB | 1.6/2.0 MB | 0.1/1.1 MB
Progress (5): 5.3/12 MB | 4.3/8.5 MB | 1.9/2.2 MB | 1.6/2.0 MB | 0.1/1.1 MB
Progress (5): 5.3/12 MB | 4.3/8.5 MB | 1.9/2.2 MB | 1.6/2.0 MB | 0.1/1.1 MB
Progress (5): 5.3/12 MB | 4.3/8.5 MB | 1.9/2.2 MB | 1.6/2.0 MB | 0.1/1.1 MB
Progress (5): 5.3/12 MB | 4.4/8.5 MB | 1.9/2.2 MB | 1.6/2.0 MB | 0.1/1.1 MB
Progress (5): 5.3/12 MB | 4.4/8.5 MB | 1.9/2.2 MB | 1.6/2.0 MB | 0.1/1.1 MB
Progress (5): 5.3/12 MB | 4.4/8.5 MB | 1.9/2.2 MB | 1.6/2.0 MB | 0.1/1.1 MB
Progress (5): 5.3/12 MB | 4.4/8.5 MB | 1.9/2.2 MB | 1.6/2.0 MB | 0.1/1.1 MB
Progress (5): 5.3/12 MB | 4.4/8.5 MB | 1.9/2.2 MB | 1.6/2.0 MB | 0.1/1.1 MB
Progress (5): 5.3/12 MB | 4.4/8.5 MB | 1.9/2.2 MB | 1.6/2.0 MB | 0.1/1.1 MB
Progress (5): 5.3/12 MB | 4.4/8.5 MB | 1.9/2.2 MB | 1.6/2.0 MB | 0.2/1.1 MB
Progress (5): 5.3/12 MB | 4.4/8.5 MB | 2.0/2.2 MB | 1.6/2.0 MB | 0.2/1.1 MB
Progress (5): 5.3/12 MB | 4.4/8.5 MB | 2.0/2.2 MB | 1.6/2.0 MB | 0.2/1.1 MB
Progress (5): 5.3/12 MB | 4.4/8.5 MB | 2.0/2.2 MB | 1.6/2.0 MB | 0.2/1.1 MB
Progress (5): 5.3/12 MB | 4.4/8.5 MB | 2.0/2.2 MB | 1.6/2.0 MB | 0.2/1.1 MB
Progress (5): 5.3/12 MB | 4.4/8.5 MB | 2.0/2.2 MB | 1.6/2.0 MB | 0.2/1.1 MB
Progress (5): 5.3/12 MB | 4.4/8.5 MB | 2.0/2.2 MB | 1.6/2.0 MB | 0.2/1.1 MB
Progress (5): 5.3/12 MB | 4.4/8.5 MB | 2.0/2.2 MB | 1.6/2.0 MB | 0.2/1.1 MB
Progress (5): 5.4/12 MB | 4.4/8.5 MB | 2.0/2.2 MB | 1.6/2.0 MB | 0.2/1.1 MB
Progress (5): 5.4/12 MB | 4.4/8.5 MB | 2.0/2.2 MB | 1.6/2.0 MB | 0.2/1.1 MB
Progress (5): 5.4/12 MB | 4.4/8.5 MB | 2.0/2.2 MB | 1.7/2.0 MB | 0.2/1.1 MB
Progress (5): 5.4/12 MB | 4.4/8.5 MB | 2.0/2.2 MB | 1.7/2.0 MB | 0.2/1.1 MB
Progress (5): 5.4/12 MB | 4.4/8.5 MB | 2.0/2.2 MB | 1.7/2.0 MB | 0.2/1.1 MB
Progress (5): 5.4/12 MB | 4.4/8.5 MB | 2.0/2.2 MB | 1.7/2.0 MB | 0.2/1.1 MB
Progress (5): 5.4/12 MB | 4.4/8.5 MB | 2.0/2.2 MB | 1.7/2.0 MB | 0.2/1.1 MB
Progress (5): 5.4/12 MB | 4.4/8.5 MB | 2.0/2.2 MB | 1.7/2.0 MB | 0.2/1.1 MB
Progress (5): 5.4/12 MB | 4.4/8.5 MB | 2.0/2.2 MB | 1.7/2.0 MB | 0.2/1.1 MB
Progress (5): 5.4/12 MB | 4.4/8.5 MB | 2.0/2.2 MB | 1.7/2.0 MB | 0.2/1.1 MB
Progress (5): 5.4/12 MB | 4.4/8.5 MB | 2.0/2.2 MB | 1.7/2.0 MB | 0.2/1.1 MB
Progress (5): 5.4/12 MB | 4.4/8.5 MB | 2.0/2.2 MB | 1.7/2.0 MB | 0.2/1.1 MB
Progress (5): 5.4/12 MB | 4.4/8.5 MB | 2.0/2.2 MB | 1.7/2.0 MB | 0.2/1.1 MB
Progress (5): 5.4/12 MB | 4.4/8.5 MB | 2.0/2.2 MB | 1.7/2.0 MB | 0.2/1.1 MB
Progress (5): 5.4/12 MB | 4.5/8.5 MB | 2.0/2.2 MB | 1.7/2.0 MB | 0.2/1.1 MB
Progress (5): 5.4/12 MB | 4.5/8.5 MB | 2.0/2.2 MB | 1.7/2.0 MB | 0.2/1.1 MB
Progress (5): 5.4/12 MB | 4.5/8.5 MB | 2.0/2.2 MB | 1.7/2.0 MB | 0.2/1.1 MB
Progress (5): 5.4/12 MB | 4.5/8.5 MB | 2.0/2.2 MB | 1.7/2.0 MB | 0.3/1.1 MB
Progress (5): 5.4/12 MB | 4.5/8.5 MB | 2.0/2.2 MB | 1.7/2.0 MB | 0.3/1.1 MB
Progress (5): 5.4/12 MB | 4.5/8.5 MB | 2.0/2.2 MB | 1.7/2.0 MB | 0.3/1.1 MB
Progress (5): 5.4/12 MB | 4.5/8.5 MB | 2.0/2.2 MB | 1.7/2.0 MB | 0.3/1.1 MB
Progress (5): 5.4/12 MB | 4.5/8.5 MB | 2.0/2.2 MB | 1.7/2.0 MB | 0.3/1.1 MB
Progress (5): 5.4/12 MB | 4.6/8.5 MB | 2.0/2.2 MB | 1.7/2.0 MB | 0.3/1.1 MB
Progress (5): 5.4/12 MB | 4.6/8.5 MB | 2.0/2.2 MB | 1.7/2.0 MB | 0.3/1.1 MB
Progress (5): 5.4/12 MB | 4.6/8.5 MB | 2.0/2.2 MB | 1.7/2.0 MB | 0.3/1.1 MB
Progress (5): 5.4/12 MB | 4.6/8.5 MB | 2.0/2.2 MB | 1.7/2.0 MB | 0.3/1.1 MB
Progress (5): 5.4/12 MB | 4.6/8.5 MB | 2.0/2.2 MB | 1.7/2.0 MB | 0.3/1.1 MB
Progress (5): 5.4/12 MB | 4.6/8.5 MB | 2.0/2.2 MB | 1.7/2.0 MB | 0.3/1.1 MB
Progress (5): 5.4/12 MB | 4.6/8.5 MB | 2.0/2.2 MB | 1.7/2.0 MB | 0.3/1.1 MB
Progress (5): 5.4/12 MB | 4.6/8.5 MB | 2.0/2.2 MB | 1.7/2.0 MB | 0.3/1.1 MB
Progress (5): 5.4/12 MB | 4.6/8.5 MB | 2.0/2.2 MB | 1.7/2.0 MB | 0.3/1.1 MB
Progress (5): 5.4/12 MB | 4.7/8.5 MB | 2.0/2.2 MB | 1.7/2.0 MB | 0.3/1.1 MB
Progress (5): 5.4/12 MB | 4.7/8.5 MB | 2.1/2.2 MB | 1.7/2.0 MB | 0.3/1.1 MB
Progress (5): 5.4/12 MB | 4.7/8.5 MB | 2.1/2.2 MB | 1.7/2.0 MB | 0.3/1.1 MB
Progress (5): 5.4/12 MB | 4.7/8.5 MB | 2.1/2.2 MB | 1.7/2.0 MB | 0.3/1.1 MB
Progress (5): 5.5/12 MB | 4.7/8.5 MB | 2.1/2.2 MB | 1.7/2.0 MB | 0.3/1.1 MB
Progress (5): 5.5/12 MB | 4.7/8.5 MB | 2.1/2.2 MB | 1.7/2.0 MB | 0.3/1.1 MB
Progress (5): 5.5/12 MB | 4.7/8.5 MB | 2.1/2.2 MB | 1.7/2.0 MB | 0.3/1.1 MB
Progress (5): 5.5/12 MB | 4.7/8.5 MB | 2.1/2.2 MB | 1.7/2.0 MB | 0.3/1.1 MB
Progress (5): 5.5/12 MB | 4.7/8.5 MB | 2.1/2.2 MB | 1.7/2.0 MB | 0.3/1.1 MB
Progress (5): 5.5/12 MB | 4.7/8.5 MB | 2.1/2.2 MB | 1.7/2.0 MB | 0.3/1.1 MB
Progress (5): 5.5/12 MB | 4.7/8.5 MB | 2.2/2.2 MB | 1.7/2.0 MB | 0.3/1.1 MB
Progress (5): 5.5/12 MB | 4.7/8.5 MB | 2.2/2.2 MB | 1.7/2.0 MB | 0.3/1.1 MB
Progress (5): 5.5/12 MB | 4.7/8.5 MB | 2.2 MB | 1.7/2.0 MB | 0.3/1.1 MB    
Progress (5): 5.5/12 MB | 4.7/8.5 MB | 2.2 MB | 1.7/2.0 MB | 0.3/1.1 MB
Progress (5): 5.5/12 MB | 4.7/8.5 MB | 2.2 MB | 1.7/2.0 MB | 0.3/1.1 MB
Progress (5): 5.5/12 MB | 4.7/8.5 MB | 2.2 MB | 1.7/2.0 MB | 0.3/1.1 MB
Progress (5): 5.5/12 MB | 4.7/8.5 MB | 2.2 MB | 1.8/2.0 MB | 0.3/1.1 MB
Progress (5): 5.5/12 MB | 4.7/8.5 MB | 2.2 MB | 1.8/2.0 MB | 0.3/1.1 MB
Progress (5): 5.5/12 MB | 4.7/8.5 MB | 2.2 MB | 1.8/2.0 MB | 0.3/1.1 MB
Progress (5): 5.5/12 MB | 4.7/8.5 MB | 2.2 MB | 1.8/2.0 MB | 0.3/1.1 MB
Progress (5): 5.5/12 MB | 4.7/8.5 MB | 2.2 MB | 1.8/2.0 MB | 0.3/1.1 MB
Progress (5): 5.5/12 MB | 4.7/8.5 MB | 2.2 MB | 1.8/2.0 MB | 0.3/1.1 MB
                                                                       
Downloaded from central: https://repo.maven.apache.org/maven2/org/aspectj/aspectjweaver/1.9.22.1/aspectjweaver-1.9.22.1.jar (2.2 MB at 460 kB/s)
Downloading from central: https://repo.maven.apache.org/maven2/org/checkerframework/checker-qual/3.42.0/checker-qual-3.42.0.jar
Progress (4): 5.5/12 MB | 4.7/8.5 MB | 1.8/2.0 MB | 0.3/1.1 MB
Progress (4): 5.5/12 MB | 4.7/8.5 MB | 1.8/2.0 MB | 0.3/1.1 MB
Progress (4): 5.5/12 MB | 4.7/8.5 MB | 1.8/2.0 MB | 0.3/1.1 MB
Progress (4): 5.5/12 MB | 4.7/8.5 MB | 1.8/2.0 MB | 0.3/1.1 MB
Progress (4): 5.5/12 MB | 4.7/8.5 MB | 1.8/2.0 MB | 0.3/1.1 MB
Progress (4): 5.5/12 MB | 4.7/8.5 MB | 1.8/2.0 MB | 0.3/1.1 MB
Progress (4): 5.5/12 MB | 4.7/8.5 MB | 1.8/2.0 MB | 0.3/1.1 MB
Progress (4): 5.5/12 MB | 4.7/8.5 MB | 1.8/2.0 MB | 0.3/1.1 MB
Progress (4): 5.6/12 MB | 4.7/8.5 MB | 1.8/2.0 MB | 0.3/1.1 MB
Progress (4): 5.6/12 MB | 4.7/8.5 MB | 1.8/2.0 MB | 0.3/1.1 MB
Progress (4): 5.6/12 MB | 4.7/8.5 MB | 1.8/2.0 MB | 0.3/1.1 MB
Progress (4): 5.6/12 MB | 4.7/8.5 MB | 1.8/2.0 MB | 0.3/1.1 MB
Progress (4): 5.6/12 MB | 4.7/8.5 MB | 1.8/2.0 MB | 0.3/1.1 MB
Progress (4): 5.6/12 MB | 4.7/8.5 MB | 1.8/2.0 MB | 0.3/1.1 MB
Progress (4): 5.6/12 MB | 4.7/8.5 MB | 1.8/2.0 MB | 0.3/1.1 MB
Progress (4): 5.6/12 MB | 4.7/8.5 MB | 1.8/2.0 MB | 0.3/1.1 MB
Progress (4): 5.6/12 MB | 4.7/8.5 MB | 1.8/2.0 MB | 0.4/1.1 MB
Progress (4): 5.6/12 MB | 4.7/8.5 MB | 1.8/2.0 MB | 0.4/1.1 MB
Progress (4): 5.6/12 MB | 4.7/8.5 MB | 1.8/2.0 MB | 0.4/1.1 MB
Progress (4): 5.6/12 MB | 4.7/8.5 MB | 1.8/2.0 MB | 0.4/1.1 MB
Progress (4): 5.6/12 MB | 4.7/8.5 MB | 1.9/2.0 MB | 0.4/1.1 MB
Progress (4): 5.6/12 MB | 4.7/8.5 MB | 1.9/2.0 MB | 0.4/1.1 MB
Progress (4): 5.6/12 MB | 4.7/8.5 MB | 1.9/2.0 MB | 0.4/1.1 MB
Progress (4): 5.6/12 MB | 4.7/8.5 MB | 1.9/2.0 MB | 0.4/1.1 MB
Progress (4): 5.6/12 MB | 4.7/8.5 MB | 1.9/2.0 MB | 0.4/1.1 MB
Progress (4): 5.6/12 MB | 4.7/8.5 MB | 1.9/2.0 MB | 0.4/1.1 MB
Progress (4): 5.6/12 MB | 4.7/8.5 MB | 1.9/2.0 MB | 0.4/1.1 MB
Progress (4): 5.6/12 MB | 4.7/8.5 MB | 1.9/2.0 MB | 0.4/1.1 MB
Progress (4): 5.7/12 MB | 4.7/8.5 MB | 1.9/2.0 MB | 0.4/1.1 MB
Progress (4): 5.7/12 MB | 4.7/8.5 MB | 1.9/2.0 MB | 0.4/1.1 MB
Progress (4): 5.7/12 MB | 4.7/8.5 MB | 1.9/2.0 MB | 0.5/1.1 MB
Progress (4): 5.7/12 MB | 4.7/8.5 MB | 1.9/2.0 MB | 0.5/1.1 MB
Progress (4): 5.7/12 MB | 4.7/8.5 MB | 1.9/2.0 MB | 0.5/1.1 MB
Progress (4): 5.7/12 MB | 4.8/8.5 MB | 1.9/2.0 MB | 0.5/1.1 MB
Progress (4): 5.7/12 MB | 4.8/8.5 MB | 1.9/2.0 MB | 0.5/1.1 MB
Progress (4): 5.7/12 MB | 4.8/8.5 MB | 1.9/2.0 MB | 0.5/1.1 MB
Progress (4): 5.7/12 MB | 4.8/8.5 MB | 1.9/2.0 MB | 0.5/1.1 MB
Progress (4): 5.7/12 MB | 4.8/8.5 MB | 1.9/2.0 MB | 0.5/1.1 MB
Progress (4): 5.7/12 MB | 4.8/8.5 MB | 1.9/2.0 MB | 0.5/1.1 MB
Progress (4): 5.7/12 MB | 4.8/8.5 MB | 1.9/2.0 MB | 0.5/1.1 MB
Progress (4): 5.7/12 MB | 4.8/8.5 MB | 2.0/2.0 MB | 0.5/1.1 MB
Progress (4): 5.7/12 MB | 4.8/8.5 MB | 2.0/2.0 MB | 0.5/1.1 MB
Progress (4): 5.7/12 MB | 4.8/8.5 MB | 2.0/2.0 MB | 0.5/1.1 MB
Progress (4): 5.7/12 MB | 4.8/8.5 MB | 2.0/2.0 MB | 0.5/1.1 MB
Progress (4): 5.7/12 MB | 4.8/8.5 MB | 2.0/2.0 MB | 0.5/1.1 MB
Progress (4): 5.7/12 MB | 4.8/8.5 MB | 2.0 MB | 0.5/1.1 MB    
Progress (4): 5.7/12 MB | 4.8/8.5 MB | 2.0 MB | 0.6/1.1 MB
Progress (4): 5.7/12 MB | 4.8/8.5 MB | 2.0 MB | 0.6/1.1 MB
Progress (4): 5.7/12 MB | 4.8/8.5 MB | 2.0 MB | 0.6/1.1 MB
Progress (4): 5.7/12 MB | 4.8/8.5 MB | 2.0 MB | 0.6/1.1 MB
Progress (4): 5.7/12 MB | 4.8/8.5 MB | 2.0 MB | 0.6/1.1 MB
Progress (4): 5.7/12 MB | 4.8/8.5 MB | 2.0 MB | 0.6/1.1 MB
Progress (4): 5.7/12 MB | 4.8/8.5 MB | 2.0 MB | 0.6/1.1 MB
                                                          
Downloaded from central: https://repo.maven.apache.org/maven2/org/springframework/boot/spring-boot-autoconfigure/3.4.1/spring-boot-autoconfigure-3.4.1.jar (2.0 MB at 418 kB/s)
Downloading from central: https://repo.maven.apache.org/maven2/org/springframework/boot/spring-boot-starter-test/3.4.1/spring-boot-starter-test-3.4.1.jar
Progress (3): 5.7/12 MB | 4.8/8.5 MB | 0.6/1.1 MB
Progress (3): 5.7/12 MB | 4.8/8.5 MB | 0.6/1.1 MB
Progress (3): 5.7/12 MB | 4.8/8.5 MB | 0.6/1.1 MB
Progress (3): 5.7/12 MB | 4.8/8.5 MB | 0.6/1.1 MB
Progress (3): 5.7/12 MB | 4.8/8.5 MB | 0.6/1.1 MB
Progress (3): 5.7/12 MB | 4.8/8.5 MB | 0.6/1.1 MB
Progress (3): 5.8/12 MB | 4.8/8.5 MB | 0.6/1.1 MB
Progress (3): 5.8/12 MB | 4.8/8.5 MB | 0.6/1.1 MB
Progress (3): 5.8/12 MB | 4.8/8.5 MB | 0.6/1.1 MB
Progress (3): 5.8/12 MB | 4.8/8.5 MB | 0.6/1.1 MB
Progress (3): 5.8/12 MB | 4.8/8.5 MB | 0.6/1.1 MB
Progress (3): 5.8/12 MB | 4.8/8.5 MB | 0.6/1.1 MB
Progress (3): 5.8/12 MB | 4.8/8.5 MB | 0.7/1.1 MB
Progress (3): 5.8/12 MB | 4.8/8.5 MB | 0.7/1.1 MB
Progress (3): 5.8/12 MB | 4.8/8.5 MB | 0.7/1.1 MB
Progress (3): 5.8/12 MB | 4.8/8.5 MB | 0.7/1.1 MB
Progress (3): 5.8/12 MB | 4.8/8.5 MB | 0.7/1.1 MB
Progress (3): 5.9/12 MB | 4.8/8.5 MB | 0.7/1.1 MB
Progress (3): 5.9/12 MB | 4.8/8.5 MB | 0.7/1.1 MB
Progress (3): 5.9/12 MB | 4.8/8.5 MB | 0.7/1.1 MB
Progress (3): 5.9/12 MB | 4.8/8.5 MB | 0.7/1.1 MB
Progress (3): 5.9/12 MB | 4.8/8.5 MB | 0.7/1.1 MB
Progress (3): 5.9/12 MB | 4.9/8.5 MB | 0.7/1.1 MB
Progress (3): 5.9/12 MB | 4.9/8.5 MB | 0.7/1.1 MB
Progress (3): 5.9/12 MB | 4.9/8.5 MB | 0.7/1.1 MB
Progress (3): 5.9/12 MB | 4.9/8.5 MB | 0.7/1.1 MB
Progress (3): 5.9/12 MB | 4.9/8.5 MB | 0.8/1.1 MB
Progress (3): 5.9/12 MB | 4.9/8.5 MB | 0.8/1.1 MB
Progress (3): 5.9/12 MB | 4.9/8.5 MB | 0.8/1.1 MB
Progress (3): 5.9/12 MB | 4.9/8.5 MB | 0.8/1.1 MB
Progress (3): 5.9/12 MB | 4.9/8.5 MB | 0.8/1.1 MB
Progress (3): 5.9/12 MB | 4.9/8.5 MB | 0.8/1.1 MB
Progress (3): 5.9/12 MB | 4.9/8.5 MB | 0.8/1.1 MB
Progress (3): 5.9/12 MB | 4.9/8.5 MB | 0.8/1.1 MB
Progress (3): 5.9/12 MB | 4.9/8.5 MB | 0.8/1.1 MB
Progress (3): 6.0/12 MB | 4.9/8.5 MB | 0.8/1.1 MB
Progress (4): 6.0/12 MB | 4.9/8.5 MB | 0.8/1.1 MB | 7.7/231 kB
Progress (4): 6.0/12 MB | 4.9/8.5 MB | 0.8/1.1 MB | 16/231 kB 
Progress (4): 6.0/12 MB | 4.9/8.5 MB | 0.8/1.1 MB | 16/231 kB
Progress (4): 6.0/12 MB | 4.9/8.5 MB | 0.8/1.1 MB | 28/231 kB
Progress (4): 6.0/12 MB | 4.9/8.5 MB | 0.8/1.1 MB | 28/231 kB
Progress (4): 6.0/12 MB | 4.9/8.5 MB | 0.8/1.1 MB | 28/231 kB
Progress (4): 6.0/12 MB | 4.9/8.5 MB | 0.9/1.1 MB | 28/231 kB
Progress (4): 6.0/12 MB | 4.9/8.5 MB | 0.9/1.1 MB | 28/231 kB
Progress (4): 6.0/12 MB | 4.9/8.5 MB | 0.9/1.1 MB | 28/231 kB
Progress (4): 6.0/12 MB | 4.9/8.5 MB | 0.9/1.1 MB | 44/231 kB
Progress (4): 6.0/12 MB | 4.9/8.5 MB | 0.9/1.1 MB | 44/231 kB
Progress (4): 6.0/12 MB | 4.9/8.5 MB | 0.9/1.1 MB | 44/231 kB
Progress (4): 6.0/12 MB | 4.9/8.5 MB | 0.9/1.1 MB | 61/231 kB
Progress (4): 6.0/12 MB | 4.9/8.5 MB | 0.9/1.1 MB | 61/231 kB
Progress (4): 6.0/12 MB | 4.9/8.5 MB | 0.9/1.1 MB | 61/231 kB
Progress (4): 6.0/12 MB | 4.9/8.5 MB | 0.9/1.1 MB | 61/231 kB
Progress (4): 6.0/12 MB | 4.9/8.5 MB | 0.9/1.1 MB | 77/231 kB
Progress (4): 6.0/12 MB | 4.9/8.5 MB | 0.9/1.1 MB | 77/231 kB
Progress (4): 6.0/12 MB | 4.9/8.5 MB | 0.9/1.1 MB | 77/231 kB
Progress (4): 6.0/12 MB | 5.0/8.5 MB | 0.9/1.1 MB | 77/231 kB
Progress (4): 6.0/12 MB | 5.0/8.5 MB | 0.9/1.1 MB | 93/231 kB
Progress (4): 6.0/12 MB | 5.0/8.5 MB | 0.9/1.1 MB | 93/231 kB
Progress (4): 6.1/12 MB | 5.0/8.5 MB | 0.9/1.1 MB | 93/231 kB
Progress (4): 6.1/12 MB | 5.0/8.5 MB | 0.9/1.1 MB | 93/231 kB
Progress (5): 6.1/12 MB | 5.0/8.5 MB | 0.9/1.1 MB | 93/231 kB | 4.0/4.8 kB
Progress (5): 6.1/12 MB | 5.0/8.5 MB | 0.9/1.1 MB | 93/231 kB | 4.8 kB    
Progress (5): 6.1/12 MB | 5.0/8.5 MB | 0.9/1.1 MB | 110/231 kB | 4.8 kB
                                                                       
Downloaded from central: https://repo.maven.apache.org/maven2/org/springframework/boot/spring-boot-starter-test/3.4.1/spring-boot-starter-test-3.4.1.jar (4.8 kB at 965 B/s)
Downloading from central: https://repo.maven.apache.org/maven2/org/springframework/boot/spring-boot-test/3.4.1/spring-boot-test-3.4.1.jar
Progress (4): 6.1/12 MB | 5.0/8.5 MB | 0.9/1.1 MB | 110/231 kB
Progress (4): 6.1/12 MB | 5.0/8.5 MB | 0.9/1.1 MB | 110/231 kB
Progress (4): 6.1/12 MB | 5.0/8.5 MB | 0.9/1.1 MB | 110/231 kB
Progress (4): 6.1/12 MB | 5.0/8.5 MB | 0.9/1.1 MB | 110/231 kB
Progress (4): 6.1/12 MB | 5.0/8.5 MB | 0.9/1.1 MB | 126/231 kB
Progress (4): 6.1/12 MB | 5.0/8.5 MB | 1.0/1.1 MB | 126/231 kB
Progress (4): 6.1/12 MB | 5.0/8.5 MB | 1.0/1.1 MB | 126/231 kB
Progress (4): 6.1/12 MB | 5.0/8.5 MB | 1.0/1.1 MB | 126/231 kB
Progress (4): 6.1/12 MB | 5.0/8.5 MB | 1.0/1.1 MB | 142/231 kB
Progress (4): 6.1/12 MB | 5.0/8.5 MB | 1.0/1.1 MB | 142/231 kB
Progress (4): 6.1/12 MB | 5.0/8.5 MB | 1.0/1.1 MB | 159/231 kB
Progress (4): 6.1/12 MB | 5.0/8.5 MB | 1.0/1.1 MB | 159/231 kB
Progress (4): 6.1/12 MB | 5.0/8.5 MB | 1.0/1.1 MB | 175/231 kB
Progress (4): 6.2/12 MB | 5.0/8.5 MB | 1.0/1.1 MB | 175/231 kB
Progress (4): 6.2/12 MB | 5.0/8.5 MB | 1.0/1.1 MB | 175/231 kB
Progress (4): 6.2/12 MB | 5.0/8.5 MB | 1.0/1.1 MB | 192/231 kB
Progress (4): 6.2/12 MB | 5.0/8.5 MB | 1.0/1.1 MB | 192/231 kB
Progress (4): 6.2/12 MB | 5.0/8.5 MB | 1.0/1.1 MB | 208/231 kB
Progress (4): 6.2/12 MB | 5.0/8.5 MB | 1.0/1.1 MB | 208/231 kB
Progress (4): 6.2/12 MB | 5.0/8.5 MB | 1.0/1.1 MB | 208/231 kB
Progress (4): 6.2/12 MB | 5.0/8.5 MB | 1.0/1.1 MB | 208/231 kB
Progress (4): 6.2/12 MB | 5.0/8.5 MB | 1.0/1.1 MB | 208/231 kB
Progress (4): 6.2/12 MB | 5.0/8.5 MB | 1.0/1.1 MB | 224/231 kB
Progress (4): 6.2/12 MB | 5.0/8.5 MB | 1.0/1.1 MB | 224/231 kB
Progress (4): 6.2/12 MB | 5.0/8.5 MB | 1.0/1.1 MB | 231 kB    
Progress (4): 6.3/12 MB | 5.0/8.5 MB | 1.0/1.1 MB | 231 kB
Progress (4): 6.3/12 MB | 5.0/8.5 MB | 1.0/1.1 MB | 231 kB
Progress (4): 6.3/12 MB | 5.0/8.5 MB | 1.0/1.1 MB | 231 kB
                                                          
Downloaded from central: https://repo.maven.apache.org/maven2/org/checkerframework/checker-qual/3.42.0/checker-qual-3.42.0.jar (231 kB at 45 kB/s)
Downloading from central: https://repo.maven.apache.org/maven2/org/springframework/boot/spring-boot-test-autoconfigure/3.4.1/spring-boot-test-autoconfigure-3.4.1.jar
Progress (3): 6.3/12 MB | 5.0/8.5 MB | 1.0/1.1 MB
Progress (3): 6.3/12 MB | 5.0/8.5 MB | 1.0/1.1 MB
Progress (3): 6.3/12 MB | 5.1/8.5 MB | 1.0/1.1 MB
Progress (3): 6.3/12 MB | 5.1/8.5 MB | 1.0/1.1 MB
Progress (3): 6.3/12 MB | 5.1/8.5 MB | 1.0/1.1 MB
Progress (3): 6.3/12 MB | 5.1/8.5 MB | 1.0/1.1 MB
Progress (3): 6.3/12 MB | 5.1/8.5 MB | 1.0/1.1 MB
Progress (3): 6.3/12 MB | 5.1/8.5 MB | 1.0/1.1 MB
Progress (4): 6.3/12 MB | 5.1/8.5 MB | 1.0/1.1 MB | 7.7/253 kB
Progress (4): 6.3/12 MB | 5.1/8.5 MB | 1.0/1.1 MB | 16/253 kB 
Progress (4): 6.3/12 MB | 5.1/8.5 MB | 1.0/1.1 MB | 20/253 kB
Progress (4): 6.3/12 MB | 5.1/8.5 MB | 1.0/1.1 MB | 20/253 kB
Progress (4): 6.3/12 MB | 5.1/8.5 MB | 1.1/1.1 MB | 20/253 kB
Progress (4): 6.3/12 MB | 5.1/8.5 MB | 1.1/1.1 MB | 20/253 kB
Progress (4): 6.3/12 MB | 5.1/8.5 MB | 1.1/1.1 MB | 20/253 kB
Progress (4): 6.3/12 MB | 5.1/8.5 MB | 1.1/1.1 MB | 20/253 kB
Progress (4): 6.3/12 MB | 5.1/8.5 MB | 1.1/1.1 MB | 37/253 kB
Progress (4): 6.3/12 MB | 5.1/8.5 MB | 1.1/1.1 MB | 37/253 kB
Progress (4): 6.4/12 MB | 5.1/8.5 MB | 1.1/1.1 MB | 37/253 kB
Progress (4): 6.4/12 MB | 5.1/8.5 MB | 1.1 MB | 37/253 kB    
Progress (4): 6.4/12 MB | 5.1/8.5 MB | 1.1 MB | 53/253 kB
Progress (4): 6.4/12 MB | 5.1/8.5 MB | 1.1 MB | 53/253 kB
Progress (4): 6.4/12 MB | 5.1/8.5 MB | 1.1 MB | 53/253 kB
                                                         
Downloaded from central: https://repo.maven.apache.org/maven2/org/postgresql/postgresql/42.7.4/postgresql-42.7.4.jar (1.1 MB at 211 kB/s)
Progress (3): 6.4/12 MB | 5.1/8.5 MB | 53/253 kB
                                                
Downloading from central: https://repo.maven.apache.org/maven2/org/assertj/assertj-core/3.26.3/assertj-core-3.26.3.jar
Progress (3): 6.4/12 MB | 5.1/8.5 MB | 70/253 kB
Progress (3): 6.4/12 MB | 5.1/8.5 MB | 70/253 kB
Progress (3): 6.4/12 MB | 5.1/8.5 MB | 70/253 kB
Progress (3): 6.4/12 MB | 5.1/8.5 MB | 86/253 kB
Progress (3): 6.4/12 MB | 5.1/8.5 MB | 86/253 kB
Progress (3): 6.4/12 MB | 5.1/8.5 MB | 86/253 kB
Progress (3): 6.4/12 MB | 5.2/8.5 MB | 86/253 kB
Progress (3): 6.4/12 MB | 5.2/8.5 MB | 102/253 kB
Progress (3): 6.5/12 MB | 5.2/8.5 MB | 102/253 kB
Progress (4): 6.5/12 MB | 5.2/8.5 MB | 102/253 kB | 7.7/227 kB
Progress (4): 6.5/12 MB | 5.2/8.5 MB | 102/253 kB | 16/227 kB 
Progress (4): 6.5/12 MB | 5.2/8.5 MB | 102/253 kB | 16/227 kB
Progress (4): 6.5/12 MB | 5.2/8.5 MB | 119/253 kB | 16/227 kB
Progress (4): 6.5/12 MB | 5.2/8.5 MB | 119/253 kB | 25/227 kB
Progress (4): 6.5/12 MB | 5.2/8.5 MB | 119/253 kB | 25/227 kB
Progress (4): 6.5/12 MB | 5.2/8.5 MB | 119/253 kB | 25/227 kB
Progress (4): 6.5/12 MB | 5.2/8.5 MB | 119/253 kB | 41/227 kB
Progress (4): 6.5/12 MB | 5.2/8.5 MB | 135/253 kB | 41/227 kB
Progress (4): 6.5/12 MB | 5.2/8.5 MB | 135/253 kB | 41/227 kB
Progress (4): 6.5/12 MB | 5.2/8.5 MB | 135/253 kB | 41/227 kB
Progress (4): 6.5/12 MB | 5.2/8.5 MB | 135/253 kB | 57/227 kB
Progress (4): 6.5/12 MB | 5.2/8.5 MB | 151/253 kB | 57/227 kB
Progress (4): 6.5/12 MB | 5.2/8.5 MB | 151/253 kB | 57/227 kB
Progress (4): 6.5/12 MB | 5.2/8.5 MB | 151/253 kB | 57/227 kB
Progress (4): 6.5/12 MB | 5.2/8.5 MB | 151/253 kB | 74/227 kB
Progress (4): 6.5/12 MB | 5.2/8.5 MB | 151/253 kB | 74/227 kB
Progress (4): 6.5/12 MB | 5.2/8.5 MB | 168/253 kB | 74/227 kB
Progress (4): 6.5/12 MB | 5.2/8.5 MB | 168/253 kB | 74/227 kB
Progress (4): 6.5/12 MB | 5.2/8.5 MB | 168/253 kB | 74/227 kB
Progress (4): 6.5/12 MB | 5.2/8.5 MB | 168/253 kB | 90/227 kB
Progress (4): 6.5/12 MB | 5.2/8.5 MB | 184/253 kB | 90/227 kB
Progress (4): 6.6/12 MB | 5.2/8.5 MB | 184/253 kB | 90/227 kB
Progress (4): 6.6/12 MB | 5.3/8.5 MB | 184/253 kB | 90/227 kB
Progress (4): 6.6/12 MB | 5.3/8.5 MB | 184/253 kB | 90/227 kB
Progress (4): 6.6/12 MB | 5.3/8.5 MB | 201/253 kB | 90/227 kB
Progress (4): 6.6/12 MB | 5.3/8.5 MB | 201/253 kB | 106/227 kB
Progress (4): 6.6/12 MB | 5.3/8.5 MB | 217/253 kB | 106/227 kB
Progress (4): 6.6/12 MB | 5.3/8.5 MB | 217/253 kB | 123/227 kB
Progress (4): 6.6/12 MB | 5.3/8.5 MB | 217/253 kB | 123/227 kB
Progress (4): 6.6/12 MB | 5.3/8.5 MB | 217/253 kB | 123/227 kB
Progress (4): 6.6/12 MB | 5.3/8.5 MB | 217/253 kB | 123/227 kB
Progress (5): 6.6/12 MB | 5.3/8.5 MB | 217/253 kB | 123/227 kB | 0/1.4 MB
Progress (5): 6.6/12 MB | 5.3/8.5 MB | 217/253 kB | 139/227 kB | 0/1.4 MB
Progress (5): 6.6/12 MB | 5.3/8.5 MB | 217/253 kB | 139/227 kB | 0/1.4 MB
Progress (5): 6.6/12 MB | 5.3/8.5 MB | 233/253 kB | 139/227 kB | 0/1.4 MB
Progress (5): 6.6/12 MB | 5.3/8.5 MB | 233/253 kB | 139/227 kB | 0/1.4 MB
Progress (5): 6.6/12 MB | 5.3/8.5 MB | 233/253 kB | 139/227 kB | 0/1.4 MB
Progress (5): 6.6/12 MB | 5.3/8.5 MB | 233/253 kB | 139/227 kB | 0/1.4 MB
Progress (5): 6.6/12 MB | 5.3/8.5 MB | 250/253 kB | 139/227 kB | 0/1.4 MB
Progress (5): 6.6/12 MB | 5.3/8.5 MB | 253 kB | 139/227 kB | 0/1.4 MB    
Progress (5): 6.6/12 MB | 5.3/8.5 MB | 253 kB | 156/227 kB | 0/1.4 MB
Progress (5): 6.6/12 MB | 5.3/8.5 MB | 253 kB | 156/227 kB | 0/1.4 MB
Progress (5): 6.6/12 MB | 5.3/8.5 MB | 253 kB | 156/227 kB | 0/1.4 MB
Progress (5): 6.6/12 MB | 5.3/8.5 MB | 253 kB | 172/227 kB | 0/1.4 MB
Progress (5): 6.7/12 MB | 5.3/8.5 MB | 253 kB | 172/227 kB | 0/1.4 MB
Progress (5): 6.7/12 MB | 5.3/8.5 MB | 253 kB | 172/227 kB | 0/1.4 MB
Progress (5): 6.7/12 MB | 5.3/8.5 MB | 253 kB | 172/227 kB | 0/1.4 MB
Progress (5): 6.7/12 MB | 5.3/8.5 MB | 253 kB | 188/227 kB | 0/1.4 MB
Progress (5): 6.7/12 MB | 5.3/8.5 MB | 253 kB | 188/227 kB | 0.1/1.4 MB
                                                                       
Downloaded from central: https://repo.maven.apache.org/maven2/org/springframework/boot/spring-boot-test/3.4.1/spring-boot-test-3.4.1.jar (253 kB at 47 kB/s)
Downloading from central: https://repo.maven.apache.org/maven2/org/junit/jupiter/junit-jupiter/5.11.4/junit-jupiter-5.11.4.jar
Progress (4): 6.7/12 MB | 5.3/8.5 MB | 188/227 kB | 0.1/1.4 MB
Progress (4): 6.7/12 MB | 5.3/8.5 MB | 188/227 kB | 0.1/1.4 MB
Progress (4): 6.7/12 MB | 5.3/8.5 MB | 188/227 kB | 0.1/1.4 MB
Progress (4): 6.7/12 MB | 5.3/8.5 MB | 205/227 kB | 0.1/1.4 MB
Progress (4): 6.7/12 MB | 5.3/8.5 MB | 205/227 kB | 0.1/1.4 MB
Progress (4): 6.7/12 MB | 5.3/8.5 MB | 205/227 kB | 0.1/1.4 MB
Progress (4): 6.7/12 MB | 5.3/8.5 MB | 205/227 kB | 0.1/1.4 MB
Progress (4): 6.7/12 MB | 5.3/8.5 MB | 205/227 kB | 0.1/1.4 MB
Progress (4): 6.7/12 MB | 5.3/8.5 MB | 221/227 kB | 0.1/1.4 MB
Progress (4): 6.7/12 MB | 5.3/8.5 MB | 221/227 kB | 0.1/1.4 MB
Progress (4): 6.7/12 MB | 5.3/8.5 MB | 227 kB | 0.1/1.4 MB    
Progress (4): 6.7/12 MB | 5.3/8.5 MB | 227 kB | 0.1/1.4 MB
Progress (4): 6.7/12 MB | 5.4/8.5 MB | 227 kB | 0.1/1.4 MB
Progress (4): 6.7/12 MB | 5.4/8.5 MB | 227 kB | 0.1/1.4 MB
                                                          
Downloaded from central: https://repo.maven.apache.org/maven2/org/springframework/boot/spring-boot-test-autoconfigure/3.4.1/spring-boot-test-autoconfigure-3.4.1.jar (227 kB at 42 kB/s)
Downloading from central: https://repo.maven.apache.org/maven2/org/junit/jupiter/junit-jupiter-api/5.11.4/junit-jupiter-api-5.11.4.jar
Progress (3): 6.7/12 MB | 5.4/8.5 MB | 0.1/1.4 MB
Progress (3): 6.7/12 MB | 5.4/8.5 MB | 0.1/1.4 MB
Progress (3): 6.7/12 MB | 5.4/8.5 MB | 0.1/1.4 MB
Progress (3): 6.7/12 MB | 5.4/8.5 MB | 0.1/1.4 MB
Progress (3): 6.8/12 MB | 5.4/8.5 MB | 0.1/1.4 MB
Progress (3): 6.8/12 MB | 5.4/8.5 MB | 0.1/1.4 MB
Progress (3): 6.8/12 MB | 5.4/8.5 MB | 0.1/1.4 MB
Progress (3): 6.8/12 MB | 5.4/8.5 MB | 0.2/1.4 MB
Progress (3): 6.8/12 MB | 5.4/8.5 MB | 0.2/1.4 MB
Progress (3): 6.8/12 MB | 5.4/8.5 MB | 0.2/1.4 MB
Progress (3): 6.8/12 MB | 5.4/8.5 MB | 0.2/1.4 MB
Progress (3): 6.8/12 MB | 5.4/8.5 MB | 0.2/1.4 MB
Progress (3): 6.8/12 MB | 5.4/8.5 MB | 0.2/1.4 MB
Progress (3): 6.8/12 MB | 5.4/8.5 MB | 0.2/1.4 MB
Progress (3): 6.8/12 MB | 5.4/8.5 MB | 0.2/1.4 MB
Progress (3): 6.8/12 MB | 5.4/8.5 MB | 0.2/1.4 MB
Progress (3): 6.8/12 MB | 5.4/8.5 MB | 0.2/1.4 MB
Progress (3): 6.8/12 MB | 5.4/8.5 MB | 0.2/1.4 MB
Progress (3): 6.8/12 MB | 5.5/8.5 MB | 0.2/1.4 MB
Progress (3): 6.9/12 MB | 5.5/8.5 MB | 0.2/1.4 MB
Progress (3): 6.9/12 MB | 5.5/8.5 MB | 0.2/1.4 MB
Progress (3): 6.9/12 MB | 5.5/8.5 MB | 0.2/1.4 MB
Progress (3): 6.9/12 MB | 5.5/8.5 MB | 0.2/1.4 MB
Progress (3): 6.9/12 MB | 5.5/8.5 MB | 0.2/1.4 MB
Progress (3): 6.9/12 MB | 5.5/8.5 MB | 0.2/1.4 MB
Progress (3): 6.9/12 MB | 5.5/8.5 MB | 0.2/1.4 MB
Progress (3): 6.9/12 MB | 5.5/8.5 MB | 0.3/1.4 MB
Progress (3): 6.9/12 MB | 5.5/8.5 MB | 0.3/1.4 MB
Progress (3): 6.9/12 MB | 5.5/8.5 MB | 0.3/1.4 MB
Progress (3): 6.9/12 MB | 5.5/8.5 MB | 0.3/1.4 MB
Progress (3): 6.9/12 MB | 5.5/8.5 MB | 0.3/1.4 MB
Progress (3): 6.9/12 MB | 5.5/8.5 MB | 0.3/1.4 MB
Progress (4): 6.9/12 MB | 5.5/8.5 MB | 0.3/1.4 MB | 6.4 kB
Progress (4): 6.9/12 MB | 5.5/8.5 MB | 0.3/1.4 MB | 6.4 kB
Progress (4): 6.9/12 MB | 5.5/8.5 MB | 0.3/1.4 MB | 6.4 kB
                                                          
Downloaded from central: https://repo.maven.apache.org/maven2/org/junit/jupiter/junit-jupiter/5.11.4/junit-jupiter-5.11.4.jar (6.4 kB at 1.2 kB/s)
Downloading from central: https://repo.maven.apache.org/maven2/org/junit/platform/junit-platform-commons/1.11.4/junit-platform-commons-1.11.4.jar
Progress (3): 7.0/12 MB | 5.5/8.5 MB | 0.3/1.4 MB
Progress (3): 7.0/12 MB | 5.5/8.5 MB | 0.3/1.4 MB
Progress (3): 7.0/12 MB | 5.5/8.5 MB | 0.3/1.4 MB
Progress (3): 7.0/12 MB | 5.5/8.5 MB | 0.3/1.4 MB
Progress (4): 7.0/12 MB | 5.5/8.5 MB | 0.3/1.4 MB | 7.7/216 kB
Progress (4): 7.0/12 MB | 5.5/8.5 MB | 0.3/1.4 MB | 7.7/216 kB
Progress (4): 7.0/12 MB | 5.5/8.5 MB | 0.3/1.4 MB | 11/216 kB 
Progress (4): 7.0/12 MB | 5.5/8.5 MB | 0.3/1.4 MB | 11/216 kB
Progress (4): 7.0/12 MB | 5.5/8.5 MB | 0.3/1.4 MB | 28/216 kB
Progress (4): 7.0/12 MB | 5.5/8.5 MB | 0.3/1.4 MB | 28/216 kB
Progress (4): 7.0/12 MB | 5.6/8.5 MB | 0.3/1.4 MB | 28/216 kB
Progress (4): 7.0/12 MB | 5.6/8.5 MB | 0.3/1.4 MB | 28/216 kB
Progress (4): 7.0/12 MB | 5.6/8.5 MB | 0.4/1.4 MB | 28/216 kB
Progress (4): 7.0/12 MB | 5.6/8.5 MB | 0.4/1.4 MB | 28/216 kB
Progress (4): 7.0/12 MB | 5.6/8.5 MB | 0.4/1.4 MB | 44/216 kB
Progress (4): 7.0/12 MB | 5.6/8.5 MB | 0.4/1.4 MB | 44/216 kB
Progress (4): 7.0/12 MB | 5.6/8.5 MB | 0.4/1.4 MB | 44/216 kB
Progress (4): 7.0/12 MB | 5.6/8.5 MB | 0.4/1.4 MB | 44/216 kB
Progress (4): 7.0/12 MB | 5.6/8.5 MB | 0.4/1.4 MB | 61/216 kB
Progress (4): 7.1/12 MB | 5.6/8.5 MB | 0.4/1.4 MB | 61/216 kB
Progress (4): 7.1/12 MB | 5.6/8.5 MB | 0.4/1.4 MB | 61/216 kB
Progress (4): 7.1/12 MB | 5.6/8.5 MB | 0.4/1.4 MB | 61/216 kB
Progress (4): 7.1/12 MB | 5.6/8.5 MB | 0.4/1.4 MB | 77/216 kB
Progress (4): 7.1/12 MB | 5.6/8.5 MB | 0.4/1.4 MB | 77/216 kB
Progress (4): 7.1/12 MB | 5.6/8.5 MB | 0.4/1.4 MB | 77/216 kB
Progress (4): 7.1/12 MB | 5.6/8.5 MB | 0.4/1.4 MB | 77/216 kB
Progress (4): 7.1/12 MB | 5.6/8.5 MB | 0.4/1.4 MB | 77/216 kB
Progress (4): 7.1/12 MB | 5.6/8.5 MB | 0.4/1.4 MB | 77/216 kB
Progress (4): 7.1/12 MB | 5.6/8.5 MB | 0.4/1.4 MB | 93/216 kB
Progress (4): 7.1/12 MB | 5.6/8.5 MB | 0.4/1.4 MB | 93/216 kB
Progress (4): 7.1/12 MB | 5.6/8.5 MB | 0.4/1.4 MB | 93/216 kB
Progress (4): 7.1/12 MB | 5.6/8.5 MB | 0.4/1.4 MB | 93/216 kB
Progress (4): 7.1/12 MB | 5.6/8.5 MB | 0.4/1.4 MB | 110/216 kB
Progress (4): 7.1/12 MB | 5.6/8.5 MB | 0.4/1.4 MB | 110/216 kB
Progress (4): 7.1/12 MB | 5.6/8.5 MB | 0.5/1.4 MB | 110/216 kB
Progress (4): 7.1/12 MB | 5.6/8.5 MB | 0.5/1.4 MB | 110/216 kB
Progress (4): 7.1/12 MB | 5.6/8.5 MB | 0.5/1.4 MB | 110/216 kB
Progress (4): 7.1/12 MB | 5.6/8.5 MB | 0.5/1.4 MB | 126/216 kB
Progress (4): 7.1/12 MB | 5.6/8.5 MB | 0.5/1.4 MB | 126/216 kB
Progress (4): 7.2/12 MB | 5.6/8.5 MB | 0.5/1.4 MB | 126/216 kB
Progress (4): 7.2/12 MB | 5.7/8.5 MB | 0.5/1.4 MB | 126/216 kB
Progress (4): 7.2/12 MB | 5.7/8.5 MB | 0.5/1.4 MB | 142/216 kB
Progress (4): 7.2/12 MB | 5.7/8.5 MB | 0.5/1.4 MB | 142/216 kB
Progress (4): 7.2/12 MB | 5.7/8.5 MB | 0.5/1.4 MB | 142/216 kB
Progress (4): 7.2/12 MB | 5.7/8.5 MB | 0.5/1.4 MB | 142/216 kB
Progress (4): 7.2/12 MB | 5.7/8.5 MB | 0.5/1.4 MB | 142/216 kB
Progress (4): 7.2/12 MB | 5.7/8.5 MB | 0.5/1.4 MB | 159/216 kB
Progress (4): 7.2/12 MB | 5.7/8.5 MB | 0.5/1.4 MB | 159/216 kB
Progress (4): 7.2/12 MB | 5.7/8.5 MB | 0.5/1.4 MB | 159/216 kB
Progress (4): 7.2/12 MB | 5.7/8.5 MB | 0.5/1.4 MB | 159/216 kB
Progress (4): 7.2/12 MB | 5.7/8.5 MB | 0.5/1.4 MB | 159/216 kB
Progress (4): 7.2/12 MB | 5.7/8.5 MB | 0.5/1.4 MB | 175/216 kB
Progress (4): 7.2/12 MB | 5.7/8.5 MB | 0.5/1.4 MB | 175/216 kB
Progress (4): 7.2/12 MB | 5.7/8.5 MB | 0.5/1.4 MB | 175/216 kB
Progress (4): 7.2/12 MB | 5.7/8.5 MB | 0.5/1.4 MB | 192/216 kB
Progress (4): 7.2/12 MB | 5.7/8.5 MB | 0.5/1.4 MB | 192/216 kB
Progress (4): 7.3/12 MB | 5.7/8.5 MB | 0.5/1.4 MB | 192/216 kB
Progress (4): 7.3/12 MB | 5.7/8.5 MB | 0.5/1.4 MB | 192/216 kB
Progress (4): 7.3/12 MB | 5.7/8.5 MB | 0.5/1.4 MB | 208/216 kB
Progress (4): 7.3/12 MB | 5.7/8.5 MB | 0.5/1.4 MB | 208/216 kB
Progress (4): 7.3/12 MB | 5.7/8.5 MB | 0.5/1.4 MB | 208/216 kB
Progress (4): 7.3/12 MB | 5.7/8.5 MB | 0.5/1.4 MB | 216 kB    
Progress (4): 7.3/12 MB | 5.7/8.5 MB | 0.6/1.4 MB | 216 kB
                                                          
Downloaded from central: https://repo.maven.apache.org/maven2/org/junit/jupiter/junit-jupiter-api/5.11.4/junit-jupiter-api-5.11.4.jar (216 kB at 38 kB/s)
Downloading from central: https://repo.maven.apache.org/maven2/org/junit/jupiter/junit-jupiter-params/5.11.4/junit-jupiter-params-5.11.4.jar
Progress (3): 7.3/12 MB | 5.7/8.5 MB | 0.6/1.4 MB
Progress (3): 7.3/12 MB | 5.7/8.5 MB | 0.6/1.4 MB
Progress (3): 7.3/12 MB | 5.7/8.5 MB | 0.6/1.4 MB
Progress (4): 7.3/12 MB | 5.7/8.5 MB | 0.6/1.4 MB | 7.7/142 kB
Progress (4): 7.3/12 MB | 5.7/8.5 MB | 0.6/1.4 MB | 16/142 kB 
Progress (4): 7.3/12 MB | 5.7/8.5 MB | 0.6/1.4 MB | 20/142 kB
Progress (4): 7.3/12 MB | 5.8/8.5 MB | 0.6/1.4 MB | 20/142 kB
Progress (4): 7.3/12 MB | 5.8/8.5 MB | 0.6/1.4 MB | 20/142 kB
Progress (4): 7.3/12 MB | 5.8/8.5 MB | 0.6/1.4 MB | 20/142 kB
Progress (4): 7.3/12 MB | 5.8/8.5 MB | 0.6/1.4 MB | 37/142 kB
Progress (4): 7.3/12 MB | 5.8/8.5 MB | 0.6/1.4 MB | 37/142 kB
Progress (4): 7.3/12 MB | 5.8/8.5 MB | 0.6/1.4 MB | 37/142 kB
Progress (4): 7.3/12 MB | 5.8/8.5 MB | 0.6/1.4 MB | 37/142 kB
Progress (4): 7.3/12 MB | 5.8/8.5 MB | 0.6/1.4 MB | 53/142 kB
Progress (4): 7.3/12 MB | 5.8/8.5 MB | 0.6/1.4 MB | 53/142 kB
Progress (4): 7.3/12 MB | 5.8/8.5 MB | 0.6/1.4 MB | 53/142 kB
Progress (4): 7.3/12 MB | 5.8/8.5 MB | 0.6/1.4 MB | 53/142 kB
Progress (4): 7.3/12 MB | 5.8/8.5 MB | 0.6/1.4 MB | 69/142 kB
Progress (4): 7.4/12 MB | 5.8/8.5 MB | 0.6/1.4 MB | 69/142 kB
Progress (4): 7.4/12 MB | 5.8/8.5 MB | 0.6/1.4 MB | 69/142 kB
Progress (4): 7.4/12 MB | 5.8/8.5 MB | 0.6/1.4 MB | 69/142 kB
Progress (4): 7.4/12 MB | 5.8/8.5 MB | 0.6/1.4 MB | 86/142 kB
Progress (4): 7.4/12 MB | 5.8/8.5 MB | 0.6/1.4 MB | 86/142 kB
Progress (4): 7.4/12 MB | 5.8/8.5 MB | 0.7/1.4 MB | 86/142 kB
Progress (4): 7.4/12 MB | 5.8/8.5 MB | 0.7/1.4 MB | 86/142 kB
Progress (4): 7.4/12 MB | 5.8/8.5 MB | 0.7/1.4 MB | 102/142 kB
Progress (4): 7.4/12 MB | 5.8/8.5 MB | 0.7/1.4 MB | 102/142 kB
Progress (4): 7.4/12 MB | 5.8/8.5 MB | 0.7/1.4 MB | 102/142 kB
Progress (4): 7.4/12 MB | 5.8/8.5 MB | 0.7/1.4 MB | 102/142 kB
Progress (4): 7.4/12 MB | 5.8/8.5 MB | 0.7/1.4 MB | 119/142 kB
Progress (4): 7.4/12 MB | 5.8/8.5 MB | 0.7/1.4 MB | 119/142 kB
Progress (4): 7.4/12 MB | 5.8/8.5 MB | 0.7/1.4 MB | 119/142 kB
Progress (4): 7.4/12 MB | 5.8/8.5 MB | 0.7/1.4 MB | 119/142 kB
Progress (4): 7.4/12 MB | 5.8/8.5 MB | 0.7/1.4 MB | 135/142 kB
Progress (4): 7.4/12 MB | 5.9/8.5 MB | 0.7/1.4 MB | 135/142 kB
Progress (4): 7.4/12 MB | 5.9/8.5 MB | 0.7/1.4 MB | 142 kB    
Progress (4): 7.4/12 MB | 5.9/8.5 MB | 0.7/1.4 MB | 142 kB
Progress (4): 7.4/12 MB | 5.9/8.5 MB | 0.7/1.4 MB | 142 kB
                                                          
Downloaded from central: https://repo.maven.apache.org/maven2/org/junit/platform/junit-platform-commons/1.11.4/junit-platform-commons-1.11.4.jar (142 kB at 25 kB/s)
Downloading from central: https://repo.maven.apache.org/maven2/org/junit/jupiter/junit-jupiter-engine/5.11.4/junit-jupiter-engine-5.11.4.jar
Progress (3): 7.4/12 MB | 5.9/8.5 MB | 0.7/1.4 MB
Progress (3): 7.5/12 MB | 5.9/8.5 MB | 0.7/1.4 MB
Progress (3): 7.5/12 MB | 5.9/8.5 MB | 0.7/1.4 MB
Progress (3): 7.5/12 MB | 5.9/8.5 MB | 0.7/1.4 MB
Progress (3): 7.5/12 MB | 5.9/8.5 MB | 0.7/1.4 MB
Progress (3): 7.5/12 MB | 5.9/8.5 MB | 0.7/1.4 MB
Progress (3): 7.5/12 MB | 5.9/8.5 MB | 0.7/1.4 MB
Progress (3): 7.5/12 MB | 5.9/8.5 MB | 0.7/1.4 MB
Progress (3): 7.5/12 MB | 5.9/8.5 MB | 0.7/1.4 MB
Progress (3): 7.5/12 MB | 5.9/8.5 MB | 0.8/1.4 MB
Progress (3): 7.5/12 MB | 5.9/8.5 MB | 0.8/1.4 MB
Progress (3): 7.5/12 MB | 5.9/8.5 MB | 0.8/1.4 MB
Progress (3): 7.5/12 MB | 5.9/8.5 MB | 0.8/1.4 MB
Progress (3): 7.5/12 MB | 5.9/8.5 MB | 0.8/1.4 MB
Progress (4): 7.5/12 MB | 5.9/8.5 MB | 0.8/1.4 MB | 4.0/592 kB
Progress (4): 7.5/12 MB | 5.9/8.5 MB | 0.8/1.4 MB | 4.0/592 kB
Progress (4): 7.6/12 MB | 5.9/8.5 MB | 0.8/1.4 MB | 4.0/592 kB
Progress (4): 7.6/12 MB | 5.9/8.5 MB | 0.8/1.4 MB | 4.0/592 kB
Progress (4): 7.6/12 MB | 5.9/8.5 MB | 0.8/1.4 MB | 4.0/592 kB
Progress (4): 7.6/12 MB | 5.9/8.5 MB | 0.8/1.4 MB | 20/592 kB 
Progress (4): 7.6/12 MB | 5.9/8.5 MB | 0.8/1.4 MB | 20/592 kB
Progress (4): 7.6/12 MB | 6.0/8.5 MB | 0.8/1.4 MB | 20/592 kB
Progress (4): 7.6/12 MB | 6.0/8.5 MB | 0.8/1.4 MB | 20/592 kB
Progress (4): 7.6/12 MB | 6.0/8.5 MB | 0.8/1.4 MB | 20/592 kB
Progress (4): 7.6/12 MB | 6.0/8.5 MB | 0.8/1.4 MB | 37/592 kB
Progress (4): 7.6/12 MB | 6.0/8.5 MB | 0.8/1.4 MB | 37/592 kB
Progress (4): 7.6/12 MB | 6.0/8.5 MB | 0.8/1.4 MB | 37/592 kB
Progress (4): 7.6/12 MB | 6.0/8.5 MB | 0.8/1.4 MB | 37/592 kB
Progress (4): 7.6/12 MB | 6.0/8.5 MB | 0.8/1.4 MB | 53/592 kB
Progress (4): 7.6/12 MB | 6.0/8.5 MB | 0.8/1.4 MB | 53/592 kB
Progress (4): 7.6/12 MB | 6.0/8.5 MB | 0.9/1.4 MB | 53/592 kB
Progress (4): 7.6/12 MB | 6.0/8.5 MB | 0.9/1.4 MB | 53/592 kB
Progress (4): 7.6/12 MB | 6.0/8.5 MB | 0.9/1.4 MB | 53/592 kB
Progress (4): 7.6/12 MB | 6.0/8.5 MB | 0.9/1.4 MB | 70/592 kB
Progress (4): 7.6/12 MB | 6.0/8.5 MB | 0.9/1.4 MB | 70/592 kB
Progress (4): 7.6/12 MB | 6.0/8.5 MB | 0.9/1.4 MB | 70/592 kB
Progress (4): 7.6/12 MB | 6.0/8.5 MB | 0.9/1.4 MB | 70/592 kB
Progress (4): 7.6/12 MB | 6.0/8.5 MB | 0.9/1.4 MB | 86/592 kB
Progress (4): 7.6/12 MB | 6.0/8.5 MB | 0.9/1.4 MB | 86/592 kB
Progress (4): 7.7/12 MB | 6.0/8.5 MB | 0.9/1.4 MB | 86/592 kB
Progress (4): 7.7/12 MB | 6.0/8.5 MB | 0.9/1.4 MB | 86/592 kB
Progress (4): 7.7/12 MB | 6.0/8.5 MB | 0.9/1.4 MB | 102/592 kB
Progress (4): 7.7/12 MB | 6.0/8.5 MB | 0.9/1.4 MB | 102/592 kB
Progress (4): 7.7/12 MB | 6.0/8.5 MB | 0.9/1.4 MB | 102/592 kB
Progress (4): 7.7/12 MB | 6.0/8.5 MB | 0.9/1.4 MB | 102/592 kB
Progress (4): 7.7/12 MB | 6.0/8.5 MB | 0.9/1.4 MB | 102/592 kB
Progress (4): 7.7/12 MB | 6.0/8.5 MB | 0.9/1.4 MB | 102/592 kB
Progress (4): 7.7/12 MB | 6.0/8.5 MB | 0.9/1.4 MB | 119/592 kB
Progress (4): 7.7/12 MB | 6.0/8.5 MB | 0.9/1.4 MB | 119/592 kB
Progress (4): 7.7/12 MB | 6.0/8.5 MB | 0.9/1.4 MB | 135/592 kB
Progress (4): 7.7/12 MB | 6.1/8.5 MB | 0.9/1.4 MB | 135/592 kB
Progress (4): 7.7/12 MB | 6.1/8.5 MB | 0.9/1.4 MB | 135/592 kB
Progress (4): 7.7/12 MB | 6.1/8.5 MB | 0.9/1.4 MB | 135/592 kB
Progress (4): 7.7/12 MB | 6.1/8.5 MB | 0.9/1.4 MB | 135/592 kB
Progress (4): 7.7/12 MB | 6.1/8.5 MB | 0.9/1.4 MB | 135/592 kB
Progress (5): 7.7/12 MB | 6.1/8.5 MB | 0.9/1.4 MB | 135/592 kB | 7.7/260 kB
Progress (5): 7.7/12 MB | 6.1/8.5 MB | 0.9/1.4 MB | 135/592 kB | 16/260 kB 
Progress (5): 7.7/12 MB | 6.1/8.5 MB | 0.9/1.4 MB | 151/592 kB | 16/260 kB
Progress (5): 7.7/12 MB | 6.1/8.5 MB | 0.9/1.4 MB | 151/592 kB | 16/260 kB
Progress (5): 7.7/12 MB | 6.1/8.5 MB | 1.0/1.4 MB | 151/592 kB | 16/260 kB
Progress (5): 7.7/12 MB | 6.1/8.5 MB | 1.0/1.4 MB | 151/592 kB | 28/260 kB
Progress (5): 7.8/12 MB | 6.1/8.5 MB | 1.0/1.4 MB | 151/592 kB | 28/260 kB
Progress (5): 7.8/12 MB | 6.1/8.5 MB | 1.0/1.4 MB | 151/592 kB | 28/260 kB
Progress (5): 7.8/12 MB | 6.1/8.5 MB | 1.0/1.4 MB | 151/592 kB | 28/260 kB
Progress (5): 7.8/12 MB | 6.1/8.5 MB | 1.0/1.4 MB | 168/592 kB | 28/260 kB
Progress (5): 7.8/12 MB | 6.1/8.5 MB | 1.0/1.4 MB | 168/592 kB | 28/260 kB
Progress (5): 7.8/12 MB | 6.1/8.5 MB | 1.0/1.4 MB | 168/592 kB | 44/260 kB
Progress (5): 7.8/12 MB | 6.1/8.5 MB | 1.0/1.4 MB | 168/592 kB | 44/260 kB
Progress (5): 7.8/12 MB | 6.1/8.5 MB | 1.0/1.4 MB | 168/592 kB | 44/260 kB
Progress (5): 7.8/12 MB | 6.1/8.5 MB | 1.0/1.4 MB | 168/592 kB | 44/260 kB
Progress (5): 7.8/12 MB | 6.1/8.5 MB | 1.0/1.4 MB | 168/592 kB | 61/260 kB
Progress (5): 7.8/12 MB | 6.1/8.5 MB | 1.0/1.4 MB | 168/592 kB | 61/260 kB
Progress (5): 7.8/12 MB | 6.1/8.5 MB | 1.0/1.4 MB | 168/592 kB | 61/260 kB
Progress (5): 7.8/12 MB | 6.1/8.5 MB | 1.0/1.4 MB | 184/592 kB | 61/260 kB
Progress (5): 7.8/12 MB | 6.1/8.5 MB | 1.0/1.4 MB | 184/592 kB | 61/260 kB
Progress (5): 7.8/12 MB | 6.1/8.5 MB | 1.0/1.4 MB | 184/592 kB | 77/260 kB
Progress (5): 7.8/12 MB | 6.1/8.5 MB | 1.0/1.4 MB | 184/592 kB | 77/260 kB
Progress (5): 7.8/12 MB | 6.1/8.5 MB | 1.0/1.4 MB | 184/592 kB | 77/260 kB
Progress (5): 7.8/12 MB | 6.1/8.5 MB | 1.0/1.4 MB | 184/592 kB | 77/260 kB
Progress (5): 7.8/12 MB | 6.1/8.5 MB | 1.0/1.4 MB | 201/592 kB | 77/260 kB
Progress (5): 7.8/12 MB | 6.1/8.5 MB | 1.0/1.4 MB | 201/592 kB | 93/260 kB
Progress (5): 7.8/12 MB | 6.1/8.5 MB | 1.0/1.4 MB | 201/592 kB | 93/260 kB
Progress (5): 7.8/12 MB | 6.1/8.5 MB | 1.0/1.4 MB | 217/592 kB | 93/260 kB
Progress (5): 7.8/12 MB | 6.1/8.5 MB | 1.0/1.4 MB | 217/592 kB | 93/260 kB
Progress (5): 7.8/12 MB | 6.1/8.5 MB | 1.0/1.4 MB | 217/592 kB | 110/260 kB
Progress (5): 7.9/12 MB | 6.1/8.5 MB | 1.0/1.4 MB | 217/592 kB | 110/260 kB
Progress (5): 7.9/12 MB | 6.2/8.5 MB | 1.0/1.4 MB | 217/592 kB | 110/260 kB
Progress (5): 7.9/12 MB | 6.2/8.5 MB | 1.0/1.4 MB | 217/592 kB | 110/260 kB
Progress (5): 7.9/12 MB | 6.2/8.5 MB | 1.0/1.4 MB | 233/592 kB | 110/260 kB
Progress (5): 7.9/12 MB | 6.2/8.5 MB | 1.0/1.4 MB | 233/592 kB | 126/260 kB
Progress (5): 7.9/12 MB | 6.2/8.5 MB | 1.0/1.4 MB | 233/592 kB | 126/260 kB
Progress (5): 7.9/12 MB | 6.2/8.5 MB | 1.1/1.4 MB | 233/592 kB | 126/260 kB
Progress (5): 7.9/12 MB | 6.2/8.5 MB | 1.1/1.4 MB | 233/592 kB | 126/260 kB
Progress (5): 7.9/12 MB | 6.2/8.5 MB | 1.1/1.4 MB | 233/592 kB | 126/260 kB
Progress (5): 7.9/12 MB | 6.2/8.5 MB | 1.1/1.4 MB | 233/592 kB | 142/260 kB
Progress (5): 7.9/12 MB | 6.2/8.5 MB | 1.1/1.4 MB | 233/592 kB | 142/260 kB
Progress (5): 7.9/12 MB | 6.2/8.5 MB | 1.1/1.4 MB | 250/592 kB | 142/260 kB
Progress (5): 7.9/12 MB | 6.2/8.5 MB | 1.1/1.4 MB | 250/592 kB | 142/260 kB
Progress (5): 7.9/12 MB | 6.2/8.5 MB | 1.1/1.4 MB | 250/592 kB | 142/260 kB
Progress (5): 7.9/12 MB | 6.2/8.5 MB | 1.1/1.4 MB | 250/592 kB | 159/260 kB
Progress (5): 7.9/12 MB | 6.2/8.5 MB | 1.1/1.4 MB | 250/592 kB | 159/260 kB
Progress (5): 7.9/12 MB | 6.2/8.5 MB | 1.1/1.4 MB | 266/592 kB | 159/260 kB
Progress (5): 7.9/12 MB | 6.2/8.5 MB | 1.1/1.4 MB | 266/592 kB | 159/260 kB
Progress (5): 7.9/12 MB | 6.2/8.5 MB | 1.1/1.4 MB | 266/592 kB | 159/260 kB
Progress (5): 7.9/12 MB | 6.2/8.5 MB | 1.1/1.4 MB | 266/592 kB | 159/260 kB
Progress (5): 7.9/12 MB | 6.2/8.5 MB | 1.1/1.4 MB | 283/592 kB | 159/260 kB
Progress (5): 7.9/12 MB | 6.2/8.5 MB | 1.1/1.4 MB | 283/592 kB | 175/260 kB
Progress (5): 8.0/12 MB | 6.2/8.5 MB | 1.1/1.4 MB | 283/592 kB | 175/260 kB
Progress (5): 8.0/12 MB | 6.2/8.5 MB | 1.1/1.4 MB | 283/592 kB | 175/260 kB
Progress (5): 8.0/12 MB | 6.2/8.5 MB | 1.1/1.4 MB | 283/592 kB | 192/260 kB
Progress (5): 8.0/12 MB | 6.2/8.5 MB | 1.1/1.4 MB | 283/592 kB | 192/260 kB
Progress (5): 8.0/12 MB | 6.2/8.5 MB | 1.1/1.4 MB | 299/592 kB | 192/260 kB
Progress (5): 8.0/12 MB | 6.2/8.5 MB | 1.1/1.4 MB | 299/592 kB | 192/260 kB
Progress (5): 8.0/12 MB | 6.2/8.5 MB | 1.1/1.4 MB | 299/592 kB | 192/260 kB
Progress (5): 8.0/12 MB | 6.2/8.5 MB | 1.1/1.4 MB | 299/592 kB | 192/260 kB
Progress (5): 8.0/12 MB | 6.2/8.5 MB | 1.1/1.4 MB | 299/592 kB | 208/260 kB
Progress (5): 8.0/12 MB | 6.2/8.5 MB | 1.1/1.4 MB | 315/592 kB | 208/260 kB
Progress (5): 8.0/12 MB | 6.2/8.5 MB | 1.1/1.4 MB | 315/592 kB | 208/260 kB
Progress (5): 8.0/12 MB | 6.2/8.5 MB | 1.2/1.4 MB | 315/592 kB | 208/260 kB
Progress (5): 8.0/12 MB | 6.2/8.5 MB | 1.2/1.4 MB | 315/592 kB | 208/260 kB
Progress (5): 8.0/12 MB | 6.2/8.5 MB | 1.2/1.4 MB | 315/592 kB | 224/260 kB
Progress (5): 8.0/12 MB | 6.2/8.5 MB | 1.2/1.4 MB | 315/592 kB | 224/260 kB
Progress (5): 8.0/12 MB | 6.2/8.5 MB | 1.2/1.4 MB | 332/592 kB | 224/260 kB
Progress (5): 8.0/12 MB | 6.2/8.5 MB | 1.2/1.4 MB | 332/592 kB | 224/260 kB
Progress (5): 8.0/12 MB | 6.3/8.5 MB | 1.2/1.4 MB | 332/592 kB | 224/260 kB
Progress (5): 8.0/12 MB | 6.3/8.5 MB | 1.2/1.4 MB | 332/592 kB | 241/260 kB
Progress (5): 8.0/12 MB | 6.3/8.5 MB | 1.2/1.4 MB | 332/592 kB | 241/260 kB
Progress (5): 8.0/12 MB | 6.3/8.5 MB | 1.2/1.4 MB | 348/592 kB | 241/260 kB
Progress (5): 8.0/12 MB | 6.3/8.5 MB | 1.2/1.4 MB | 348/592 kB | 241/260 kB
Progress (5): 8.0/12 MB | 6.3/8.5 MB | 1.2/1.4 MB | 348/592 kB | 241/260 kB
Progress (5): 8.0/12 MB | 6.3/8.5 MB | 1.2/1.4 MB | 348/592 kB | 257/260 kB
Progress (5): 8.0/12 MB | 6.3/8.5 MB | 1.2/1.4 MB | 348/592 kB | 260 kB    
Progress (5): 8.0/12 MB | 6.3/8.5 MB | 1.2/1.4 MB | 348/592 kB | 260 kB
Progress (5): 8.0/12 MB | 6.3/8.5 MB | 1.2/1.4 MB | 348/592 kB | 260 kB
Progress (5): 8.1/12 MB | 6.3/8.5 MB | 1.2/1.4 MB | 348/592 kB | 260 kB
Progress (5): 8.1/12 MB | 6.3/8.5 MB | 1.2/1.4 MB | 364/592 kB | 260 kB
Progress (5): 8.1/12 MB | 6.3/8.5 MB | 1.2/1.4 MB | 364/592 kB | 260 kB
                                                                       
Downloaded from central: https://repo.maven.apache.org/maven2/org/junit/jupiter/junit-jupiter-engine/5.11.4/junit-jupiter-engine-5.11.4.jar (260 kB at 43 kB/s)
Downloading from central: https://repo.maven.apache.org/maven2/org/junit/platform/junit-platform-engine/1.11.4/junit-platform-engine-1.11.4.jar
Progress (4): 8.1/12 MB | 6.3/8.5 MB | 1.2/1.4 MB | 364/592 kB
Progress (4): 8.1/12 MB | 6.3/8.5 MB | 1.2/1.4 MB | 364/592 kB
Progress (4): 8.1/12 MB | 6.3/8.5 MB | 1.2/1.4 MB | 381/592 kB
Progress (4): 8.1/12 MB | 6.3/8.5 MB | 1.2/1.4 MB | 381/592 kB
Progress (4): 8.1/12 MB | 6.3/8.5 MB | 1.2/1.4 MB | 381/592 kB
Progress (4): 8.1/12 MB | 6.3/8.5 MB | 1.2/1.4 MB | 381/592 kB
Progress (4): 8.1/12 MB | 6.3/8.5 MB | 1.2/1.4 MB | 397/592 kB
Progress (4): 8.1/12 MB | 6.3/8.5 MB | 1.2/1.4 MB | 397/592 kB
Progress (4): 8.1/12 MB | 6.3/8.5 MB | 1.2/1.4 MB | 397/592 kB
Progress (4): 8.1/12 MB | 6.3/8.5 MB | 1.3/1.4 MB | 397/592 kB
Progress (4): 8.1/12 MB | 6.3/8.5 MB | 1.3/1.4 MB | 397/592 kB
Progress (4): 8.1/12 MB | 6.3/8.5 MB | 1.3/1.4 MB | 414/592 kB
Progress (4): 8.1/12 MB | 6.3/8.5 MB | 1.3/1.4 MB | 414/592 kB
Progress (4): 8.1/12 MB | 6.3/8.5 MB | 1.3/1.4 MB | 414/592 kB
Progress (4): 8.1/12 MB | 6.3/8.5 MB | 1.3/1.4 MB | 430/592 kB
Progress (4): 8.1/12 MB | 6.3/8.5 MB | 1.3/1.4 MB | 430/592 kB
Progress (4): 8.1/12 MB | 6.3/8.5 MB | 1.3/1.4 MB | 430/592 kB
Progress (4): 8.2/12 MB | 6.3/8.5 MB | 1.3/1.4 MB | 430/592 kB
Progress (4): 8.2/12 MB | 6.3/8.5 MB | 1.3/1.4 MB | 430/592 kB
Progress (4): 8.2/12 MB | 6.3/8.5 MB | 1.3/1.4 MB | 430/592 kB
Progress (4): 8.2/12 MB | 6.4/8.5 MB | 1.3/1.4 MB | 430/592 kB
Progress (4): 8.2/12 MB | 6.4/8.5 MB | 1.3/1.4 MB | 446/592 kB
Progress (4): 8.2/12 MB | 6.4/8.5 MB | 1.3/1.4 MB | 446/592 kB
Progress (4): 8.2/12 MB | 6.4/8.5 MB | 1.3/1.4 MB | 446/592 kB
Progress (4): 8.2/12 MB | 6.4/8.5 MB | 1.3/1.4 MB | 446/592 kB
Progress (4): 8.2/12 MB | 6.4/8.5 MB | 1.3/1.4 MB | 463/592 kB
Progress (4): 8.2/12 MB | 6.4/8.5 MB | 1.3/1.4 MB | 463/592 kB
Progress (4): 8.2/12 MB | 6.4/8.5 MB | 1.3/1.4 MB | 463/592 kB
Progress (4): 8.2/12 MB | 6.4/8.5 MB | 1.3/1.4 MB | 463/592 kB
Progress (4): 8.2/12 MB | 6.4/8.5 MB | 1.3/1.4 MB | 479/592 kB
Progress (4): 8.2/12 MB | 6.4/8.5 MB | 1.3/1.4 MB | 479/592 kB
Progress (4): 8.2/12 MB | 6.4/8.5 MB | 1.4/1.4 MB | 479/592 kB
Progress (4): 8.2/12 MB | 6.4/8.5 MB | 1.4/1.4 MB | 479/592 kB
Progress (4): 8.2/12 MB | 6.4/8.5 MB | 1.4/1.4 MB | 479/592 kB
Progress (4): 8.2/12 MB | 6.4/8.5 MB | 1.4/1.4 MB | 495/592 kB
Progress (4): 8.2/12 MB | 6.4/8.5 MB | 1.4/1.4 MB | 495/592 kB
Progress (4): 8.3/12 MB | 6.4/8.5 MB | 1.4/1.4 MB | 495/592 kB
Progress (4): 8.3/12 MB | 6.4/8.5 MB | 1.4/1.4 MB | 512/592 kB
Progress (4): 8.3/12 MB | 6.4/8.5 MB | 1.4 MB | 512/592 kB    
Progress (4): 8.3/12 MB | 6.4/8.5 MB | 1.4 MB | 512/592 kB
Progress (4): 8.3/12 MB | 6.4/8.5 MB | 1.4 MB | 512/592 kB
Progress (4): 8.3/12 MB | 6.4/8.5 MB | 1.4 MB | 528/592 kB
Progress (4): 8.3/12 MB | 6.4/8.5 MB | 1.4 MB | 528/592 kB
                                                          
Downloaded from central: https://repo.maven.apache.org/maven2/org/assertj/assertj-core/3.26.3/assertj-core-3.26.3.jar (1.4 MB at 223 kB/s)
Downloading from central: https://repo.maven.apache.org/maven2/org/mockito/mockito-core/5.14.2/mockito-core-5.14.2.jar
Progress (3): 8.3/12 MB | 6.4/8.5 MB | 545/592 kB
Progress (3): 8.3/12 MB | 6.4/8.5 MB | 545/592 kB
Progress (3): 8.3/12 MB | 6.4/8.5 MB | 545/592 kB
Progress (3): 8.3/12 MB | 6.4/8.5 MB | 545/592 kB
Progress (3): 8.3/12 MB | 6.4/8.5 MB | 545/592 kB
Progress (3): 8.3/12 MB | 6.4/8.5 MB | 561/592 kB
Progress (3): 8.4/12 MB | 6.4/8.5 MB | 561/592 kB
Progress (3): 8.4/12 MB | 6.5/8.5 MB | 561/592 kB
Progress (3): 8.4/12 MB | 6.5/8.5 MB | 561/592 kB
Progress (3): 8.4/12 MB | 6.5/8.5 MB | 561/592 kB
Progress (3): 8.4/12 MB | 6.5/8.5 MB | 577/592 kB
Progress (3): 8.4/12 MB | 6.5/8.5 MB | 577/592 kB
Progress (3): 8.4/12 MB | 6.5/8.5 MB | 577/592 kB
Progress (3): 8.4/12 MB | 6.5/8.5 MB | 577/592 kB
Progress (3): 8.4/12 MB | 6.5/8.5 MB | 592 kB    
Progress (3): 8.4/12 MB | 6.5/8.5 MB | 592 kB
Progress (3): 8.4/12 MB | 6.5/8.5 MB | 592 kB
Progress (4): 8.4/12 MB | 6.5/8.5 MB | 592 kB | 3.2/247 kB
Progress (4): 8.4/12 MB | 6.5/8.5 MB | 592 kB | 3.2/247 kB
Progress (4): 8.5/12 MB | 6.5/8.5 MB | 592 kB | 3.2/247 kB
Progress (4): 8.5/12 MB | 6.5/8.5 MB | 592 kB | 3.2/247 kB
                                                          
Downloaded from central: https://repo.maven.apache.org/maven2/org/junit/jupiter/junit-jupiter-params/5.11.4/junit-jupiter-params-5.11.4.jar (592 kB at 94 kB/s)
Downloading from central: https://repo.maven.apache.org/maven2/net/bytebuddy/byte-buddy-agent/1.15.11/byte-buddy-agent-1.15.11.jar
Progress (3): 8.5/12 MB | 6.5/8.5 MB | 20/247 kB
Progress (3): 8.5/12 MB | 6.5/8.5 MB | 20/247 kB
Progress (3): 8.5/12 MB | 6.5/8.5 MB | 36/247 kB
Progress (3): 8.5/12 MB | 6.5/8.5 MB | 36/247 kB
Progress (3): 8.5/12 MB | 6.5/8.5 MB | 36/247 kB
Progress (3): 8.5/12 MB | 6.5/8.5 MB | 52/247 kB
Progress (3): 8.5/12 MB | 6.5/8.5 MB | 52/247 kB
Progress (3): 8.5/12 MB | 6.6/8.5 MB | 52/247 kB
Progress (3): 8.5/12 MB | 6.6/8.5 MB | 69/247 kB
Progress (3): 8.5/12 MB | 6.6/8.5 MB | 69/247 kB
Progress (3): 8.5/12 MB | 6.6/8.5 MB | 69/247 kB
Progress (3): 8.5/12 MB | 6.6/8.5 MB | 69/247 kB
Progress (3): 8.5/12 MB | 6.6/8.5 MB | 85/247 kB
Progress (3): 8.6/12 MB | 6.6/8.5 MB | 85/247 kB
Progress (3): 8.6/12 MB | 6.6/8.5 MB | 85/247 kB
Progress (3): 8.6/12 MB | 6.6/8.5 MB | 101/247 kB
Progress (3): 8.6/12 MB | 6.6/8.5 MB | 101/247 kB
Progress (3): 8.6/12 MB | 6.6/8.5 MB | 118/247 kB
Progress (3): 8.6/12 MB | 6.6/8.5 MB | 118/247 kB
Progress (3): 8.6/12 MB | 6.6/8.5 MB | 118/247 kB
Progress (3): 8.6/12 MB | 6.6/8.5 MB | 118/247 kB
Progress (3): 8.6/12 MB | 6.6/8.5 MB | 134/247 kB
Progress (3): 8.6/12 MB | 6.6/8.5 MB | 134/247 kB
Progress (3): 8.6/12 MB | 6.6/8.5 MB | 134/247 kB
Progress (3): 8.6/12 MB | 6.6/8.5 MB | 151/247 kB
Progress (3): 8.6/12 MB | 6.6/8.5 MB | 151/247 kB
Progress (3): 8.6/12 MB | 6.6/8.5 MB | 167/247 kB
Progress (3): 8.6/12 MB | 6.6/8.5 MB | 167/247 kB
Progress (3): 8.6/12 MB | 6.6/8.5 MB | 183/247 kB
Progress (3): 8.7/12 MB | 6.6/8.5 MB | 183/247 kB
Progress (3): 8.7/12 MB | 6.6/8.5 MB | 183/247 kB
Progress (3): 8.7/12 MB | 6.6/8.5 MB | 183/247 kB
Progress (3): 8.7/12 MB | 6.6/8.5 MB | 183/247 kB
Progress (4): 8.7/12 MB | 6.6/8.5 MB | 183/247 kB | 8.2/708 kB
Progress (4): 8.7/12 MB | 6.6/8.5 MB | 200/247 kB | 8.2/708 kB
Progress (4): 8.7/12 MB | 6.7/8.5 MB | 200/247 kB | 8.2/708 kB
Progress (4): 8.7/12 MB | 6.7/8.5 MB | 200/247 kB | 8.2/708 kB
Progress (4): 8.7/12 MB | 6.7/8.5 MB | 200/247 kB | 8.2/708 kB
Progress (4): 8.7/12 MB | 6.7/8.5 MB | 200/247 kB | 8.2/708 kB
Progress (4): 8.7/12 MB | 6.7/8.5 MB | 200/247 kB | 25/708 kB 
Progress (4): 8.7/12 MB | 6.7/8.5 MB | 200/247 kB | 33/708 kB
Progress (4): 8.7/12 MB | 6.7/8.5 MB | 216/247 kB | 33/708 kB
Progress (4): 8.7/12 MB | 6.7/8.5 MB | 216/247 kB | 33/708 kB
Progress (4): 8.7/12 MB | 6.7/8.5 MB | 216/247 kB | 33/708 kB
Progress (4): 8.7/12 MB | 6.7/8.5 MB | 216/247 kB | 49/708 kB
Progress (4): 8.8/12 MB | 6.7/8.5 MB | 216/247 kB | 49/708 kB
Progress (4): 8.8/12 MB | 6.7/8.5 MB | 216/247 kB | 49/708 kB
Progress (4): 8.8/12 MB | 6.7/8.5 MB | 233/247 kB | 49/708 kB
Progress (5): 8.8/12 MB | 6.7/8.5 MB | 233/247 kB | 49/708 kB | 7.7/365 kB
Progress (5): 8.8/12 MB | 6.7/8.5 MB | 233/247 kB | 49/708 kB | 16/365 kB 
Progress (5): 8.8/12 MB | 6.7/8.5 MB | 233/247 kB | 66/708 kB | 16/365 kB
Progress (5): 8.8/12 MB | 6.7/8.5 MB | 233/247 kB | 66/708 kB | 25/365 kB
Progress (5): 8.8/12 MB | 6.7/8.5 MB | 233/247 kB | 66/708 kB | 25/365 kB
Progress (5): 8.8/12 MB | 6.7/8.5 MB | 247 kB | 66/708 kB | 25/365 kB    
Progress (5): 8.8/12 MB | 6.7/8.5 MB | 247 kB | 82/708 kB | 25/365 kB
Progress (5): 8.8/12 MB | 6.7/8.5 MB | 247 kB | 82/708 kB | 25/365 kB
Progress (5): 8.8/12 MB | 6.7/8.5 MB | 247 kB | 82/708 kB | 25/365 kB
Progress (5): 8.8/12 MB | 6.7/8.5 MB | 247 kB | 90/708 kB | 25/365 kB
Progress (5): 8.8/12 MB | 6.7/8.5 MB | 247 kB | 90/708 kB | 41/365 kB
Progress (5): 8.8/12 MB | 6.7/8.5 MB | 247 kB | 90/708 kB | 41/365 kB
                                                                     
Downloaded from central: https://repo.maven.apache.org/maven2/org/junit/platform/junit-platform-engine/1.11.4/junit-platform-engine-1.11.4.jar (247 kB at 38 kB/s)
Downloading from central: https://repo.maven.apache.org/maven2/org/mockito/mockito-junit-jupiter/5.14.2/mockito-junit-jupiter-5.14.2.jar
Progress (4): 8.8/12 MB | 6.7/8.5 MB | 90/708 kB | 41/365 kB
Progress (4): 8.8/12 MB | 6.7/8.5 MB | 106/708 kB | 41/365 kB
Progress (4): 8.8/12 MB | 6.7/8.5 MB | 106/708 kB | 57/365 kB
Progress (4): 8.8/12 MB | 6.7/8.5 MB | 106/708 kB | 57/365 kB
Progress (4): 8.8/12 MB | 6.7/8.5 MB | 106/708 kB | 57/365 kB
Progress (4): 8.8/12 MB | 6.7/8.5 MB | 123/708 kB | 57/365 kB
Progress (4): 8.8/12 MB | 6.7/8.5 MB | 123/708 kB | 57/365 kB
Progress (4): 8.8/12 MB | 6.7/8.5 MB | 123/708 kB | 74/365 kB
Progress (4): 8.8/12 MB | 6.7/8.5 MB | 139/708 kB | 74/365 kB
Progress (4): 8.9/12 MB | 6.7/8.5 MB | 139/708 kB | 74/365 kB
Progress (4): 8.9/12 MB | 6.8/8.5 MB | 139/708 kB | 74/365 kB
Progress (4): 8.9/12 MB | 6.8/8.5 MB | 139/708 kB | 90/365 kB
Progress (4): 8.9/12 MB | 6.8/8.5 MB | 139/708 kB | 90/365 kB
Progress (4): 8.9/12 MB | 6.8/8.5 MB | 156/708 kB | 90/365 kB
Progress (4): 8.9/12 MB | 6.8/8.5 MB | 156/708 kB | 90/365 kB
Progress (4): 8.9/12 MB | 6.8/8.5 MB | 172/708 kB | 90/365 kB
Progress (4): 8.9/12 MB | 6.8/8.5 MB | 172/708 kB | 106/365 kB
Progress (4): 8.9/12 MB | 6.8/8.5 MB | 172/708 kB | 106/365 kB
Progress (4): 8.9/12 MB | 6.8/8.5 MB | 172/708 kB | 106/365 kB
Progress (4): 8.9/12 MB | 6.8/8.5 MB | 172/708 kB | 123/365 kB
Progress (4): 8.9/12 MB | 6.8/8.5 MB | 188/708 kB | 123/365 kB
Progress (4): 8.9/12 MB | 6.8/8.5 MB | 188/708 kB | 123/365 kB
Progress (4): 8.9/12 MB | 6.8/8.5 MB | 188/708 kB | 123/365 kB
Progress (4): 8.9/12 MB | 6.8/8.5 MB | 188/708 kB | 123/365 kB
Progress (4): 8.9/12 MB | 6.8/8.5 MB | 205/708 kB | 123/365 kB
Progress (4): 8.9/12 MB | 6.8/8.5 MB | 205/708 kB | 139/365 kB
Progress (4): 8.9/12 MB | 6.8/8.5 MB | 205/708 kB | 139/365 kB
Progress (4): 9.0/12 MB | 6.8/8.5 MB | 205/708 kB | 139/365 kB
Progress (4): 9.0/12 MB | 6.8/8.5 MB | 221/708 kB | 139/365 kB
Progress (4): 9.0/12 MB | 6.8/8.5 MB | 221/708 kB | 139/365 kB
Progress (4): 9.0/12 MB | 6.8/8.5 MB | 238/708 kB | 139/365 kB
Progress (4): 9.0/12 MB | 6.8/8.5 MB | 238/708 kB | 139/365 kB
Progress (4): 9.0/12 MB | 6.8/8.5 MB | 238/708 kB | 139/365 kB
Progress (4): 9.0/12 MB | 6.8/8.5 MB | 238/708 kB | 156/365 kB
Progress (4): 9.0/12 MB | 6.8/8.5 MB | 254/708 kB | 156/365 kB
Progress (4): 9.0/12 MB | 6.8/8.5 MB | 254/708 kB | 156/365 kB
Progress (4): 9.0/12 MB | 6.8/8.5 MB | 254/708 kB | 156/365 kB
Progress (4): 9.0/12 MB | 6.8/8.5 MB | 270/708 kB | 156/365 kB
Progress (4): 9.0/12 MB | 6.8/8.5 MB | 270/708 kB | 172/365 kB
Progress (4): 9.0/12 MB | 6.8/8.5 MB | 270/708 kB | 172/365 kB
Progress (4): 9.0/12 MB | 6.9/8.5 MB | 270/708 kB | 172/365 kB
Progress (4): 9.0/12 MB | 6.9/8.5 MB | 270/708 kB | 172/365 kB
Progress (4): 9.0/12 MB | 6.9/8.5 MB | 287/708 kB | 172/365 kB
Progress (4): 9.1/12 MB | 6.9/8.5 MB | 287/708 kB | 172/365 kB
Progress (4): 9.1/12 MB | 6.9/8.5 MB | 287/708 kB | 188/365 kB
Progress (4): 9.1/12 MB | 6.9/8.5 MB | 287/708 kB | 188/365 kB
Progress (4): 9.1/12 MB | 6.9/8.5 MB | 303/708 kB | 188/365 kB
Progress (5): 9.1/12 MB | 6.9/8.5 MB | 303/708 kB | 188/365 kB | 7.7/8.9 kB
Progress (5): 9.1/12 MB | 6.9/8.5 MB | 303/708 kB | 188/365 kB | 8.9 kB    
Progress (5): 9.1/12 MB | 6.9/8.5 MB | 303/708 kB | 188/365 kB | 8.9 kB
Progress (5): 9.1/12 MB | 6.9/8.5 MB | 303/708 kB | 188/365 kB | 8.9 kB
                                                                       
Downloaded from central: https://repo.maven.apache.org/maven2/org/mockito/mockito-junit-jupiter/5.14.2/mockito-junit-jupiter-5.14.2.jar (8.9 kB at 1.3 kB/s)
Downloading from central: https://repo.maven.apache.org/maven2/org/springframework/spring-core/6.2.1/spring-core-6.2.1.jar
Progress (4): 9.1/12 MB | 6.9/8.5 MB | 303/708 kB | 205/365 kB
Progress (4): 9.1/12 MB | 6.9/8.5 MB | 303/708 kB | 205/365 kB
Progress (4): 9.1/12 MB | 6.9/8.5 MB | 319/708 kB | 205/365 kB
Progress (4): 9.1/12 MB | 6.9/8.5 MB | 319/708 kB | 205/365 kB
Progress (4): 9.1/12 MB | 6.9/8.5 MB | 319/708 kB | 205/365 kB
Progress (4): 9.1/12 MB | 6.9/8.5 MB | 319/708 kB | 221/365 kB
Progress (4): 9.1/12 MB | 6.9/8.5 MB | 336/708 kB | 221/365 kB
Progress (4): 9.1/12 MB | 6.9/8.5 MB | 336/708 kB | 221/365 kB
Progress (4): 9.1/12 MB | 6.9/8.5 MB | 336/708 kB | 238/365 kB
Progress (4): 9.1/12 MB | 6.9/8.5 MB | 352/708 kB | 238/365 kB
Progress (4): 9.1/12 MB | 6.9/8.5 MB | 352/708 kB | 238/365 kB
Progress (4): 9.1/12 MB | 6.9/8.5 MB | 352/708 kB | 238/365 kB
Progress (4): 9.1/12 MB | 6.9/8.5 MB | 369/708 kB | 238/365 kB
Progress (4): 9.1/12 MB | 6.9/8.5 MB | 369/708 kB | 254/365 kB
Progress (4): 9.2/12 MB | 6.9/8.5 MB | 369/708 kB | 254/365 kB
Progress (4): 9.2/12 MB | 6.9/8.5 MB | 369/708 kB | 254/365 kB
Progress (4): 9.2/12 MB | 6.9/8.5 MB | 385/708 kB | 254/365 kB
Progress (4): 9.2/12 MB | 6.9/8.5 MB | 385/708 kB | 254/365 kB
Progress (4): 9.2/12 MB | 6.9/8.5 MB | 385/708 kB | 270/365 kB
Progress (4): 9.2/12 MB | 6.9/8.5 MB | 385/708 kB | 270/365 kB
Progress (4): 9.2/12 MB | 7.0/8.5 MB | 385/708 kB | 270/365 kB
Progress (4): 9.2/12 MB | 7.0/8.5 MB | 401/708 kB | 270/365 kB
Progress (4): 9.2/12 MB | 7.0/8.5 MB | 401/708 kB | 287/365 kB
Progress (4): 9.2/12 MB | 7.0/8.5 MB | 401/708 kB | 287/365 kB
Progress (4): 9.2/12 MB | 7.0/8.5 MB | 418/708 kB | 287/365 kB
Progress (4): 9.2/12 MB | 7.0/8.5 MB | 418/708 kB | 287/365 kB
Progress (4): 9.2/12 MB | 7.0/8.5 MB | 434/708 kB | 287/365 kB
Progress (4): 9.2/12 MB | 7.0/8.5 MB | 434/708 kB | 287/365 kB
Progress (4): 9.2/12 MB | 7.0/8.5 MB | 434/708 kB | 303/365 kB
Progress (4): 9.2/12 MB | 7.0/8.5 MB | 434/708 kB | 303/365 kB
Progress (4): 9.2/12 MB | 7.0/8.5 MB | 451/708 kB | 303/365 kB
Progress (4): 9.3/12 MB | 7.0/8.5 MB | 451/708 kB | 303/365 kB
Progress (4): 9.3/12 MB | 7.0/8.5 MB | 451/708 kB | 319/365 kB
Progress (4): 9.3/12 MB | 7.0/8.5 MB | 451/708 kB | 319/365 kB
Progress (4): 9.3/12 MB | 7.0/8.5 MB | 451/708 kB | 319/365 kB
Progress (4): 9.3/12 MB | 7.0/8.5 MB | 467/708 kB | 319/365 kB
Progress (4): 9.3/12 MB | 7.0/8.5 MB | 467/708 kB | 319/365 kB
Progress (4): 9.3/12 MB | 7.0/8.5 MB | 467/708 kB | 336/365 kB
Progress (4): 9.3/12 MB | 7.0/8.5 MB | 483/708 kB | 336/365 kB
Progress (4): 9.3/12 MB | 7.0/8.5 MB | 483/708 kB | 336/365 kB
Progress (4): 9.3/12 MB | 7.0/8.5 MB | 483/708 kB | 336/365 kB
Progress (4): 9.3/12 MB | 7.0/8.5 MB | 500/708 kB | 336/365 kB
Progress (4): 9.3/12 MB | 7.0/8.5 MB | 500/708 kB | 336/365 kB
Progress (4): 9.3/12 MB | 7.0/8.5 MB | 500/708 kB | 336/365 kB
Progress (4): 9.3/12 MB | 7.0/8.5 MB | 500/708 kB | 352/365 kB
Progress (4): 9.3/12 MB | 7.0/8.5 MB | 500/708 kB | 352/365 kB
Progress (4): 9.3/12 MB | 7.0/8.5 MB | 516/708 kB | 352/365 kB
Progress (4): 9.4/12 MB | 7.0/8.5 MB | 516/708 kB | 352/365 kB
Progress (4): 9.4/12 MB | 7.0/8.5 MB | 516/708 kB | 352/365 kB
Progress (4): 9.4/12 MB | 7.0/8.5 MB | 516/708 kB | 352/365 kB
Progress (4): 9.4/12 MB | 7.0/8.5 MB | 516/708 kB | 365 kB    
Progress (4): 9.4/12 MB | 7.0/8.5 MB | 532/708 kB | 365 kB
Progress (4): 9.4/12 MB | 7.1/8.5 MB | 532/708 kB | 365 kB
Progress (4): 9.4/12 MB | 7.1/8.5 MB | 532/708 kB | 365 kB
Progress (4): 9.4/12 MB | 7.1/8.5 MB | 549/708 kB | 365 kB
Progress (4): 9.4/12 MB | 7.1/8.5 MB | 549/708 kB | 365 kB
Progress (4): 9.4/12 MB | 7.1/8.5 MB | 549/708 kB | 365 kB
Progress (5): 9.4/12 MB | 7.1/8.5 MB | 549/708 kB | 365 kB | 0/2.0 MB
Progress (5): 9.4/12 MB | 7.1/8.5 MB | 549/708 kB | 365 kB | 0/2.0 MB
Progress (5): 9.4/12 MB | 7.1/8.5 MB | 549/708 kB | 365 kB | 0/2.0 MB
Progress (5): 9.4/12 MB | 7.1/8.5 MB | 565/708 kB | 365 kB | 0/2.0 MB
Progress (5): 9.4/12 MB | 7.1/8.5 MB | 565/708 kB | 365 kB | 0/2.0 MB
Progress (5): 9.4/12 MB | 7.1/8.5 MB | 565/708 kB | 365 kB | 0/2.0 MB
Progress (5): 9.4/12 MB | 7.1/8.5 MB | 582/708 kB | 365 kB | 0/2.0 MB
Progress (5): 9.4/12 MB | 7.1/8.5 MB | 582/708 kB | 365 kB | 0/2.0 MB
Progress (5): 9.4/12 MB | 7.1/8.5 MB | 582/708 kB | 365 kB | 0/2.0 MB
Progress (5): 9.4/12 MB | 7.1/8.5 MB | 598/708 kB | 365 kB | 0/2.0 MB
Progress (5): 9.5/12 MB | 7.1/8.5 MB | 598/708 kB | 365 kB | 0/2.0 MB
Progress (5): 9.5/12 MB | 7.1/8.5 MB | 598/708 kB | 365 kB | 0.1/2.0 MB
Progress (5): 9.5/12 MB | 7.1/8.5 MB | 598/708 kB | 365 kB | 0.1/2.0 MB
Progress (5): 9.5/12 MB | 7.1/8.5 MB | 598/708 kB | 365 kB | 0.1/2.0 MB
                                                                       
Downloaded from central: https://repo.maven.apache.org/maven2/net/bytebuddy/byte-buddy-agent/1.15.11/byte-buddy-agent-1.15.11.jar (365 kB at 54 kB/s)
Downloading from central: https://repo.maven.apache.org/maven2/org/springframework/spring-jcl/6.2.1/spring-jcl-6.2.1.jar
Progress (4): 9.5/12 MB | 7.1/8.5 MB | 614/708 kB | 0.1/2.0 MB
Progress (4): 9.5/12 MB | 7.1/8.5 MB | 614/708 kB | 0.1/2.0 MB
Progress (4): 9.5/12 MB | 7.1/8.5 MB | 614/708 kB | 0.1/2.0 MB
Progress (4): 9.5/12 MB | 7.1/8.5 MB | 614/708 kB | 0.1/2.0 MB
Progress (4): 9.5/12 MB | 7.1/8.5 MB | 631/708 kB | 0.1/2.0 MB
Progress (4): 9.5/12 MB | 7.1/8.5 MB | 631/708 kB | 0.1/2.0 MB
Progress (4): 9.5/12 MB | 7.1/8.5 MB | 631/708 kB | 0.1/2.0 MB
Progress (4): 9.5/12 MB | 7.1/8.5 MB | 631/708 kB | 0.1/2.0 MB
Progress (4): 9.5/12 MB | 7.1/8.5 MB | 631/708 kB | 0.1/2.0 MB
Progress (4): 9.5/12 MB | 7.1/8.5 MB | 647/708 kB | 0.1/2.0 MB
Progress (4): 9.5/12 MB | 7.1/8.5 MB | 647/708 kB | 0.1/2.0 MB
Progress (4): 9.5/12 MB | 7.1/8.5 MB | 647/708 kB | 0.1/2.0 MB
Progress (4): 9.5/12 MB | 7.1/8.5 MB | 664/708 kB | 0.1/2.0 MB
Progress (4): 9.5/12 MB | 7.2/8.5 MB | 664/708 kB | 0.1/2.0 MB
Progress (4): 9.5/12 MB | 7.2/8.5 MB | 664/708 kB | 0.1/2.0 MB
Progress (4): 9.5/12 MB | 7.2/8.5 MB | 664/708 kB | 0.1/2.0 MB
Progress (4): 9.5/12 MB | 7.2/8.5 MB | 680/708 kB | 0.1/2.0 MB
Progress (4): 9.6/12 MB | 7.2/8.5 MB | 680/708 kB | 0.1/2.0 MB
Progress (4): 9.6/12 MB | 7.2/8.5 MB | 680/708 kB | 0.1/2.0 MB
Progress (4): 9.6/12 MB | 7.2/8.5 MB | 680/708 kB | 0.1/2.0 MB
Progress (4): 9.6/12 MB | 7.2/8.5 MB | 680/708 kB | 0.1/2.0 MB
Progress (4): 9.6/12 MB | 7.2/8.5 MB | 696/708 kB | 0.1/2.0 MB
Progress (4): 9.6/12 MB | 7.2/8.5 MB | 696/708 kB | 0.1/2.0 MB
Progress (4): 9.6/12 MB | 7.2/8.5 MB | 708 kB | 0.1/2.0 MB    
Progress (4): 9.6/12 MB | 7.2/8.5 MB | 708 kB | 0.1/2.0 MB
Progress (4): 9.6/12 MB | 7.2/8.5 MB | 708 kB | 0.1/2.0 MB
Progress (4): 9.6/12 MB | 7.2/8.5 MB | 708 kB | 0.1/2.0 MB
Progress (4): 9.6/12 MB | 7.2/8.5 MB | 708 kB | 0.1/2.0 MB
Progress (4): 9.6/12 MB | 7.2/8.5 MB | 708 kB | 0.2/2.0 MB
Progress (4): 9.6/12 MB | 7.2/8.5 MB | 708 kB | 0.2/2.0 MB
Progress (4): 9.6/12 MB | 7.2/8.5 MB | 708 kB | 0.2/2.0 MB
Progress (4): 9.6/12 MB | 7.2/8.5 MB | 708 kB | 0.2/2.0 MB
Progress (4): 9.6/12 MB | 7.2/8.5 MB | 708 kB | 0.2/2.0 MB
Progress (4): 9.7/12 MB | 7.2/8.5 MB | 708 kB | 0.2/2.0 MB
Progress (4): 9.7/12 MB | 7.2/8.5 MB | 708 kB | 0.2/2.0 MB
Progress (4): 9.7/12 MB | 7.2/8.5 MB | 708 kB | 0.2/2.0 MB
Progress (4): 9.7/12 MB | 7.2/8.5 MB | 708 kB | 0.2/2.0 MB
Progress (4): 9.7/12 MB | 7.2/8.5 MB | 708 kB | 0.2/2.0 MB
Progress (4): 9.7/12 MB | 7.2/8.5 MB | 708 kB | 0.2/2.0 MB
Progress (4): 9.7/12 MB | 7.2/8.5 MB | 708 kB | 0.2/2.0 MB
Progress (4): 9.7/12 MB | 7.2/8.5 MB | 708 kB | 0.2/2.0 MB
                                                          
Downloaded from central: https://repo.maven.apache.org/maven2/org/mockito/mockito-core/5.14.2/mockito-core-5.14.2.jar (708 kB at 103 kB/s)
Downloading from central: https://repo.maven.apache.org/maven2/org/springframework/spring-test/6.2.1/spring-test-6.2.1.jar
Progress (3): 9.7/12 MB | 7.3/8.5 MB | 0.2/2.0 MB
Progress (3): 9.7/12 MB | 7.3/8.5 MB | 0.2/2.0 MB
Progress (3): 9.7/12 MB | 7.3/8.5 MB | 0.2/2.0 MB
Progress (3): 9.7/12 MB | 7.3/8.5 MB | 0.2/2.0 MB
Progress (4): 9.7/12 MB | 7.3/8.5 MB | 0.2/2.0 MB | 7.7/25 kB
Progress (4): 9.7/12 MB | 7.3/8.5 MB | 0.2/2.0 MB | 16/25 kB 
Progress (4): 9.7/12 MB | 7.3/8.5 MB | 0.2/2.0 MB | 20/25 kB
Progress (4): 9.7/12 MB | 7.3/8.5 MB | 0.2/2.0 MB | 25 kB   
Progress (4): 9.7/12 MB | 7.3/8.5 MB | 0.2/2.0 MB | 25 kB
Progress (4): 9.7/12 MB | 7.3/8.5 MB | 0.2/2.0 MB | 25 kB
Progress (4): 9.8/12 MB | 7.3/8.5 MB | 0.2/2.0 MB | 25 kB
Progress (4): 9.8/12 MB | 7.3/8.5 MB | 0.2/2.0 MB | 25 kB
Progress (4): 9.8/12 MB | 7.3/8.5 MB | 0.2/2.0 MB | 25 kB
Progress (4): 9.8/12 MB | 7.3/8.5 MB | 0.3/2.0 MB | 25 kB
Progress (4): 9.8/12 MB | 7.3/8.5 MB | 0.3/2.0 MB | 25 kB
                                                         
Downloaded from central: https://repo.maven.apache.org/maven2/org/springframework/spring-jcl/6.2.1/spring-jcl-6.2.1.jar (25 kB at 3.6 kB/s)
Downloading from central: https://repo.maven.apache.org/maven2/org/xmlunit/xmlunit-core/2.10.0/xmlunit-core-2.10.0.jar
Progress (3): 9.8/12 MB | 7.3/8.5 MB | 0.3/2.0 MB
Progress (3): 9.8/12 MB | 7.3/8.5 MB | 0.3/2.0 MB
Progress (3): 9.8/12 MB | 7.3/8.5 MB | 0.3/2.0 MB
Progress (3): 9.8/12 MB | 7.3/8.5 MB | 0.3/2.0 MB
Progress (3): 9.8/12 MB | 7.3/8.5 MB | 0.3/2.0 MB
Progress (3): 9.8/12 MB | 7.3/8.5 MB | 0.3/2.0 MB
Progress (3): 9.8/12 MB | 7.3/8.5 MB | 0.3/2.0 MB
Progress (3): 9.8/12 MB | 7.3/8.5 MB | 0.3/2.0 MB
Progress (3): 9.9/12 MB | 7.3/8.5 MB | 0.3/2.0 MB
Progress (3): 9.9/12 MB | 7.3/8.5 MB | 0.3/2.0 MB
Progress (3): 9.9/12 MB | 7.3/8.5 MB | 0.3/2.0 MB
Progress (3): 9.9/12 MB | 7.3/8.5 MB | 0.3/2.0 MB
Progress (3): 9.9/12 MB | 7.4/8.5 MB | 0.3/2.0 MB
Progress (3): 9.9/12 MB | 7.4/8.5 MB | 0.3/2.0 MB
Progress (3): 9.9/12 MB | 7.4/8.5 MB | 0.3/2.0 MB
Progress (3): 9.9/12 MB | 7.4/8.5 MB | 0.3/2.0 MB
Progress (3): 9.9/12 MB | 7.4/8.5 MB | 0.3/2.0 MB
Progress (3): 9.9/12 MB | 7.4/8.5 MB | 0.3/2.0 MB
Progress (3): 9.9/12 MB | 7.4/8.5 MB | 0.3/2.0 MB
Progress (3): 9.9/12 MB | 7.4/8.5 MB | 0.3/2.0 MB
Progress (3): 10.0/12 MB | 7.4/8.5 MB | 0.3/2.0 MB
Progress (3): 10.0/12 MB | 7.4/8.5 MB | 0.4/2.0 MB
Progress (3): 10.0/12 MB | 7.4/8.5 MB | 0.4/2.0 MB
Progress (3): 10.0/12 MB | 7.4/8.5 MB | 0.4/2.0 MB
Progress (3): 10.0/12 MB | 7.4/8.5 MB | 0.4/2.0 MB
Progress (3): 10.0/12 MB | 7.4/8.5 MB | 0.4/2.0 MB
Progress (3): 10.0/12 MB | 7.4/8.5 MB | 0.4/2.0 MB
Progress (3): 10/12 MB | 7.4/8.5 MB | 0.4/2.0 MB  
Progress (3): 10/12 MB | 7.4/8.5 MB | 0.4/2.0 MB
Progress (3): 10/12 MB | 7.4/8.5 MB | 0.4/2.0 MB
Progress (3): 10/12 MB | 7.4/8.5 MB | 0.4/2.0 MB
Progress (3): 10/12 MB | 7.4/8.5 MB | 0.4/2.0 MB
Progress (3): 10/12 MB | 7.4/8.5 MB | 0.4/2.0 MB
Progress (3): 10/12 MB | 7.4/8.5 MB | 0.4/2.0 MB
Progress (3): 10/12 MB | 7.5/8.5 MB | 0.4/2.0 MB
Progress (4): 10/12 MB | 7.5/8.5 MB | 0.4/2.0 MB | 0/1.0 MB
Progress (4): 10/12 MB | 7.5/8.5 MB | 0.4/2.0 MB | 0/1.0 MB
Progress (4): 10/12 MB | 7.5/8.5 MB | 0.4/2.0 MB | 0/1.0 MB
Progress (4): 10/12 MB | 7.5/8.5 MB | 0.4/2.0 MB | 0/1.0 MB
Progress (4): 10/12 MB | 7.5/8.5 MB | 0.4/2.0 MB | 0.1/1.0 MB
Progress (4): 10/12 MB | 7.5/8.5 MB | 0.4/2.0 MB | 0.1/1.0 MB
Progress (4): 10/12 MB | 7.5/8.5 MB | 0.4/2.0 MB | 0.1/1.0 MB
Progress (4): 10/12 MB | 7.5/8.5 MB | 0.4/2.0 MB | 0.1/1.0 MB
Progress (4): 10/12 MB | 7.5/8.5 MB | 0.4/2.0 MB | 0.1/1.0 MB
Progress (4): 10/12 MB | 7.5/8.5 MB | 0.4/2.0 MB | 0.1/1.0 MB
Progress (4): 10/12 MB | 7.5/8.5 MB | 0.4/2.0 MB | 0.1/1.0 MB
Progress (4): 10/12 MB | 7.5/8.5 MB | 0.4/2.0 MB | 0.1/1.0 MB
Progress (4): 10/12 MB | 7.5/8.5 MB | 0.4/2.0 MB | 0.1/1.0 MB
Progress (4): 10/12 MB | 7.5/8.5 MB | 0.4/2.0 MB | 0.1/1.0 MB
Progress (4): 10/12 MB | 7.5/8.5 MB | 0.4/2.0 MB | 0.1/1.0 MB
Progress (4): 10/12 MB | 7.5/8.5 MB | 0.5/2.0 MB | 0.1/1.0 MB
Progress (4): 10/12 MB | 7.5/8.5 MB | 0.5/2.0 MB | 0.1/1.0 MB
Progress (4): 10/12 MB | 7.5/8.5 MB | 0.5/2.0 MB | 0.1/1.0 MB
Progress (4): 10/12 MB | 7.5/8.5 MB | 0.5/2.0 MB | 0.1/1.0 MB
Progress (4): 10/12 MB | 7.5/8.5 MB | 0.5/2.0 MB | 0.1/1.0 MB
Progress (4): 10/12 MB | 7.5/8.5 MB | 0.5/2.0 MB | 0.1/1.0 MB
Progress (4): 10/12 MB | 7.5/8.5 MB | 0.5/2.0 MB | 0.1/1.0 MB
Progress (4): 10/12 MB | 7.5/8.5 MB | 0.5/2.0 MB | 0.1/1.0 MB
Progress (5): 10/12 MB | 7.5/8.5 MB | 0.5/2.0 MB | 0.1/1.0 MB | 7.7/181 kB
Progress (5): 10/12 MB | 7.5/8.5 MB | 0.5/2.0 MB | 0.1/1.0 MB | 11/181 kB 
Progress (5): 10/12 MB | 7.5/8.5 MB | 0.5/2.0 MB | 0.1/1.0 MB | 28/181 kB
Progress (5): 10/12 MB | 7.5/8.5 MB | 0.5/2.0 MB | 0.1/1.0 MB | 44/181 kB
Progress (5): 10/12 MB | 7.5/8.5 MB | 0.5/2.0 MB | 0.1/1.0 MB | 61/181 kB
Progress (5): 10/12 MB | 7.5/8.5 MB | 0.5/2.0 MB | 0.1/1.0 MB | 77/181 kB
Progress (5): 10/12 MB | 7.5/8.5 MB | 0.5/2.0 MB | 0.1/1.0 MB | 77/181 kB
Progress (5): 10/12 MB | 7.5/8.5 MB | 0.5/2.0 MB | 0.1/1.0 MB | 77/181 kB
Progress (5): 10/12 MB | 7.5/8.5 MB | 0.5/2.0 MB | 0.1/1.0 MB | 77/181 kB
Progress (5): 10/12 MB | 7.5/8.5 MB | 0.5/2.0 MB | 0.1/1.0 MB | 77/181 kB
Progress (5): 10/12 MB | 7.5/8.5 MB | 0.5/2.0 MB | 0.1/1.0 MB | 77/181 kB
Progress (5): 10/12 MB | 7.5/8.5 MB | 0.5/2.0 MB | 0.1/1.0 MB | 93/181 kB
Progress (5): 10/12 MB | 7.5/8.5 MB | 0.5/2.0 MB | 0.2/1.0 MB | 93/181 kB
Progress (5): 10/12 MB | 7.5/8.5 MB | 0.5/2.0 MB | 0.2/1.0 MB | 93/181 kB
Progress (5): 10/12 MB | 7.5/8.5 MB | 0.5/2.0 MB | 0.2/1.0 MB | 93/181 kB
Progress (5): 10/12 MB | 7.5/8.5 MB | 0.5/2.0 MB | 0.2/1.0 MB | 93/181 kB
Progress (5): 10/12 MB | 7.5/8.5 MB | 0.5/2.0 MB | 0.2/1.0 MB | 93/181 kB
Progress (5): 10/12 MB | 7.5/8.5 MB | 0.5/2.0 MB | 0.2/1.0 MB | 110/181 kB
Progress (5): 10/12 MB | 7.5/8.5 MB | 0.5/2.0 MB | 0.2/1.0 MB | 110/181 kB
Progress (5): 10/12 MB | 7.5/8.5 MB | 0.5/2.0 MB | 0.2/1.0 MB | 110/181 kB
Progress (5): 10/12 MB | 7.5/8.5 MB | 0.5/2.0 MB | 0.2/1.0 MB | 110/181 kB
Progress (5): 10/12 MB | 7.5/8.5 MB | 0.5/2.0 MB | 0.2/1.0 MB | 110/181 kB
Progress (5): 10/12 MB | 7.5/8.5 MB | 0.5/2.0 MB | 0.2/1.0 MB | 110/181 kB
Progress (5): 10/12 MB | 7.5/8.5 MB | 0.5/2.0 MB | 0.2/1.0 MB | 110/181 kB
Progress (5): 10/12 MB | 7.5/8.5 MB | 0.5/2.0 MB | 0.2/1.0 MB | 126/181 kB
Progress (5): 10/12 MB | 7.5/8.5 MB | 0.5/2.0 MB | 0.2/1.0 MB | 126/181 kB
Progress (5): 10/12 MB | 7.5/8.5 MB | 0.5/2.0 MB | 0.2/1.0 MB | 126/181 kB
Progress (5): 10/12 MB | 7.5/8.5 MB | 0.6/2.0 MB | 0.2/1.0 MB | 126/181 kB
Progress (5): 10/12 MB | 7.5/8.5 MB | 0.6/2.0 MB | 0.2/1.0 MB | 126/181 kB
Progress (5): 10/12 MB | 7.5/8.5 MB | 0.6/2.0 MB | 0.2/1.0 MB | 142/181 kB
Progress (5): 10/12 MB | 7.5/8.5 MB | 0.6/2.0 MB | 0.2/1.0 MB | 142/181 kB
Progress (5): 10/12 MB | 7.5/8.5 MB | 0.6/2.0 MB | 0.3/1.0 MB | 142/181 kB
Progress (5): 10/12 MB | 7.5/8.5 MB | 0.6/2.0 MB | 0.3/1.0 MB | 142/181 kB
Progress (5): 10/12 MB | 7.5/8.5 MB | 0.6/2.0 MB | 0.3/1.0 MB | 142/181 kB
Progress (5): 10/12 MB | 7.5/8.5 MB | 0.6/2.0 MB | 0.3/1.0 MB | 159/181 kB
Progress (5): 10/12 MB | 7.5/8.5 MB | 0.6/2.0 MB | 0.3/1.0 MB | 159/181 kB
Progress (5): 10/12 MB | 7.5/8.5 MB | 0.6/2.0 MB | 0.3/1.0 MB | 159/181 kB
Progress (5): 10/12 MB | 7.5/8.5 MB | 0.6/2.0 MB | 0.3/1.0 MB | 159/181 kB
Progress (5): 10/12 MB | 7.5/8.5 MB | 0.6/2.0 MB | 0.3/1.0 MB | 175/181 kB
Progress (5): 10/12 MB | 7.5/8.5 MB | 0.6/2.0 MB | 0.3/1.0 MB | 175/181 kB
Progress (5): 10/12 MB | 7.5/8.5 MB | 0.6/2.0 MB | 0.3/1.0 MB | 181 kB    
Progress (5): 10/12 MB | 7.5/8.5 MB | 0.6/2.0 MB | 0.3/1.0 MB | 181 kB
Progress (5): 10/12 MB | 7.5/8.5 MB | 0.6/2.0 MB | 0.3/1.0 MB | 181 kB
Progress (5): 10/12 MB | 7.5/8.5 MB | 0.6/2.0 MB | 0.3/1.0 MB | 181 kB
Progress (5): 10/12 MB | 7.5/8.5 MB | 0.6/2.0 MB | 0.3/1.0 MB | 181 kB
Progress (5): 10/12 MB | 7.5/8.5 MB | 0.6/2.0 MB | 0.3/1.0 MB | 181 kB
Progress (5): 10/12 MB | 7.5/8.5 MB | 0.6/2.0 MB | 0.3/1.0 MB | 181 kB
Progress (5): 10/12 MB | 7.5/8.5 MB | 0.6/2.0 MB | 0.3/1.0 MB | 181 kB
Progress (5): 10/12 MB | 7.5/8.5 MB | 0.6/2.0 MB | 0.3/1.0 MB | 181 kB
Progress (5): 10/12 MB | 7.5/8.5 MB | 0.6/2.0 MB | 0.3/1.0 MB | 181 kB
Progress (5): 10/12 MB | 7.5/8.5 MB | 0.6/2.0 MB | 0.3/1.0 MB | 181 kB
                                                                      
Downloaded from central: https://repo.maven.apache.org/maven2/org/xmlunit/xmlunit-core/2.10.0/xmlunit-core-2.10.0.jar (181 kB at 25 kB/s)
Downloading from central: https://repo.maven.apache.org/maven2/org/springframework/boot/spring-boot-starter-web/3.4.1/spring-boot-starter-web-3.4.1.jar
Progress (4): 10/12 MB | 7.5/8.5 MB | 0.6/2.0 MB | 0.3/1.0 MB
Progress (4): 10/12 MB | 7.5/8.5 MB | 0.6/2.0 MB | 0.3/1.0 MB
Progress (4): 10/12 MB | 7.5/8.5 MB | 0.7/2.0 MB | 0.3/1.0 MB
Progress (4): 10/12 MB | 7.5/8.5 MB | 0.7/2.0 MB | 0.3/1.0 MB
Progress (4): 10/12 MB | 7.5/8.5 MB | 0.7/2.0 MB | 0.4/1.0 MB
Progress (4): 10/12 MB | 7.5/8.5 MB | 0.7/2.0 MB | 0.4/1.0 MB
Progress (4): 10/12 MB | 7.5/8.5 MB | 0.7/2.0 MB | 0.4/1.0 MB
Progress (4): 10/12 MB | 7.5/8.5 MB | 0.7/2.0 MB | 0.4/1.0 MB
Progress (4): 10/12 MB | 7.5/8.5 MB | 0.7/2.0 MB | 0.4/1.0 MB
Progress (4): 10/12 MB | 7.5/8.5 MB | 0.7/2.0 MB | 0.4/1.0 MB
Progress (4): 10/12 MB | 7.5/8.5 MB | 0.7/2.0 MB | 0.4/1.0 MB
Progress (4): 11/12 MB | 7.5/8.5 MB | 0.7/2.0 MB | 0.4/1.0 MB
Progress (4): 11/12 MB | 7.5/8.5 MB | 0.7/2.0 MB | 0.4/1.0 MB
Progress (4): 11/12 MB | 7.5/8.5 MB | 0.7/2.0 MB | 0.4/1.0 MB
Progress (4): 11/12 MB | 7.5/8.5 MB | 0.7/2.0 MB | 0.4/1.0 MB
Progress (4): 11/12 MB | 7.5/8.5 MB | 0.7/2.0 MB | 0.4/1.0 MB
Progress (4): 11/12 MB | 7.5/8.5 MB | 0.7/2.0 MB | 0.4/1.0 MB
Progress (4): 11/12 MB | 7.5/8.5 MB | 0.7/2.0 MB | 0.4/1.0 MB
Progress (4): 11/12 MB | 7.5/8.5 MB | 0.7/2.0 MB | 0.4/1.0 MB
Progress (4): 11/12 MB | 7.5/8.5 MB | 0.7/2.0 MB | 0.4/1.0 MB
Progress (4): 11/12 MB | 7.5/8.5 MB | 0.7/2.0 MB | 0.4/1.0 MB
Progress (4): 11/12 MB | 7.5/8.5 MB | 0.7/2.0 MB | 0.4/1.0 MB
Progress (4): 11/12 MB | 7.5/8.5 MB | 0.7/2.0 MB | 0.5/1.0 MB
Progress (4): 11/12 MB | 7.5/8.5 MB | 0.7/2.0 MB | 0.5/1.0 MB
Progress (4): 11/12 MB | 7.5/8.5 MB | 0.7/2.0 MB | 0.5/1.0 MB
Progress (4): 11/12 MB | 7.5/8.5 MB | 0.7/2.0 MB | 0.5/1.0 MB
Progress (4): 11/12 MB | 7.5/8.5 MB | 0.7/2.0 MB | 0.5/1.0 MB
Progress (4): 11/12 MB | 7.5/8.5 MB | 0.8/2.0 MB | 0.5/1.0 MB
Progress (4): 11/12 MB | 7.5/8.5 MB | 0.8/2.0 MB | 0.5/1.0 MB
Progress (4): 11/12 MB | 7.5/8.5 MB | 0.8/2.0 MB | 0.5/1.0 MB
Progress (4): 11/12 MB | 7.5/8.5 MB | 0.8/2.0 MB | 0.5/1.0 MB
Progress (4): 11/12 MB | 7.5/8.5 MB | 0.8/2.0 MB | 0.5/1.0 MB
Progress (4): 11/12 MB | 7.5/8.5 MB | 0.8/2.0 MB | 0.5/1.0 MB
Progress (4): 11/12 MB | 7.5/8.5 MB | 0.8/2.0 MB | 0.5/1.0 MB
Progress (4): 11/12 MB | 7.5/8.5 MB | 0.8/2.0 MB | 0.5/1.0 MB
Progress (4): 11/12 MB | 7.5/8.5 MB | 0.8/2.0 MB | 0.5/1.0 MB
Progress (4): 11/12 MB | 7.5/8.5 MB | 0.8/2.0 MB | 0.5/1.0 MB
Progress (5): 11/12 MB | 7.5/8.5 MB | 0.8/2.0 MB | 0.5/1.0 MB | 4.8 kB
                                                                      
Downloaded from central: https://repo.maven.apache.org/maven2/org/springframework/boot/spring-boot-starter-web/3.4.1/spring-boot-starter-web-3.4.1.jar (4.8 kB at 664 B/s)
Downloading from central: https://repo.maven.apache.org/maven2/org/springframework/boot/spring-boot-starter-json/3.4.1/spring-boot-starter-json-3.4.1.jar
Progress (4): 11/12 MB | 7.5/8.5 MB | 0.8/2.0 MB | 0.5/1.0 MB
Progress (4): 11/12 MB | 7.5/8.5 MB | 0.8/2.0 MB | 0.5/1.0 MB
Progress (4): 11/12 MB | 7.5/8.5 MB | 0.8/2.0 MB | 0.5/1.0 MB
Progress (4): 11/12 MB | 7.5/8.5 MB | 0.8/2.0 MB | 0.5/1.0 MB
Progress (4): 11/12 MB | 7.5/8.5 MB | 0.8/2.0 MB | 0.5/1.0 MB
Progress (4): 11/12 MB | 7.5/8.5 MB | 0.8/2.0 MB | 0.5/1.0 MB
Progress (4): 11/12 MB | 7.5/8.5 MB | 0.8/2.0 MB | 0.6/1.0 MB
Progress (4): 11/12 MB | 7.5/8.5 MB | 0.8/2.0 MB | 0.6/1.0 MB
Progress (4): 11/12 MB | 7.5/8.5 MB | 0.8/2.0 MB | 0.6/1.0 MB
Progress (4): 11/12 MB | 7.5/8.5 MB | 0.8/2.0 MB | 0.6/1.0 MB
Progress (4): 11/12 MB | 7.5/8.5 MB | 0.8/2.0 MB | 0.6/1.0 MB
Progress (4): 11/12 MB | 7.5/8.5 MB | 0.8/2.0 MB | 0.6/1.0 MB
Progress (4): 11/12 MB | 7.5/8.5 MB | 0.8/2.0 MB | 0.6/1.0 MB
Progress (4): 11/12 MB | 7.5/8.5 MB | 0.8/2.0 MB | 0.6/1.0 MB
Progress (4): 11/12 MB | 7.5/8.5 MB | 0.8/2.0 MB | 0.6/1.0 MB
Progress (4): 11/12 MB | 7.5/8.5 MB | 0.8/2.0 MB | 0.6/1.0 MB
Progress (4): 11/12 MB | 7.5/8.5 MB | 0.9/2.0 MB | 0.6/1.0 MB
Progress (4): 11/12 MB | 7.5/8.5 MB | 0.9/2.0 MB | 0.6/1.0 MB
Progress (4): 11/12 MB | 7.5/8.5 MB | 0.9/2.0 MB | 0.6/1.0 MB
Progress (4): 11/12 MB | 7.5/8.5 MB | 0.9/2.0 MB | 0.6/1.0 MB
Progress (4): 11/12 MB | 7.5/8.5 MB | 0.9/2.0 MB | 0.6/1.0 MB
Progress (4): 11/12 MB | 7.5/8.5 MB | 0.9/2.0 MB | 0.6/1.0 MB
Progress (4): 11/12 MB | 7.5/8.5 MB | 0.9/2.0 MB | 0.6/1.0 MB
Progress (4): 11/12 MB | 7.5/8.5 MB | 0.9/2.0 MB | 0.6/1.0 MB
Progress (4): 11/12 MB | 7.5/8.5 MB | 0.9/2.0 MB | 0.6/1.0 MB
Progress (4): 11/12 MB | 7.5/8.5 MB | 0.9/2.0 MB | 0.7/1.0 MB
Progress (4): 11/12 MB | 7.5/8.5 MB | 0.9/2.0 MB | 0.7/1.0 MB
Progress (4): 11/12 MB | 7.5/8.5 MB | 0.9/2.0 MB | 0.7/1.0 MB
Progress (4): 11/12 MB | 7.5/8.5 MB | 0.9/2.0 MB | 0.7/1.0 MB
Progress (4): 11/12 MB | 7.5/8.5 MB | 0.9/2.0 MB | 0.7/1.0 MB
Progress (4): 11/12 MB | 7.5/8.5 MB | 0.9/2.0 MB | 0.7/1.0 MB
Progress (4): 11/12 MB | 7.5/8.5 MB | 0.9/2.0 MB | 0.7/1.0 MB
Progress (4): 11/12 MB | 7.5/8.5 MB | 0.9/2.0 MB | 0.7/1.0 MB
Progress (5): 11/12 MB | 7.5/8.5 MB | 0.9/2.0 MB | 0.7/1.0 MB | 4.7 kB
Progress (5): 11/12 MB | 7.5/8.5 MB | 0.9/2.0 MB | 0.7/1.0 MB | 4.7 kB
Progress (5): 11/12 MB | 7.5/8.5 MB | 0.9/2.0 MB | 0.7/1.0 MB | 4.7 kB
Progress (5): 11/12 MB | 7.5/8.5 MB | 0.9/2.0 MB | 0.7/1.0 MB | 4.7 kB
Progress (5): 11/12 MB | 7.5/8.5 MB | 0.9/2.0 MB | 0.7/1.0 MB | 4.7 kB
Progress (5): 11/12 MB | 7.5/8.5 MB | 0.9/2.0 MB | 0.7/1.0 MB | 4.7 kB
Progress (5): 11/12 MB | 7.5/8.5 MB | 0.9/2.0 MB | 0.7/1.0 MB | 4.7 kB
                                                                      
Downloaded from central: https://repo.maven.apache.org/maven2/org/springframework/boot/spring-boot-starter-json/3.4.1/spring-boot-starter-json-3.4.1.jar (4.7 kB at 646 B/s)
Downloading from central: https://repo.maven.apache.org/maven2/com/fasterxml/jackson/core/jackson-databind/2.18.2/jackson-databind-2.18.2.jar
Progress (4): 11/12 MB | 7.5/8.5 MB | 0.9/2.0 MB | 0.7/1.0 MB
Progress (4): 11/12 MB | 7.5/8.5 MB | 1.0/2.0 MB | 0.7/1.0 MB
Progress (4): 11/12 MB | 7.5/8.5 MB | 1.0/2.0 MB | 0.7/1.0 MB
Progress (4): 11/12 MB | 7.5/8.5 MB | 1.0/2.0 MB | 0.8/1.0 MB
Progress (4): 11/12 MB | 7.5/8.5 MB | 1.0/2.0 MB | 0.8/1.0 MB
Progress (4): 11/12 MB | 7.5/8.5 MB | 1.0/2.0 MB | 0.8/1.0 MB
Progress (4): 11/12 MB | 7.5/8.5 MB | 1.0/2.0 MB | 0.8/1.0 MB
Progress (4): 11/12 MB | 7.5/8.5 MB | 1.0/2.0 MB | 0.8/1.0 MB
Progress (4): 11/12 MB | 7.5/8.5 MB | 1.0/2.0 MB | 0.8/1.0 MB
Progress (4): 11/12 MB | 7.5/8.5 MB | 1.0/2.0 MB | 0.8/1.0 MB
Progress (4): 11/12 MB | 7.5/8.5 MB | 1.0/2.0 MB | 0.8/1.0 MB
Progress (4): 11/12 MB | 7.5/8.5 MB | 1.0/2.0 MB | 0.8/1.0 MB
Progress (4): 11/12 MB | 7.6/8.5 MB | 1.0/2.0 MB | 0.8/1.0 MB
Progress (4): 11/12 MB | 7.6/8.5 MB | 1.0/2.0 MB | 0.8/1.0 MB
Progress (4): 11/12 MB | 7.6/8.5 MB | 1.0/2.0 MB | 0.8/1.0 MB
Progress (4): 11/12 MB | 7.6/8.5 MB | 1.0/2.0 MB | 0.8/1.0 MB
Progress (4): 11/12 MB | 7.6/8.5 MB | 1.0/2.0 MB | 0.8/1.0 MB
Progress (4): 11/12 MB | 7.6/8.5 MB | 1.0/2.0 MB | 0.8/1.0 MB
Progress (4): 11/12 MB | 7.6/8.5 MB | 1.0/2.0 MB | 0.8/1.0 MB
Progress (4): 11/12 MB | 7.6/8.5 MB | 1.0/2.0 MB | 0.8/1.0 MB
Progress (4): 11/12 MB | 7.6/8.5 MB | 1.0/2.0 MB | 0.8/1.0 MB
Progress (4): 11/12 MB | 7.6/8.5 MB | 1.0/2.0 MB | 0.8/1.0 MB
Progress (4): 11/12 MB | 7.6/8.5 MB | 1.0/2.0 MB | 0.8/1.0 MB
Progress (4): 11/12 MB | 7.6/8.5 MB | 1.0/2.0 MB | 0.8/1.0 MB
Progress (4): 11/12 MB | 7.6/8.5 MB | 1.0/2.0 MB | 0.8/1.0 MB
Progress (4): 11/12 MB | 7.6/8.5 MB | 1.0/2.0 MB | 0.8/1.0 MB
Progress (4): 11/12 MB | 7.6/8.5 MB | 1.0/2.0 MB | 0.9/1.0 MB
Progress (4): 11/12 MB | 7.6/8.5 MB | 1.0/2.0 MB | 0.9/1.0 MB
Progress (4): 11/12 MB | 7.6/8.5 MB | 1.0/2.0 MB | 0.9/1.0 MB
Progress (4): 11/12 MB | 7.6/8.5 MB | 1.0/2.0 MB | 0.9/1.0 MB
Progress (4): 11/12 MB | 7.6/8.5 MB | 1.0/2.0 MB | 0.9/1.0 MB
Progress (4): 11/12 MB | 7.6/8.5 MB | 1.0/2.0 MB | 0.9/1.0 MB
Progress (4): 11/12 MB | 7.6/8.5 MB | 1.0/2.0 MB | 0.9/1.0 MB
Progress (4): 11/12 MB | 7.6/8.5 MB | 1.0/2.0 MB | 0.9/1.0 MB
Progress (4): 11/12 MB | 7.6/8.5 MB | 1.0/2.0 MB | 0.9/1.0 MB
Progress (4): 11/12 MB | 7.6/8.5 MB | 1.1/2.0 MB | 0.9/1.0 MB
Progress (4): 11/12 MB | 7.6/8.5 MB | 1.1/2.0 MB | 0.9/1.0 MB
Progress (4): 11/12 MB | 7.6/8.5 MB | 1.1/2.0 MB | 0.9/1.0 MB
Progress (5): 11/12 MB | 7.6/8.5 MB | 1.1/2.0 MB | 0.9/1.0 MB | 0/1.7 MB
Progress (5): 11/12 MB | 7.6/8.5 MB | 1.1/2.0 MB | 0.9/1.0 MB | 0/1.7 MB
Progress (5): 11/12 MB | 7.6/8.5 MB | 1.1/2.0 MB | 0.9/1.0 MB | 0/1.7 MB
Progress (5): 11/12 MB | 7.6/8.5 MB | 1.1/2.0 MB | 0.9/1.0 MB | 0/1.7 MB
Progress (5): 11/12 MB | 7.6/8.5 MB | 1.1/2.0 MB | 0.9/1.0 MB | 0/1.7 MB
Progress (5): 11/12 MB | 7.6/8.5 MB | 1.1/2.0 MB | 0.9/1.0 MB | 0/1.7 MB
Progress (5): 11/12 MB | 7.6/8.5 MB | 1.1/2.0 MB | 0.9/1.0 MB | 0/1.7 MB
Progress (5): 11/12 MB | 7.6/8.5 MB | 1.1/2.0 MB | 0.9/1.0 MB | 0/1.7 MB
Progress (5): 11/12 MB | 7.6/8.5 MB | 1.1/2.0 MB | 0.9/1.0 MB | 0/1.7 MB
Progress (5): 11/12 MB | 7.6/8.5 MB | 1.1/2.0 MB | 0.9/1.0 MB | 0/1.7 MB
Progress (5): 11/12 MB | 7.7/8.5 MB | 1.1/2.0 MB | 0.9/1.0 MB | 0/1.7 MB
Progress (5): 11/12 MB | 7.7/8.5 MB | 1.1/2.0 MB | 0.9/1.0 MB | 0/1.7 MB
Progress (5): 11/12 MB | 7.7/8.5 MB | 1.1/2.0 MB | 1.0/1.0 MB | 0/1.7 MB
Progress (5): 11/12 MB | 7.7/8.5 MB | 1.1/2.0 MB | 1.0/1.0 MB | 0/1.7 MB
Progress (5): 11/12 MB | 7.7/8.5 MB | 1.1/2.0 MB | 1.0/1.0 MB | 0/1.7 MB
Progress (5): 11/12 MB | 7.7/8.5 MB | 1.1/2.0 MB | 1.0/1.0 MB | 0/1.7 MB
Progress (5): 11/12 MB | 7.7/8.5 MB | 1.1/2.0 MB | 1.0/1.0 MB | 0/1.7 MB
Progress (5): 11/12 MB | 7.7/8.5 MB | 1.1/2.0 MB | 1.0/1.0 MB | 0/1.7 MB
Progress (5): 11/12 MB | 7.7/8.5 MB | 1.1/2.0 MB | 1.0/1.0 MB | 0/1.7 MB
Progress (5): 11/12 MB | 7.7/8.5 MB | 1.1/2.0 MB | 1.0/1.0 MB | 0/1.7 MB
Progress (5): 11/12 MB | 7.7/8.5 MB | 1.1/2.0 MB | 1.0/1.0 MB | 0.1/1.7 MB
Progress (5): 11/12 MB | 7.7/8.5 MB | 1.1/2.0 MB | 1.0/1.0 MB | 0.1/1.7 MB
Progress (5): 11/12 MB | 7.7/8.5 MB | 1.1/2.0 MB | 1.0/1.0 MB | 0.1/1.7 MB
Progress (5): 11/12 MB | 7.7/8.5 MB | 1.1/2.0 MB | 1.0/1.0 MB | 0.1/1.7 MB
Progress (5): 11/12 MB | 7.7/8.5 MB | 1.1/2.0 MB | 1.0/1.0 MB | 0.1/1.7 MB
Progress (5): 11/12 MB | 7.7/8.5 MB | 1.1/2.0 MB | 1.0/1.0 MB | 0.1/1.7 MB
Progress (5): 11/12 MB | 7.7/8.5 MB | 1.1/2.0 MB | 1.0/1.0 MB | 0.1/1.7 MB
Progress (5): 11/12 MB | 7.7/8.5 MB | 1.1/2.0 MB | 1.0/1.0 MB | 0.1/1.7 MB
Progress (5): 11/12 MB | 7.7/8.5 MB | 1.1/2.0 MB | 1.0/1.0 MB | 0.1/1.7 MB
Progress (5): 11/12 MB | 7.7/8.5 MB | 1.1/2.0 MB | 1.0/1.0 MB | 0.1/1.7 MB
Progress (5): 11/12 MB | 7.7/8.5 MB | 1.1/2.0 MB | 1.0 MB | 0.1/1.7 MB    
Progress (5): 11/12 MB | 7.7/8.5 MB | 1.2/2.0 MB | 1.0 MB | 0.1/1.7 MB
Progress (5): 11/12 MB | 7.7/8.5 MB | 1.2/2.0 MB | 1.0 MB | 0.1/1.7 MB
Progress (5): 11/12 MB | 7.7/8.5 MB | 1.2/2.0 MB | 1.0 MB | 0.1/1.7 MB
Progress (5): 11/12 MB | 7.7/8.5 MB | 1.2/2.0 MB | 1.0 MB | 0.1/1.7 MB
Progress (5): 11/12 MB | 7.7/8.5 MB | 1.2/2.0 MB | 1.0 MB | 0.1/1.7 MB
Progress (5): 11/12 MB | 7.7/8.5 MB | 1.2/2.0 MB | 1.0 MB | 0.1/1.7 MB
Progress (5): 11/12 MB | 7.7/8.5 MB | 1.2/2.0 MB | 1.0 MB | 0.1/1.7 MB
Progress (5): 11/12 MB | 7.7/8.5 MB | 1.2/2.0 MB | 1.0 MB | 0.1/1.7 MB
Progress (5): 11/12 MB | 7.7/8.5 MB | 1.2/2.0 MB | 1.0 MB | 0.1/1.7 MB
Progress (5): 11/12 MB | 7.7/8.5 MB | 1.2/2.0 MB | 1.0 MB | 0.1/1.7 MB
Progress (5): 11/12 MB | 7.7/8.5 MB | 1.2/2.0 MB | 1.0 MB | 0.1/1.7 MB
                                                                      
Downloaded from central: https://repo.maven.apache.org/maven2/org/springframework/spring-test/6.2.1/spring-test-6.2.1.jar (1.0 MB at 135 kB/s)
Downloading from central: https://repo.maven.apache.org/maven2/com/fasterxml/jackson/core/jackson-annotations/2.18.2/jackson-annotations-2.18.2.jar
Progress (4): 11/12 MB | 7.7/8.5 MB | 1.2/2.0 MB | 0.1/1.7 MB
Progress (4): 11/12 MB | 7.7/8.5 MB | 1.2/2.0 MB | 0.1/1.7 MB
Progress (4): 11/12 MB | 7.7/8.5 MB | 1.2/2.0 MB | 0.1/1.7 MB
Progress (4): 11/12 MB | 7.7/8.5 MB | 1.2/2.0 MB | 0.1/1.7 MB
Progress (4): 11/12 MB | 7.7/8.5 MB | 1.2/2.0 MB | 0.1/1.7 MB
Progress (4): 11/12 MB | 7.7/8.5 MB | 1.2/2.0 MB | 0.1/1.7 MB
Progress (4): 11/12 MB | 7.7/8.5 MB | 1.2/2.0 MB | 0.1/1.7 MB
Progress (4): 11/12 MB | 7.7/8.5 MB | 1.2/2.0 MB | 0.1/1.7 MB
Progress (4): 11/12 MB | 7.7/8.5 MB | 1.2/2.0 MB | 0.2/1.7 MB
Progress (4): 11/12 MB | 7.7/8.5 MB | 1.2/2.0 MB | 0.2/1.7 MB
Progress (4): 11/12 MB | 7.7/8.5 MB | 1.2/2.0 MB | 0.2/1.7 MB
Progress (4): 11/12 MB | 7.7/8.5 MB | 1.2/2.0 MB | 0.2/1.7 MB
Progress (4): 11/12 MB | 7.8/8.5 MB | 1.2/2.0 MB | 0.2/1.7 MB
Progress (4): 11/12 MB | 7.8/8.5 MB | 1.2/2.0 MB | 0.2/1.7 MB
Progress (4): 11/12 MB | 7.8/8.5 MB | 1.2/2.0 MB | 0.2/1.7 MB
Progress (4): 11/12 MB | 7.8/8.5 MB | 1.2/2.0 MB | 0.2/1.7 MB
Progress (4): 11/12 MB | 7.8/8.5 MB | 1.2/2.0 MB | 0.2/1.7 MB
Progress (4): 11/12 MB | 7.8/8.5 MB | 1.2/2.0 MB | 0.2/1.7 MB
Progress (4): 11/12 MB | 7.8/8.5 MB | 1.3/2.0 MB | 0.2/1.7 MB
Progress (4): 11/12 MB | 7.8/8.5 MB | 1.3/2.0 MB | 0.2/1.7 MB
Progress (4): 12/12 MB | 7.8/8.5 MB | 1.3/2.0 MB | 0.2/1.7 MB
Progress (4): 12/12 MB | 7.8/8.5 MB | 1.3/2.0 MB | 0.2/1.7 MB
Progress (4): 12/12 MB | 7.8/8.5 MB | 1.3/2.0 MB | 0.2/1.7 MB
Progress (4): 12/12 MB | 7.8/8.5 MB | 1.3/2.0 MB | 0.2/1.7 MB
Progress (4): 12/12 MB | 7.8/8.5 MB | 1.3/2.0 MB | 0.2/1.7 MB
Progress (4): 12/12 MB | 7.8/8.5 MB | 1.3/2.0 MB | 0.2/1.7 MB
Progress (4): 12/12 MB | 7.8/8.5 MB | 1.3/2.0 MB | 0.2/1.7 MB
Progress (4): 12/12 MB | 7.8/8.5 MB | 1.3/2.0 MB | 0.2/1.7 MB
Progress (4): 12/12 MB | 7.8/8.5 MB | 1.3/2.0 MB | 0.2/1.7 MB
Progress (4): 12/12 MB | 7.8/8.5 MB | 1.3/2.0 MB | 0.2/1.7 MB
Progress (4): 12/12 MB | 7.8/8.5 MB | 1.3/2.0 MB | 0.2/1.7 MB
Progress (4): 12/12 MB | 7.8/8.5 MB | 1.3/2.0 MB | 0.2/1.7 MB
Progress (4): 12/12 MB | 7.8/8.5 MB | 1.3/2.0 MB | 0.2/1.7 MB
Progress (5): 12/12 MB | 7.8/8.5 MB | 1.3/2.0 MB | 0.2/1.7 MB | 3.2/78 kB
Progress (5): 12/12 MB | 7.8/8.5 MB | 1.3/2.0 MB | 0.2/1.7 MB | 3.2/78 kB
Progress (5): 12/12 MB | 7.8/8.5 MB | 1.3/2.0 MB | 0.2/1.7 MB | 3.2/78 kB
Progress (5): 12/12 MB | 7.8/8.5 MB | 1.3/2.0 MB | 0.2/1.7 MB | 3.2/78 kB
Progress (5): 12/12 MB | 7.8/8.5 MB | 1.3/2.0 MB | 0.2/1.7 MB | 3.2/78 kB
Progress (5): 12/12 MB | 7.8/8.5 MB | 1.3/2.0 MB | 0.2/1.7 MB | 3.2/78 kB
Progress (5): 12/12 MB | 7.8/8.5 MB | 1.3/2.0 MB | 0.2/1.7 MB | 3.2/78 kB
Progress (5): 12/12 MB | 7.8/8.5 MB | 1.3/2.0 MB | 0.2/1.7 MB | 20/78 kB 
Progress (5): 12/12 MB | 7.8/8.5 MB | 1.3/2.0 MB | 0.2/1.7 MB | 36/78 kB
Progress (5): 12/12 MB | 7.8/8.5 MB | 1.3/2.0 MB | 0.2/1.7 MB | 36/78 kB
Progress (5): 12/12 MB | 7.8/8.5 MB | 1.3/2.0 MB | 0.2/1.7 MB | 36/78 kB
Progress (5): 12/12 MB | 7.8/8.5 MB | 1.3/2.0 MB | 0.2/1.7 MB | 52/78 kB
Progress (5): 12/12 MB | 7.8/8.5 MB | 1.3/2.0 MB | 0.2/1.7 MB | 52/78 kB
Progress (5): 12/12 MB | 7.9/8.5 MB | 1.3/2.0 MB | 0.2/1.7 MB | 52/78 kB
Progress (5): 12/12 MB | 7.9/8.5 MB | 1.3/2.0 MB | 0.2/1.7 MB | 69/78 kB
Progress (5): 12/12 MB | 7.9/8.5 MB | 1.4/2.0 MB | 0.2/1.7 MB | 69/78 kB
Progress (5): 12/12 MB | 7.9/8.5 MB | 1.4/2.0 MB | 0.2/1.7 MB | 78 kB   
Progress (5): 12/12 MB | 7.9/8.5 MB | 1.4/2.0 MB | 0.2/1.7 MB | 78 kB
Progress (5): 12/12 MB | 7.9/8.5 MB | 1.4/2.0 MB | 0.2/1.7 MB | 78 kB
Progress (5): 12/12 MB | 7.9/8.5 MB | 1.4/2.0 MB | 0.3/1.7 MB | 78 kB
Progress (5): 12/12 MB | 7.9/8.5 MB | 1.4/2.0 MB | 0.3/1.7 MB | 78 kB
                                                                     
Downloaded from central: https://repo.maven.apache.org/maven2/com/fasterxml/jackson/core/jackson-annotations/2.18.2/jackson-annotations-2.18.2.jar (78 kB at 10 kB/s)
Downloading from central: https://repo.maven.apache.org/maven2/com/fasterxml/jackson/core/jackson-core/2.18.2/jackson-core-2.18.2.jar
Progress (4): 12/12 MB | 7.9/8.5 MB | 1.4/2.0 MB | 0.3/1.7 MB
Progress (4): 12/12 MB | 7.9/8.5 MB | 1.4/2.0 MB | 0.3/1.7 MB
Progress (4): 12/12 MB | 7.9/8.5 MB | 1.4/2.0 MB | 0.3/1.7 MB
Progress (4): 12/12 MB | 7.9/8.5 MB | 1.4/2.0 MB | 0.3/1.7 MB
Progress (4): 12/12 MB | 7.9/8.5 MB | 1.4/2.0 MB | 0.3/1.7 MB
Progress (4): 12/12 MB | 7.9/8.5 MB | 1.4/2.0 MB | 0.3/1.7 MB
Progress (4): 12/12 MB | 7.9/8.5 MB | 1.4/2.0 MB | 0.3/1.7 MB
Progress (4): 12/12 MB | 7.9/8.5 MB | 1.4/2.0 MB | 0.3/1.7 MB
Progress (4): 12/12 MB | 7.9/8.5 MB | 1.4/2.0 MB | 0.3/1.7 MB
Progress (4): 12/12 MB | 7.9/8.5 MB | 1.4/2.0 MB | 0.3/1.7 MB
Progress (4): 12/12 MB | 7.9/8.5 MB | 1.4/2.0 MB | 0.3/1.7 MB
Progress (4): 12/12 MB | 7.9/8.5 MB | 1.4/2.0 MB | 0.3/1.7 MB
Progress (4): 12/12 MB | 7.9/8.5 MB | 1.4/2.0 MB | 0.3/1.7 MB
Progress (4): 12/12 MB | 7.9/8.5 MB | 1.4/2.0 MB | 0.3/1.7 MB
Progress (4): 12/12 MB | 7.9/8.5 MB | 1.4/2.0 MB | 0.3/1.7 MB
Progress (4): 12/12 MB | 7.9/8.5 MB | 1.4/2.0 MB | 0.3/1.7 MB
Progress (4): 12/12 MB | 7.9/8.5 MB | 1.4/2.0 MB | 0.3/1.7 MB
Progress (4): 12/12 MB | 7.9/8.5 MB | 1.4/2.0 MB | 0.3/1.7 MB
Progress (4): 12/12 MB | 7.9/8.5 MB | 1.4/2.0 MB | 0.3/1.7 MB
Progress (4): 12/12 MB | 7.9/8.5 MB | 1.4/2.0 MB | 0.3/1.7 MB
Progress (4): 12/12 MB | 7.9/8.5 MB | 1.4/2.0 MB | 0.3/1.7 MB
Progress (4): 12/12 MB | 7.9/8.5 MB | 1.4/2.0 MB | 0.3/1.7 MB
Progress (4): 12/12 MB | 7.9/8.5 MB | 1.4/2.0 MB | 0.3/1.7 MB
Progress (4): 12/12 MB | 7.9/8.5 MB | 1.5/2.0 MB | 0.3/1.7 MB
Progress (4): 12/12 MB | 7.9/8.5 MB | 1.5/2.0 MB | 0.3/1.7 MB
Progress (4): 12/12 MB | 7.9/8.5 MB | 1.5/2.0 MB | 0.4/1.7 MB
Progress (4): 12/12 MB | 7.9/8.5 MB | 1.5/2.0 MB | 0.4/1.7 MB
Progress (4): 12/12 MB | 7.9/8.5 MB | 1.5/2.0 MB | 0.4/1.7 MB
Progress (4): 12/12 MB | 7.9/8.5 MB | 1.5/2.0 MB | 0.4/1.7 MB
Progress (4): 12/12 MB | 8.0/8.5 MB | 1.5/2.0 MB | 0.4/1.7 MB
Progress (4): 12/12 MB | 8.0/8.5 MB | 1.5/2.0 MB | 0.4/1.7 MB
Progress (4): 12/12 MB | 8.0/8.5 MB | 1.5/2.0 MB | 0.4/1.7 MB
Progress (4): 12/12 MB | 8.0/8.5 MB | 1.5/2.0 MB | 0.4/1.7 MB
Progress (4): 12/12 MB | 8.0/8.5 MB | 1.5/2.0 MB | 0.4/1.7 MB
Progress (4): 12/12 MB | 8.0/8.5 MB | 1.5/2.0 MB | 0.4/1.7 MB
Progress (4): 12/12 MB | 8.0/8.5 MB | 1.5/2.0 MB | 0.4/1.7 MB
Progress (4): 12/12 MB | 8.0/8.5 MB | 1.5/2.0 MB | 0.4/1.7 MB
Progress (4): 12/12 MB | 8.0/8.5 MB | 1.5/2.0 MB | 0.4/1.7 MB
Progress (4): 12/12 MB | 8.0/8.5 MB | 1.5/2.0 MB | 0.4/1.7 MB
Progress (4): 12/12 MB | 8.0/8.5 MB | 1.5/2.0 MB | 0.4/1.7 MB
Progress (4): 12/12 MB | 8.0/8.5 MB | 1.5/2.0 MB | 0.4/1.7 MB
Progress (4): 12/12 MB | 8.0/8.5 MB | 1.5/2.0 MB | 0.4/1.7 MB
Progress (4): 12/12 MB | 8.0/8.5 MB | 1.5/2.0 MB | 0.4/1.7 MB
Progress (5): 12/12 MB | 8.0/8.5 MB | 1.5/2.0 MB | 0.4/1.7 MB | 7.7/598 kB
Progress (5): 12/12 MB | 8.0/8.5 MB | 1.5/2.0 MB | 0.4/1.7 MB | 16/598 kB 
Progress (5): 12/12 MB | 8.0/8.5 MB | 1.5/2.0 MB | 0.4/1.7 MB | 25/598 kB
Progress (5): 12/12 MB | 8.0/8.5 MB | 1.5/2.0 MB | 0.4/1.7 MB | 25/598 kB
Progress (5): 12/12 MB | 8.0/8.5 MB | 1.5/2.0 MB | 0.4/1.7 MB | 25/598 kB
Progress (5): 12/12 MB | 8.0/8.5 MB | 1.5/2.0 MB | 0.4/1.7 MB | 41/598 kB
Progress (5): 12/12 MB | 8.0/8.5 MB | 1.5/2.0 MB | 0.4/1.7 MB | 41/598 kB
Progress (5): 12/12 MB | 8.0/8.5 MB | 1.5/2.0 MB | 0.4/1.7 MB | 41/598 kB
Progress (5): 12/12 MB | 8.0/8.5 MB | 1.5/2.0 MB | 0.4/1.7 MB | 57/598 kB
Progress (5): 12/12 MB | 8.0/8.5 MB | 1.5/2.0 MB | 0.4/1.7 MB | 57/598 kB
Progress (5): 12/12 MB | 8.0/8.5 MB | 1.5/2.0 MB | 0.4/1.7 MB | 57/598 kB
Progress (5): 12/12 MB | 8.0/8.5 MB | 1.5/2.0 MB | 0.4/1.7 MB | 57/598 kB
Progress (5): 12/12 MB | 8.0/8.5 MB | 1.6/2.0 MB | 0.4/1.7 MB | 57/598 kB
Progress (5): 12/12 MB | 8.0/8.5 MB | 1.6/2.0 MB | 0.4/1.7 MB | 74/598 kB
Progress (5): 12/12 MB | 8.0/8.5 MB | 1.6/2.0 MB | 0.4/1.7 MB | 74/598 kB
Progress (5): 12 MB | 8.0/8.5 MB | 1.6/2.0 MB | 0.4/1.7 MB | 74/598 kB   
Progress (5): 12 MB | 8.0/8.5 MB | 1.6/2.0 MB | 0.4/1.7 MB | 74/598 kB
Progress (5): 12 MB | 8.0/8.5 MB | 1.6/2.0 MB | 0.4/1.7 MB | 74/598 kB
Progress (5): 12 MB | 8.0/8.5 MB | 1.6/2.0 MB | 0.4/1.7 MB | 82/598 kB
Progress (5): 12 MB | 8.0/8.5 MB | 1.6/2.0 MB | 0.4/1.7 MB | 82/598 kB
Progress (5): 12 MB | 8.0/8.5 MB | 1.6/2.0 MB | 0.4/1.7 MB | 98/598 kB
Progress (5): 12 MB | 8.0/8.5 MB | 1.6/2.0 MB | 0.4/1.7 MB | 102/598 kB
Progress (5): 12 MB | 8.1/8.5 MB | 1.6/2.0 MB | 0.4/1.7 MB | 102/598 kB
Progress (5): 12 MB | 8.1/8.5 MB | 1.6/2.0 MB | 0.4/1.7 MB | 102/598 kB
Progress (5): 12 MB | 8.1/8.5 MB | 1.6/2.0 MB | 0.4/1.7 MB | 119/598 kB
Progress (5): 12 MB | 8.1/8.5 MB | 1.6/2.0 MB | 0.5/1.7 MB | 119/598 kB
Progress (5): 12 MB | 8.1/8.5 MB | 1.6/2.0 MB | 0.5/1.7 MB | 131/598 kB
Progress (5): 12 MB | 8.1/8.5 MB | 1.6/2.0 MB | 0.5/1.7 MB | 131/598 kB
Progress (5): 12 MB | 8.1/8.5 MB | 1.6/2.0 MB | 0.5/1.7 MB | 131/598 kB
Progress (5): 12 MB | 8.1/8.5 MB | 1.6/2.0 MB | 0.5/1.7 MB | 147/598 kB
Progress (5): 12 MB | 8.1/8.5 MB | 1.6/2.0 MB | 0.5/1.7 MB | 147/598 kB
Progress (5): 12 MB | 8.1/8.5 MB | 1.6/2.0 MB | 0.5/1.7 MB | 147/598 kB
Progress (5): 12 MB | 8.1/8.5 MB | 1.6/2.0 MB | 0.5/1.7 MB | 164/598 kB
Progress (5): 12 MB | 8.1/8.5 MB | 1.6/2.0 MB | 0.5/1.7 MB | 164/598 kB
Progress (5): 12 MB | 8.1/8.5 MB | 1.6/2.0 MB | 0.5/1.7 MB | 164/598 kB
Progress (5): 12 MB | 8.1/8.5 MB | 1.6/2.0 MB | 0.5/1.7 MB | 180/598 kB
Progress (5): 12 MB | 8.1/8.5 MB | 1.6/2.0 MB | 0.5/1.7 MB | 197/598 kB
Progress (5): 12 MB | 8.1/8.5 MB | 1.6/2.0 MB | 0.5/1.7 MB | 197/598 kB
Progress (5): 12 MB | 8.1/8.5 MB | 1.6/2.0 MB | 0.5/1.7 MB | 197/598 kB
Progress (5): 12 MB | 8.1/8.5 MB | 1.6/2.0 MB | 0.5/1.7 MB | 197/598 kB
Progress (5): 12 MB | 8.1/8.5 MB | 1.6/2.0 MB | 0.5/1.7 MB | 213/598 kB
Progress (5): 12 MB | 8.1/8.5 MB | 1.6/2.0 MB | 0.5/1.7 MB | 229/598 kB
Progress (5): 12 MB | 8.1/8.5 MB | 1.6/2.0 MB | 0.5/1.7 MB | 229/598 kB
Progress (5): 12 MB | 8.1/8.5 MB | 1.7/2.0 MB | 0.5/1.7 MB | 229/598 kB
Progress (5): 12 MB | 8.1/8.5 MB | 1.7/2.0 MB | 0.5/1.7 MB | 229/598 kB
Progress (5): 12 MB | 8.1/8.5 MB | 1.7/2.0 MB | 0.5/1.7 MB | 246/598 kB
Progress (5): 12 MB | 8.1/8.5 MB | 1.7/2.0 MB | 0.5/1.7 MB | 246/598 kB
Progress (5): 12 MB | 8.1/8.5 MB | 1.7/2.0 MB | 0.5/1.7 MB | 246/598 kB
Progress (5): 12 MB | 8.1/8.5 MB | 1.7/2.0 MB | 0.5/1.7 MB | 246/598 kB
Progress (5): 12 MB | 8.1/8.5 MB | 1.7/2.0 MB | 0.5/1.7 MB | 262/598 kB
Progress (5): 12 MB | 8.1/8.5 MB | 1.7/2.0 MB | 0.5/1.7 MB | 262/598 kB
Progress (5): 12 MB | 8.2/8.5 MB | 1.7/2.0 MB | 0.5/1.7 MB | 262/598 kB
Progress (5): 12 MB | 8.2/8.5 MB | 1.7/2.0 MB | 0.5/1.7 MB | 279/598 kB
Progress (5): 12 MB | 8.2/8.5 MB | 1.7/2.0 MB | 0.5/1.7 MB | 279/598 kB
Progress (5): 12 MB | 8.2/8.5 MB | 1.7/2.0 MB | 0.6/1.7 MB | 279/598 kB
Progress (5): 12 MB | 8.2/8.5 MB | 1.7/2.0 MB | 0.6/1.7 MB | 279/598 kB
Progress (5): 12 MB | 8.2/8.5 MB | 1.7/2.0 MB | 0.6/1.7 MB | 295/598 kB
Progress (5): 12 MB | 8.2/8.5 MB | 1.7/2.0 MB | 0.6/1.7 MB | 295/598 kB
Progress (5): 12 MB | 8.2/8.5 MB | 1.7/2.0 MB | 0.6/1.7 MB | 295/598 kB
Progress (5): 12 MB | 8.2/8.5 MB | 1.7/2.0 MB | 0.6/1.7 MB | 311/598 kB
Progress (5): 12 MB | 8.2/8.5 MB | 1.7/2.0 MB | 0.6/1.7 MB | 311/598 kB
Progress (5): 12 MB | 8.2/8.5 MB | 1.7/2.0 MB | 0.6/1.7 MB | 328/598 kB
Progress (5): 12 MB | 8.2/8.5 MB | 1.7/2.0 MB | 0.6/1.7 MB | 328/598 kB
Progress (5): 12 MB | 8.2/8.5 MB | 1.7/2.0 MB | 0.6/1.7 MB | 328/598 kB
Progress (5): 12 MB | 8.2/8.5 MB | 1.8/2.0 MB | 0.6/1.7 MB | 328/598 kB
Progress (5): 12 MB | 8.2/8.5 MB | 1.8/2.0 MB | 0.6/1.7 MB | 328/598 kB
Progress (5): 12 MB | 8.2/8.5 MB | 1.8/2.0 MB | 0.6/1.7 MB | 344/598 kB
Progress (5): 12 MB | 8.2/8.5 MB | 1.8/2.0 MB | 0.6/1.7 MB | 360/598 kB
Progress (5): 12 MB | 8.2/8.5 MB | 1.8/2.0 MB | 0.6/1.7 MB | 360/598 kB
Progress (5): 12 MB | 8.2/8.5 MB | 1.8/2.0 MB | 0.6/1.7 MB | 360/598 kB
Progress (5): 12 MB | 8.2/8.5 MB | 1.8/2.0 MB | 0.6/1.7 MB | 377/598 kB
Progress (5): 12 MB | 8.2/8.5 MB | 1.8/2.0 MB | 0.6/1.7 MB | 377/598 kB
Progress (5): 12 MB | 8.2/8.5 MB | 1.8/2.0 MB | 0.6/1.7 MB | 377/598 kB
Progress (5): 12 MB | 8.2/8.5 MB | 1.8/2.0 MB | 0.6/1.7 MB | 393/598 kB
Progress (5): 12 MB | 8.2/8.5 MB | 1.8/2.0 MB | 0.6/1.7 MB | 393/598 kB
Progress (5): 12 MB | 8.2/8.5 MB | 1.8/2.0 MB | 0.6/1.7 MB | 393/598 kB
Progress (5): 12 MB | 8.2/8.5 MB | 1.8/2.0 MB | 0.6/1.7 MB | 410/598 kB
Progress (5): 12 MB | 8.2/8.5 MB | 1.8/2.0 MB | 0.6/1.7 MB | 410/598 kB
Progress (5): 12 MB | 8.2/8.5 MB | 1.8/2.0 MB | 0.7/1.7 MB | 410/598 kB
Progress (5): 12 MB | 8.2/8.5 MB | 1.8/2.0 MB | 0.7/1.7 MB | 426/598 kB
Progress (5): 12 MB | 8.2/8.5 MB | 1.8/2.0 MB | 0.7/1.7 MB | 426/598 kB
Progress (5): 12 MB | 8.2/8.5 MB | 1.8/2.0 MB | 0.7/1.7 MB | 442/598 kB
Progress (5): 12 MB | 8.2/8.5 MB | 1.8/2.0 MB | 0.7/1.7 MB | 442/598 kB
Progress (5): 12 MB | 8.2/8.5 MB | 1.8/2.0 MB | 0.7/1.7 MB | 459/598 kB
Progress (5): 12 MB | 8.2/8.5 MB | 1.8/2.0 MB | 0.7/1.7 MB | 459/598 kB
Progress (5): 12 MB | 8.2/8.5 MB | 1.8/2.0 MB | 0.7/1.7 MB | 475/598 kB
Progress (5): 12 MB | 8.2/8.5 MB | 1.8/2.0 MB | 0.7/1.7 MB | 475/598 kB
Progress (5): 12 MB | 8.2/8.5 MB | 1.8/2.0 MB | 0.7/1.7 MB | 475/598 kB
Progress (5): 12 MB | 8.2/8.5 MB | 1.8/2.0 MB | 0.7/1.7 MB | 492/598 kB
Progress (5): 12 MB | 8.2/8.5 MB | 1.8/2.0 MB | 0.7/1.7 MB | 492/598 kB
Progress (5): 12 MB | 8.2/8.5 MB | 1.8/2.0 MB | 0.7/1.7 MB | 492/598 kB
Progress (5): 12 MB | 8.2/8.5 MB | 1.8/2.0 MB | 0.7/1.7 MB | 492/598 kB
Progress (5): 12 MB | 8.2/8.5 MB | 1.8/2.0 MB | 0.7/1.7 MB | 508/598 kB
Progress (5): 12 MB | 8.2/8.5 MB | 1.8/2.0 MB | 0.7/1.7 MB | 508/598 kB
Progress (5): 12 MB | 8.2/8.5 MB | 1.8/2.0 MB | 0.8/1.7 MB | 508/598 kB
Progress (5): 12 MB | 8.2/8.5 MB | 1.8/2.0 MB | 0.8/1.7 MB | 524/598 kB
Progress (5): 12 MB | 8.2/8.5 MB | 1.8/2.0 MB | 0.8/1.7 MB | 541/598 kB
Progress (5): 12 MB | 8.2/8.5 MB | 1.8/2.0 MB | 0.8/1.7 MB | 557/598 kB
Progress (5): 12 MB | 8.2/8.5 MB | 1.8/2.0 MB | 0.8/1.7 MB | 573/598 kB
Progress (5): 12 MB | 8.2/8.5 MB | 1.9/2.0 MB | 0.8/1.7 MB | 573/598 kB
Progress (5): 12 MB | 8.2/8.5 MB | 1.9/2.0 MB | 0.8/1.7 MB | 590/598 kB
Progress (5): 12 MB | 8.2/8.5 MB | 1.9/2.0 MB | 0.8/1.7 MB | 590/598 kB
Progress (5): 12 MB | 8.2/8.5 MB | 1.9/2.0 MB | 0.8/1.7 MB | 598 kB    
Progress (5): 12 MB | 8.2/8.5 MB | 1.9/2.0 MB | 0.8/1.7 MB | 598 kB
Progress (5): 12 MB | 8.2/8.5 MB | 1.9/2.0 MB | 0.8/1.7 MB | 598 kB
Progress (5): 12 MB | 8.2/8.5 MB | 1.9/2.0 MB | 0.8/1.7 MB | 598 kB
Progress (5): 12 MB | 8.2/8.5 MB | 1.9/2.0 MB | 0.8/1.7 MB | 598 kB
Progress (5): 12 MB | 8.2/8.5 MB | 1.9/2.0 MB | 0.8/1.7 MB | 598 kB
Progress (5): 12 MB | 8.3/8.5 MB | 1.9/2.0 MB | 0.8/1.7 MB | 598 kB
Progress (5): 12 MB | 8.3/8.5 MB | 1.9/2.0 MB | 0.8/1.7 MB | 598 kB
Progress (5): 12 MB | 8.3/8.5 MB | 2.0 MB | 0.8/1.7 MB | 598 kB    
Progress (5): 12 MB | 8.3/8.5 MB | 2.0 MB | 0.8/1.7 MB | 598 kB
Progress (5): 12 MB | 8.3/8.5 MB | 2.0 MB | 0.8/1.7 MB | 598 kB
Progress (5): 12 MB | 8.3/8.5 MB | 2.0 MB | 0.8/1.7 MB | 598 kB
Progress (5): 12 MB | 8.3/8.5 MB | 2.0 MB | 0.8/1.7 MB | 598 kB
Progress (5): 12 MB | 8.4/8.5 MB | 2.0 MB | 0.8/1.7 MB | 598 kB
Progress (5): 12 MB | 8.4/8.5 MB | 2.0 MB | 0.8/1.7 MB | 598 kB
Progress (5): 12 MB | 8.4/8.5 MB | 2.0 MB | 0.8/1.7 MB | 598 kB
Progress (5): 12 MB | 8.4/8.5 MB | 2.0 MB | 0.8/1.7 MB | 598 kB
Progress (5): 12 MB | 8.4/8.5 MB | 2.0 MB | 0.8/1.7 MB | 598 kB
Progress (5): 12 MB | 8.4/8.5 MB | 2.0 MB | 0.8/1.7 MB | 598 kB
Progress (5): 12 MB | 8.4/8.5 MB | 2.0 MB | 0.8/1.7 MB | 598 kB
Progress (5): 12 MB | 8.4/8.5 MB | 2.0 MB | 0.8/1.7 MB | 598 kB
                                                               
Downloaded from central: https://repo.maven.apache.org/maven2/com/fasterxml/jackson/core/jackson-core/2.18.2/jackson-core-2.18.2.jar (598 kB at 75 kB/s)
Downloading from central: https://repo.maven.apache.org/maven2/com/fasterxml/jackson/datatype/jackson-datatype-jdk8/2.18.2/jackson-datatype-jdk8-2.18.2.jar
Downloaded from central: https://repo.maven.apache.org/maven2/org/springframework/spring-core/6.2.1/spring-core-6.2.1.jar (2.0 MB at 244 kB/s)
Downloading from central: https://repo.maven.apache.org/maven2/com/fasterxml/jackson/datatype/jackson-datatype-jsr310/2.18.2/jackson-datatype-jsr310-2.18.2.jar
Progress (3): 12 MB | 8.4/8.5 MB | 0.8/1.7 MB
Progress (3): 12 MB | 8.4/8.5 MB | 0.8/1.7 MB
Progress (3): 12 MB | 8.4/8.5 MB | 0.8/1.7 MB
Progress (3): 12 MB | 8.5/8.5 MB | 0.8/1.7 MB
Progress (3): 12 MB | 8.5/8.5 MB | 0.8/1.7 MB
Progress (3): 12 MB | 8.5 MB | 0.8/1.7 MB    
Progress (3): 12 MB | 8.5 MB | 0.9/1.7 MB
Progress (3): 12 MB | 8.5 MB | 0.9/1.7 MB
Progress (3): 12 MB | 8.5 MB | 0.9/1.7 MB
Progress (3): 12 MB | 8.5 MB | 0.9/1.7 MB
Progress (4): 12 MB | 8.5 MB | 0.9/1.7 MB | 7.7/133 kB
Progress (4): 12 MB | 8.5 MB | 0.9/1.7 MB | 11/133 kB 
Progress (5): 12 MB | 8.5 MB | 0.9/1.7 MB | 11/133 kB | 7.7/36 kB
Progress (5): 12 MB | 8.5 MB | 0.9/1.7 MB | 11/133 kB | 7.7/36 kB
Progress (5): 12 MB | 8.5 MB | 0.9/1.7 MB | 11/133 kB | 16/36 kB 
Progress (5): 12 MB | 8.5 MB | 0.9/1.7 MB | 11/133 kB | 28/36 kB
Progress (5): 12 MB | 8.5 MB | 0.9/1.7 MB | 11/133 kB | 36 kB   
Progress (5): 12 MB | 8.5 MB | 0.9/1.7 MB | 11/133 kB | 36 kB
                                                             
Downloaded from central: https://repo.maven.apache.org/maven2/com/fasterxml/jackson/datatype/jackson-datatype-jdk8/2.18.2/jackson-datatype-jdk8-2.18.2.jar (36 kB at 4.5 kB/s)
Downloading from central: https://repo.maven.apache.org/maven2/com/fasterxml/jackson/module/jackson-module-parameter-names/2.18.2/jackson-module-parameter-names-2.18.2.jar
Progress (4): 12 MB | 8.5 MB | 1.0/1.7 MB | 11/133 kB
Progress (4): 12 MB | 8.5 MB | 1.0/1.7 MB | 11/133 kB
Progress (4): 12 MB | 8.5 MB | 1.0/1.7 MB | 11/133 kB
Progress (4): 12 MB | 8.5 MB | 1.0/1.7 MB | 28/133 kB
Progress (4): 12 MB | 8.5 MB | 1.0/1.7 MB | 28/133 kB
Progress (4): 12 MB | 8.5 MB | 1.0/1.7 MB | 28/133 kB
Progress (4): 12 MB | 8.5 MB | 1.0/1.7 MB | 28/133 kB
                                                     
Downloaded from central: https://repo.maven.apache.org/maven2/org/hibernate/orm/hibernate-core/6.6.4.Final/hibernate-core-6.6.4.Final.jar (12 MB at 1.5 MB/s)
Downloading from central: https://repo.maven.apache.org/maven2/org/springframework/boot/spring-boot-starter-tomcat/3.4.1/spring-boot-starter-tomcat-3.4.1.jar
Progress (3): 8.5 MB | 1.0/1.7 MB | 44/133 kB
Progress (3): 8.5 MB | 1.0/1.7 MB | 61/133 kB
Progress (3): 8.5 MB | 1.1/1.7 MB | 61/133 kB
Progress (4): 8.5 MB | 1.1/1.7 MB | 61/133 kB | 4.0/10 kB
Progress (4): 8.5 MB | 1.1/1.7 MB | 77/133 kB | 4.0/10 kB
Progress (4): 8.5 MB | 1.1/1.7 MB | 77/133 kB | 10 kB    
Progress (4): 8.5 MB | 1.1/1.7 MB | 93/133 kB | 10 kB
Progress (4): 8.5 MB | 1.1/1.7 MB | 93/133 kB | 10 kB
                                                     
Downloaded from central: https://repo.maven.apache.org/maven2/net/bytebuddy/byte-buddy/1.15.11/byte-buddy-1.15.11.jar (8.5 MB at 1.0 MB/s)
Downloading from central: https://repo.maven.apache.org/maven2/org/apache/tomcat/embed/tomcat-embed-core/10.1.34/tomcat-embed-core-10.1.34.jar
Progress (3): 1.1/1.7 MB | 110/133 kB | 10 kB
                                             
Downloaded from central: https://repo.maven.apache.org/maven2/com/fasterxml/jackson/module/jackson-module-parameter-names/2.18.2/jackson-module-parameter-names-2.18.2.jar (10 kB at 1.3 kB/s)
Downloading from central: https://repo.maven.apache.org/maven2/org/apache/tomcat/embed/tomcat-embed-el/10.1.34/tomcat-embed-el-10.1.34.jar
Progress (2): 1.1/1.7 MB | 110/133 kB
Progress (2): 1.1/1.7 MB | 126/133 kB
Progress (2): 1.1/1.7 MB | 133 kB    
Progress (2): 1.1/1.7 MB | 133 kB
                                 
Downloaded from central: https://repo.maven.apache.org/maven2/com/fasterxml/jackson/datatype/jackson-datatype-jsr310/2.18.2/jackson-datatype-jsr310-2.18.2.jar (133 kB at 16 kB/s)
Downloading from central: https://repo.maven.apache.org/maven2/org/apache/tomcat/embed/tomcat-embed-websocket/10.1.34/tomcat-embed-websocket-10.1.34.jar
Progress (1): 1.1/1.7 MB
Progress (1): 1.1/1.7 MB
Progress (2): 1.1/1.7 MB | 4.8 kB
                                 
Downloaded from central: https://repo.maven.apache.org/maven2/org/springframework/boot/spring-boot-starter-tomcat/3.4.1/spring-boot-starter-tomcat-3.4.1.jar (4.8 kB at 583 B/s)
Downloading from central: https://repo.maven.apache.org/maven2/org/springframework/spring-web/6.2.1/spring-web-6.2.1.jar
Progress (1): 1.2/1.7 MB
Progress (1): 1.2/1.7 MB
Progress (1): 1.2/1.7 MB
Progress (2): 1.2/1.7 MB | 7.7/263 kB
Progress (2): 1.2/1.7 MB | 11/263 kB 
Progress (2): 1.2/1.7 MB | 11/263 kB
Progress (2): 1.2/1.7 MB | 28/263 kB
Progress (2): 1.2/1.7 MB | 44/263 kB
Progress (3): 1.2/1.7 MB | 44/263 kB | 0/3.6 MB
Progress (3): 1.2/1.7 MB | 44/263 kB | 0/3.6 MB
Progress (3): 1.2/1.7 MB | 44/263 kB | 0/3.6 MB
Progress (3): 1.2/1.7 MB | 61/263 kB | 0/3.6 MB
Progress (3): 1.2/1.7 MB | 61/263 kB | 0/3.6 MB
Progress (3): 1.2/1.7 MB | 61/263 kB | 0/3.6 MB
Progress (3): 1.2/1.7 MB | 77/263 kB | 0/3.6 MB
Progress (3): 1.2/1.7 MB | 77/263 kB | 0/3.6 MB
Progress (3): 1.2/1.7 MB | 93/263 kB | 0/3.6 MB
Progress (3): 1.2/1.7 MB | 93/263 kB | 0.1/3.6 MB
Progress (3): 1.2/1.7 MB | 110/263 kB | 0.1/3.6 MB
Progress (3): 1.3/1.7 MB | 110/263 kB | 0.1/3.6 MB
Progress (3): 1.3/1.7 MB | 126/263 kB | 0.1/3.6 MB
Progress (4): 1.3/1.7 MB | 126/263 kB | 0.1/3.6 MB | 7.7/282 kB
Progress (4): 1.3/1.7 MB | 126/263 kB | 0.1/3.6 MB | 16/282 kB 
Progress (4): 1.3/1.7 MB | 126/263 kB | 0.1/3.6 MB | 16/282 kB
Progress (4): 1.3/1.7 MB | 126/263 kB | 0.1/3.6 MB | 32/282 kB
Progress (4): 1.3/1.7 MB | 142/263 kB | 0.1/3.6 MB | 32/282 kB
Progress (4): 1.3/1.7 MB | 142/263 kB | 0.1/3.6 MB | 49/282 kB
Progress (4): 1.3/1.7 MB | 142/263 kB | 0.1/3.6 MB | 49/282 kB
Progress (4): 1.3/1.7 MB | 142/263 kB | 0.1/3.6 MB | 65/282 kB
Progress (4): 1.3/1.7 MB | 159/263 kB | 0.1/3.6 MB | 65/282 kB
Progress (4): 1.3/1.7 MB | 175/263 kB | 0.1/3.6 MB | 65/282 kB
Progress (4): 1.3/1.7 MB | 175/263 kB | 0.1/3.6 MB | 65/282 kB
Progress (4): 1.3/1.7 MB | 175/263 kB | 0.1/3.6 MB | 65/282 kB
Progress (4): 1.3/1.7 MB | 175/263 kB | 0.1/3.6 MB | 81/282 kB
Progress (4): 1.3/1.7 MB | 192/263 kB | 0.1/3.6 MB | 81/282 kB
Progress (4): 1.3/1.7 MB | 192/263 kB | 0.1/3.6 MB | 81/282 kB
Progress (5): 1.3/1.7 MB | 192/263 kB | 0.1/3.6 MB | 81/282 kB | 0/2.1 MB
Progress (5): 1.3/1.7 MB | 192/263 kB | 0.1/3.6 MB | 81/282 kB | 0/2.1 MB
Progress (5): 1.3/1.7 MB | 208/263 kB | 0.1/3.6 MB | 81/282 kB | 0/2.1 MB
Progress (5): 1.3/1.7 MB | 208/263 kB | 0.1/3.6 MB | 98/282 kB | 0/2.1 MB
Progress (5): 1.3/1.7 MB | 224/263 kB | 0.1/3.6 MB | 98/282 kB | 0/2.1 MB
Progress (5): 1.3/1.7 MB | 224/263 kB | 0.1/3.6 MB | 98/282 kB | 0/2.1 MB
Progress (5): 1.3/1.7 MB | 224/263 kB | 0.1/3.6 MB | 98/282 kB | 0/2.1 MB
Progress (5): 1.3/1.7 MB | 224/263 kB | 0.1/3.6 MB | 98/282 kB | 0/2.1 MB
Progress (5): 1.3/1.7 MB | 224/263 kB | 0.1/3.6 MB | 114/282 kB | 0/2.1 MB
Progress (5): 1.3/1.7 MB | 241/263 kB | 0.1/3.6 MB | 114/282 kB | 0/2.1 MB
Progress (5): 1.3/1.7 MB | 241/263 kB | 0.1/3.6 MB | 131/282 kB | 0/2.1 MB
Progress (5): 1.3/1.7 MB | 241/263 kB | 0.1/3.6 MB | 131/282 kB | 0/2.1 MB
Progress (5): 1.3/1.7 MB | 257/263 kB | 0.1/3.6 MB | 131/282 kB | 0/2.1 MB
Progress (5): 1.3/1.7 MB | 257/263 kB | 0.1/3.6 MB | 131/282 kB | 0/2.1 MB
Progress (5): 1.3/1.7 MB | 263 kB | 0.1/3.6 MB | 131/282 kB | 0/2.1 MB    
Progress (5): 1.3/1.7 MB | 263 kB | 0.1/3.6 MB | 131/282 kB | 0/2.1 MB
Progress (5): 1.3/1.7 MB | 263 kB | 0.1/3.6 MB | 147/282 kB | 0/2.1 MB
Progress (5): 1.3/1.7 MB | 263 kB | 0.1/3.6 MB | 147/282 kB | 0.1/2.1 MB
Progress (5): 1.3/1.7 MB | 263 kB | 0.1/3.6 MB | 163/282 kB | 0.1/2.1 MB
                                                                        
Downloaded from central: https://repo.maven.apache.org/maven2/org/apache/tomcat/embed/tomcat-embed-el/10.1.34/tomcat-embed-el-10.1.34.jar (263 kB at 32 kB/s)
Downloading from central: https://repo.maven.apache.org/maven2/io/micrometer/micrometer-observation/1.14.2/micrometer-observation-1.14.2.jar
Progress (4): 1.3/1.7 MB | 0.1/3.6 MB | 163/282 kB | 0.1/2.1 MB
Progress (4): 1.3/1.7 MB | 0.2/3.6 MB | 163/282 kB | 0.1/2.1 MB
Progress (4): 1.3/1.7 MB | 0.2/3.6 MB | 180/282 kB | 0.1/2.1 MB
Progress (4): 1.3/1.7 MB | 0.2/3.6 MB | 180/282 kB | 0.1/2.1 MB
Progress (4): 1.4/1.7 MB | 0.2/3.6 MB | 180/282 kB | 0.1/2.1 MB
Progress (4): 1.4/1.7 MB | 0.2/3.6 MB | 196/282 kB | 0.1/2.1 MB
Progress (4): 1.4/1.7 MB | 0.2/3.6 MB | 196/282 kB | 0.1/2.1 MB
Progress (4): 1.4/1.7 MB | 0.2/3.6 MB | 196/282 kB | 0.1/2.1 MB
Progress (4): 1.4/1.7 MB | 0.2/3.6 MB | 196/282 kB | 0.1/2.1 MB
Progress (4): 1.4/1.7 MB | 0.2/3.6 MB | 212/282 kB | 0.1/2.1 MB
Progress (4): 1.4/1.7 MB | 0.2/3.6 MB | 212/282 kB | 0.1/2.1 MB
Progress (4): 1.4/1.7 MB | 0.2/3.6 MB | 229/282 kB | 0.1/2.1 MB
Progress (4): 1.4/1.7 MB | 0.2/3.6 MB | 229/282 kB | 0.1/2.1 MB
Progress (4): 1.4/1.7 MB | 0.2/3.6 MB | 245/282 kB | 0.1/2.1 MB
Progress (4): 1.4/1.7 MB | 0.2/3.6 MB | 245/282 kB | 0.1/2.1 MB
Progress (4): 1.4/1.7 MB | 0.2/3.6 MB | 245/282 kB | 0.1/2.1 MB
Progress (4): 1.4/1.7 MB | 0.2/3.6 MB | 262/282 kB | 0.1/2.1 MB
Progress (4): 1.4/1.7 MB | 0.2/3.6 MB | 262/282 kB | 0.1/2.1 MB
Progress (4): 1.4/1.7 MB | 0.2/3.6 MB | 262/282 kB | 0.1/2.1 MB
Progress (4): 1.4/1.7 MB | 0.2/3.6 MB | 278/282 kB | 0.1/2.1 MB
Progress (4): 1.4/1.7 MB | 0.2/3.6 MB | 282 kB | 0.1/2.1 MB    
Progress (4): 1.4/1.7 MB | 0.2/3.6 MB | 282 kB | 0.1/2.1 MB
Progress (4): 1.4/1.7 MB | 0.2/3.6 MB | 282 kB | 0.1/2.1 MB
Progress (4): 1.4/1.7 MB | 0.2/3.6 MB | 282 kB | 0.1/2.1 MB
Progress (4): 1.4/1.7 MB | 0.2/3.6 MB | 282 kB | 0.1/2.1 MB
Progress (4): 1.4/1.7 MB | 0.2/3.6 MB | 282 kB | 0.2/2.1 MB
Progress (4): 1.4/1.7 MB | 0.2/3.6 MB | 282 kB | 0.2/2.1 MB
Progress (4): 1.4/1.7 MB | 0.2/3.6 MB | 282 kB | 0.2/2.1 MB
                                                           
Downloaded from central: https://repo.maven.apache.org/maven2/org/apache/tomcat/embed/tomcat-embed-websocket/10.1.34/tomcat-embed-websocket-10.1.34.jar (282 kB at 34 kB/s)
Downloading from central: https://repo.maven.apache.org/maven2/io/micrometer/micrometer-commons/1.14.2/micrometer-commons-1.14.2.jar
Progress (3): 1.4/1.7 MB | 0.2/3.6 MB | 0.2/2.1 MB
Progress (3): 1.5/1.7 MB | 0.2/3.6 MB | 0.2/2.1 MB
Progress (3): 1.5/1.7 MB | 0.2/3.6 MB | 0.2/2.1 MB
Progress (3): 1.5/1.7 MB | 0.2/3.6 MB | 0.2/2.1 MB
Progress (3): 1.5/1.7 MB | 0.3/3.6 MB | 0.2/2.1 MB
Progress (3): 1.5/1.7 MB | 0.3/3.6 MB | 0.2/2.1 MB
Progress (3): 1.5/1.7 MB | 0.3/3.6 MB | 0.2/2.1 MB
Progress (3): 1.5/1.7 MB | 0.3/3.6 MB | 0.2/2.1 MB
Progress (3): 1.5/1.7 MB | 0.3/3.6 MB | 0.2/2.1 MB
Progress (4): 1.5/1.7 MB | 0.3/3.6 MB | 0.2/2.1 MB | 7.7/75 kB
Progress (4): 1.5/1.7 MB | 0.3/3.6 MB | 0.2/2.1 MB | 16/75 kB 
Progress (4): 1.5/1.7 MB | 0.3/3.6 MB | 0.2/2.1 MB | 25/75 kB
Progress (4): 1.5/1.7 MB | 0.3/3.6 MB | 0.2/2.1 MB | 25/75 kB
Progress (4): 1.5/1.7 MB | 0.3/3.6 MB | 0.2/2.1 MB | 25/75 kB
Progress (4): 1.5/1.7 MB | 0.3/3.6 MB | 0.2/2.1 MB | 25/75 kB
Progress (4): 1.5/1.7 MB | 0.3/3.6 MB | 0.2/2.1 MB | 41/75 kB
Progress (4): 1.5/1.7 MB | 0.3/3.6 MB | 0.2/2.1 MB | 57/75 kB
Progress (4): 1.5/1.7 MB | 0.3/3.6 MB | 0.2/2.1 MB | 57/75 kB
Progress (4): 1.5/1.7 MB | 0.3/3.6 MB | 0.2/2.1 MB | 57/75 kB
Progress (4): 1.5/1.7 MB | 0.3/3.6 MB | 0.2/2.1 MB | 74/75 kB
Progress (4): 1.5/1.7 MB | 0.3/3.6 MB | 0.3/2.1 MB | 74/75 kB
Progress (4): 1.5/1.7 MB | 0.3/3.6 MB | 0.3/2.1 MB | 75 kB   
Progress (4): 1.5/1.7 MB | 0.3/3.6 MB | 0.3/2.1 MB | 75 kB
Progress (4): 1.5/1.7 MB | 0.3/3.6 MB | 0.3/2.1 MB | 75 kB
Progress (4): 1.5/1.7 MB | 0.3/3.6 MB | 0.3/2.1 MB | 75 kB
                                                          
Downloaded from central: https://repo.maven.apache.org/maven2/io/micrometer/micrometer-observation/1.14.2/micrometer-observation-1.14.2.jar (75 kB at 8.9 kB/s)
Downloading from central: https://repo.maven.apache.org/maven2/org/springframework/spring-webmvc/6.2.1/spring-webmvc-6.2.1.jar
Progress (3): 1.6/1.7 MB | 0.3/3.6 MB | 0.3/2.1 MB
Progress (3): 1.6/1.7 MB | 0.3/3.6 MB | 0.3/2.1 MB
Progress (3): 1.6/1.7 MB | 0.3/3.6 MB | 0.3/2.1 MB
Progress (3): 1.6/1.7 MB | 0.3/3.6 MB | 0.3/2.1 MB
Progress (3): 1.6/1.7 MB | 0.4/3.6 MB | 0.3/2.1 MB
Progress (3): 1.6/1.7 MB | 0.4/3.6 MB | 0.3/2.1 MB
Progress (4): 1.6/1.7 MB | 0.4/3.6 MB | 0.3/2.1 MB | 7.7/48 kB
Progress (4): 1.6/1.7 MB | 0.4/3.6 MB | 0.3/2.1 MB | 16/48 kB 
Progress (4): 1.6/1.7 MB | 0.4/3.6 MB | 0.3/2.1 MB | 16/48 kB
Progress (4): 1.6/1.7 MB | 0.4/3.6 MB | 0.3/2.1 MB | 32/48 kB
Progress (4): 1.6/1.7 MB | 0.4/3.6 MB | 0.3/2.1 MB | 32/48 kB
Progress (4): 1.6/1.7 MB | 0.4/3.6 MB | 0.3/2.1 MB | 32/48 kB
Progress (4): 1.6/1.7 MB | 0.4/3.6 MB | 0.3/2.1 MB | 48 kB   
Progress (4): 1.6/1.7 MB | 0.4/3.6 MB | 0.3/2.1 MB | 48 kB
Progress (4): 1.6/1.7 MB | 0.4/3.6 MB | 0.4/2.1 MB | 48 kB
Progress (4): 1.6/1.7 MB | 0.4/3.6 MB | 0.4/2.1 MB | 48 kB
Progress (4): 1.6/1.7 MB | 0.4/3.6 MB | 0.4/2.1 MB | 48 kB
Progress (4): 1.6/1.7 MB | 0.4/3.6 MB | 0.4/2.1 MB | 48 kB
Progress (4): 1.6/1.7 MB | 0.4/3.6 MB | 0.4/2.1 MB | 48 kB
                                                          
Downloaded from central: https://repo.maven.apache.org/maven2/io/micrometer/micrometer-commons/1.14.2/micrometer-commons-1.14.2.jar (48 kB at 5.6 kB/s)
Downloading from central: https://repo.maven.apache.org/maven2/org/springframework/spring-expression/6.2.1/spring-expression-6.2.1.jar
Progress (3): 1.6/1.7 MB | 0.4/3.6 MB | 0.4/2.1 MB
Progress (3): 1.6/1.7 MB | 0.4/3.6 MB | 0.4/2.1 MB
Progress (3): 1.6/1.7 MB | 0.4/3.6 MB | 0.4/2.1 MB
Progress (3): 1.6/1.7 MB | 0.4/3.6 MB | 0.4/2.1 MB
Progress (3): 1.6/1.7 MB | 0.4/3.6 MB | 0.4/2.1 MB
Progress (3): 1.6/1.7 MB | 0.4/3.6 MB | 0.4/2.1 MB
Progress (3): 1.7 MB | 0.4/3.6 MB | 0.4/2.1 MB    
Progress (3): 1.7 MB | 0.4/3.6 MB | 0.4/2.1 MB
Progress (3): 1.7 MB | 0.4/3.6 MB | 0.4/2.1 MB
Progress (4): 1.7 MB | 0.4/3.6 MB | 0.4/2.1 MB | 0/1.1 MB
Progress (4): 1.7 MB | 0.5/3.6 MB | 0.4/2.1 MB | 0/1.1 MB
                                                         
Downloaded from central: https://repo.maven.apache.org/maven2/com/fasterxml/jackson/core/jackson-databind/2.18.2/jackson-databind-2.18.2.jar (1.7 MB at 194 kB/s)
Downloading from central: https://repo.maven.apache.org/maven2/org/springframework/boot/spring-boot-starter-security/3.4.1/spring-boot-starter-security-3.4.1.jar
Progress (3): 0.5/3.6 MB | 0.4/2.1 MB | 0/1.1 MB
Progress (3): 0.5/3.6 MB | 0.4/2.1 MB | 0/1.1 MB
Progress (3): 0.5/3.6 MB | 0.4/2.1 MB | 0/1.1 MB
Progress (3): 0.5/3.6 MB | 0.4/2.1 MB | 0/1.1 MB
Progress (3): 0.5/3.6 MB | 0.4/2.1 MB | 0/1.1 MB
Progress (3): 0.5/3.6 MB | 0.4/2.1 MB | 0/1.1 MB
Progress (3): 0.5/3.6 MB | 0.5/2.1 MB | 0/1.1 MB
Progress (3): 0.5/3.6 MB | 0.5/2.1 MB | 0.1/1.1 MB
Progress (3): 0.5/3.6 MB | 0.5/2.1 MB | 0.1/1.1 MB
Progress (3): 0.5/3.6 MB | 0.5/2.1 MB | 0.1/1.1 MB
Progress (3): 0.5/3.6 MB | 0.5/2.1 MB | 0.1/1.1 MB
Progress (3): 0.5/3.6 MB | 0.5/2.1 MB | 0.1/1.1 MB
Progress (3): 0.5/3.6 MB | 0.5/2.1 MB | 0.1/1.1 MB
Progress (3): 0.5/3.6 MB | 0.5/2.1 MB | 0.1/1.1 MB
Progress (3): 0.5/3.6 MB | 0.5/2.1 MB | 0.1/1.1 MB
Progress (3): 0.5/3.6 MB | 0.5/2.1 MB | 0.1/1.1 MB
Progress (3): 0.5/3.6 MB | 0.5/2.1 MB | 0.1/1.1 MB
Progress (3): 0.5/3.6 MB | 0.5/2.1 MB | 0.1/1.1 MB
Progress (3): 0.5/3.6 MB | 0.5/2.1 MB | 0.1/1.1 MB
Progress (3): 0.5/3.6 MB | 0.5/2.1 MB | 0.1/1.1 MB
Progress (3): 0.5/3.6 MB | 0.5/2.1 MB | 0.1/1.1 MB
Progress (3): 0.5/3.6 MB | 0.5/2.1 MB | 0.1/1.1 MB
Progress (3): 0.5/3.6 MB | 0.5/2.1 MB | 0.2/1.1 MB
Progress (3): 0.5/3.6 MB | 0.5/2.1 MB | 0.2/1.1 MB
Progress (3): 0.5/3.6 MB | 0.5/2.1 MB | 0.2/1.1 MB
Progress (3): 0.5/3.6 MB | 0.5/2.1 MB | 0.2/1.1 MB
Progress (3): 0.5/3.6 MB | 0.5/2.1 MB | 0.2/1.1 MB
Progress (3): 0.5/3.6 MB | 0.5/2.1 MB | 0.2/1.1 MB
Progress (3): 0.5/3.6 MB | 0.5/2.1 MB | 0.2/1.1 MB
Progress (3): 0.5/3.6 MB | 0.5/2.1 MB | 0.2/1.1 MB
Progress (3): 0.5/3.6 MB | 0.5/2.1 MB | 0.2/1.1 MB
Progress (3): 0.5/3.6 MB | 0.5/2.1 MB | 0.2/1.1 MB
Progress (4): 0.5/3.6 MB | 0.5/2.1 MB | 0.2/1.1 MB | 7.7/318 kB
Progress (4): 0.5/3.6 MB | 0.5/2.1 MB | 0.2/1.1 MB | 16/318 kB 
Progress (4): 0.6/3.6 MB | 0.5/2.1 MB | 0.2/1.1 MB | 16/318 kB
Progress (4): 0.6/3.6 MB | 0.5/2.1 MB | 0.2/1.1 MB | 16/318 kB
Progress (4): 0.6/3.6 MB | 0.6/2.1 MB | 0.2/1.1 MB | 16/318 kB
Progress (4): 0.6/3.6 MB | 0.6/2.1 MB | 0.2/1.1 MB | 32/318 kB
Progress (4): 0.6/3.6 MB | 0.6/2.1 MB | 0.2/1.1 MB | 32/318 kB
Progress (4): 0.6/3.6 MB | 0.6/2.1 MB | 0.2/1.1 MB | 32/318 kB
Progress (4): 0.6/3.6 MB | 0.6/2.1 MB | 0.2/1.1 MB | 49/318 kB
Progress (4): 0.6/3.6 MB | 0.6/2.1 MB | 0.2/1.1 MB | 57/318 kB
Progress (4): 0.6/3.6 MB | 0.6/2.1 MB | 0.2/1.1 MB | 57/318 kB
Progress (4): 0.6/3.6 MB | 0.6/2.1 MB | 0.2/1.1 MB | 57/318 kB
Progress (5): 0.6/3.6 MB | 0.6/2.1 MB | 0.2/1.1 MB | 57/318 kB | 4.7 kB
Progress (5): 0.6/3.6 MB | 0.6/2.1 MB | 0.2/1.1 MB | 57/318 kB | 4.7 kB
Progress (5): 0.6/3.6 MB | 0.6/2.1 MB | 0.2/1.1 MB | 74/318 kB | 4.7 kB
                                                                       
Downloaded from central: https://repo.maven.apache.org/maven2/org/springframework/boot/spring-boot-starter-security/3.4.1/spring-boot-starter-security-3.4.1.jar (4.7 kB at 549 B/s)
Downloading from central: https://repo.maven.apache.org/maven2/org/springframework/spring-aop/6.2.1/spring-aop-6.2.1.jar
Progress (4): 0.6/3.6 MB | 0.6/2.1 MB | 0.2/1.1 MB | 74/318 kB
Progress (4): 0.6/3.6 MB | 0.6/2.1 MB | 0.2/1.1 MB | 90/318 kB
Progress (4): 0.6/3.6 MB | 0.6/2.1 MB | 0.2/1.1 MB | 90/318 kB
Progress (4): 0.6/3.6 MB | 0.6/2.1 MB | 0.3/1.1 MB | 90/318 kB
Progress (4): 0.6/3.6 MB | 0.6/2.1 MB | 0.3/1.1 MB | 90/318 kB
Progress (4): 0.6/3.6 MB | 0.6/2.1 MB | 0.3/1.1 MB | 90/318 kB
Progress (4): 0.6/3.6 MB | 0.6/2.1 MB | 0.3/1.1 MB | 106/318 kB
Progress (4): 0.6/3.6 MB | 0.6/2.1 MB | 0.3/1.1 MB | 106/318 kB
Progress (4): 0.6/3.6 MB | 0.6/2.1 MB | 0.3/1.1 MB | 106/318 kB
Progress (4): 0.6/3.6 MB | 0.6/2.1 MB | 0.3/1.1 MB | 123/318 kB
Progress (4): 0.6/3.6 MB | 0.6/2.1 MB | 0.3/1.1 MB | 123/318 kB
Progress (4): 0.6/3.6 MB | 0.6/2.1 MB | 0.3/1.1 MB | 123/318 kB
Progress (4): 0.6/3.6 MB | 0.6/2.1 MB | 0.3/1.1 MB | 139/318 kB
Progress (4): 0.6/3.6 MB | 0.6/2.1 MB | 0.3/1.1 MB | 139/318 kB
Progress (4): 0.6/3.6 MB | 0.6/2.1 MB | 0.3/1.1 MB | 139/318 kB
Progress (4): 0.6/3.6 MB | 0.6/2.1 MB | 0.3/1.1 MB | 139/318 kB
Progress (4): 0.6/3.6 MB | 0.6/2.1 MB | 0.3/1.1 MB | 139/318 kB
Progress (4): 0.6/3.6 MB | 0.6/2.1 MB | 0.3/1.1 MB | 156/318 kB
Progress (4): 0.6/3.6 MB | 0.6/2.1 MB | 0.3/1.1 MB | 156/318 kB
Progress (4): 0.6/3.6 MB | 0.7/2.1 MB | 0.3/1.1 MB | 156/318 kB
Progress (4): 0.6/3.6 MB | 0.7/2.1 MB | 0.4/1.1 MB | 156/318 kB
Progress (4): 0.6/3.6 MB | 0.7/2.1 MB | 0.4/1.1 MB | 172/318 kB
Progress (4): 0.7/3.6 MB | 0.7/2.1 MB | 0.4/1.1 MB | 172/318 kB
Progress (4): 0.7/3.6 MB | 0.7/2.1 MB | 0.4/1.1 MB | 172/318 kB
Progress (4): 0.7/3.6 MB | 0.7/2.1 MB | 0.4/1.1 MB | 172/318 kB
Progress (4): 0.7/3.6 MB | 0.7/2.1 MB | 0.4/1.1 MB | 188/318 kB
Progress (4): 0.7/3.6 MB | 0.7/2.1 MB | 0.4/1.1 MB | 188/318 kB
Progress (4): 0.7/3.6 MB | 0.7/2.1 MB | 0.4/1.1 MB | 188/318 kB
Progress (4): 0.7/3.6 MB | 0.7/2.1 MB | 0.4/1.1 MB | 188/318 kB
Progress (4): 0.7/3.6 MB | 0.7/2.1 MB | 0.4/1.1 MB | 205/318 kB
Progress (4): 0.7/3.6 MB | 0.7/2.1 MB | 0.4/1.1 MB | 205/318 kB
Progress (4): 0.7/3.6 MB | 0.7/2.1 MB | 0.4/1.1 MB | 205/318 kB
Progress (4): 0.7/3.6 MB | 0.7/2.1 MB | 0.4/1.1 MB | 221/318 kB
Progress (4): 0.7/3.6 MB | 0.7/2.1 MB | 0.4/1.1 MB | 221/318 kB
Progress (4): 0.7/3.6 MB | 0.7/2.1 MB | 0.4/1.1 MB | 221/318 kB
Progress (4): 0.7/3.6 MB | 0.7/2.1 MB | 0.4/1.1 MB | 221/318 kB
Progress (4): 0.7/3.6 MB | 0.7/2.1 MB | 0.4/1.1 MB | 221/318 kB
Progress (4): 0.7/3.6 MB | 0.7/2.1 MB | 0.4/1.1 MB | 238/318 kB
Progress (4): 0.7/3.6 MB | 0.7/2.1 MB | 0.5/1.1 MB | 238/318 kB
Progress (4): 0.7/3.6 MB | 0.7/2.1 MB | 0.5/1.1 MB | 238/318 kB
Progress (4): 0.7/3.6 MB | 0.7/2.1 MB | 0.5/1.1 MB | 238/318 kB
Progress (4): 0.7/3.6 MB | 0.7/2.1 MB | 0.5/1.1 MB | 238/318 kB
Progress (4): 0.7/3.6 MB | 0.7/2.1 MB | 0.5/1.1 MB | 254/318 kB
Progress (4): 0.7/3.6 MB | 0.7/2.1 MB | 0.5/1.1 MB | 254/318 kB
Progress (4): 0.7/3.6 MB | 0.7/2.1 MB | 0.5/1.1 MB | 254/318 kB
Progress (4): 0.7/3.6 MB | 0.7/2.1 MB | 0.5/1.1 MB | 254/318 kB
Progress (4): 0.7/3.6 MB | 0.7/2.1 MB | 0.5/1.1 MB | 270/318 kB
Progress (4): 0.7/3.6 MB | 0.7/2.1 MB | 0.5/1.1 MB | 270/318 kB
Progress (4): 0.7/3.6 MB | 0.7/2.1 MB | 0.5/1.1 MB | 270/318 kB
Progress (4): 0.7/3.6 MB | 0.7/2.1 MB | 0.5/1.1 MB | 270/318 kB
Progress (4): 0.7/3.6 MB | 0.7/2.1 MB | 0.5/1.1 MB | 287/318 kB
Progress (4): 0.8/3.6 MB | 0.7/2.1 MB | 0.5/1.1 MB | 287/318 kB
Progress (4): 0.8/3.6 MB | 0.8/2.1 MB | 0.5/1.1 MB | 287/318 kB
Progress (4): 0.8/3.6 MB | 0.8/2.1 MB | 0.5/1.1 MB | 303/318 kB
Progress (4): 0.8/3.6 MB | 0.8/2.1 MB | 0.5/1.1 MB | 303/318 kB
Progress (4): 0.8/3.6 MB | 0.8/2.1 MB | 0.5/1.1 MB | 303/318 kB
Progress (4): 0.8/3.6 MB | 0.8/2.1 MB | 0.5/1.1 MB | 303/318 kB
Progress (4): 0.8/3.6 MB | 0.8/2.1 MB | 0.5/1.1 MB | 318 kB    
Progress (4): 0.8/3.6 MB | 0.8/2.1 MB | 0.5/1.1 MB | 318 kB
Progress (4): 0.8/3.6 MB | 0.8/2.1 MB | 0.6/1.1 MB | 318 kB
Progress (4): 0.8/3.6 MB | 0.8/2.1 MB | 0.6/1.1 MB | 318 kB
Progress (4): 0.8/3.6 MB | 0.8/2.1 MB | 0.6/1.1 MB | 318 kB
                                                           
Downloaded from central: https://repo.maven.apache.org/maven2/org/springframework/spring-expression/6.2.1/spring-expression-6.2.1.jar (318 kB at 36 kB/s)
Downloading from central: https://repo.maven.apache.org/maven2/org/springframework/security/spring-security-config/6.4.2/spring-security-config-6.4.2.jar
Progress (3): 0.8/3.6 MB | 0.8/2.1 MB | 0.6/1.1 MB
Progress (3): 0.8/3.6 MB | 0.8/2.1 MB | 0.6/1.1 MB
Progress (3): 0.8/3.6 MB | 0.8/2.1 MB | 0.6/1.1 MB
Progress (3): 0.8/3.6 MB | 0.8/2.1 MB | 0.6/1.1 MB
Progress (3): 0.8/3.6 MB | 0.8/2.1 MB | 0.6/1.1 MB
Progress (4): 0.8/3.6 MB | 0.8/2.1 MB | 0.6/1.1 MB | 7.7/418 kB
Progress (4): 0.8/3.6 MB | 0.8/2.1 MB | 0.6/1.1 MB | 11/418 kB 
Progress (4): 0.8/3.6 MB | 0.8/2.1 MB | 0.6/1.1 MB | 11/418 kB
Progress (4): 0.8/3.6 MB | 0.8/2.1 MB | 0.6/1.1 MB | 28/418 kB
Progress (4): 0.8/3.6 MB | 0.8/2.1 MB | 0.6/1.1 MB | 28/418 kB
Progress (4): 0.8/3.6 MB | 0.8/2.1 MB | 0.6/1.1 MB | 44/418 kB
Progress (4): 0.8/3.6 MB | 0.8/2.1 MB | 0.6/1.1 MB | 61/418 kB
Progress (4): 0.8/3.6 MB | 0.8/2.1 MB | 0.6/1.1 MB | 77/418 kB
Progress (4): 0.8/3.6 MB | 0.8/2.1 MB | 0.6/1.1 MB | 93/418 kB
Progress (4): 0.8/3.6 MB | 0.8/2.1 MB | 0.6/1.1 MB | 110/418 kB
Progress (4): 0.8/3.6 MB | 0.8/2.1 MB | 0.6/1.1 MB | 126/418 kB
Progress (4): 0.8/3.6 MB | 0.8/2.1 MB | 0.6/1.1 MB | 142/418 kB
Progress (4): 0.8/3.6 MB | 0.8/2.1 MB | 0.6/1.1 MB | 142/418 kB
Progress (4): 0.8/3.6 MB | 0.8/2.1 MB | 0.6/1.1 MB | 159/418 kB
Progress (4): 0.8/3.6 MB | 0.8/2.1 MB | 0.6/1.1 MB | 159/418 kB
Progress (4): 0.8/3.6 MB | 0.8/2.1 MB | 0.6/1.1 MB | 159/418 kB
Progress (4): 0.8/3.6 MB | 0.9/2.1 MB | 0.6/1.1 MB | 159/418 kB
Progress (4): 0.8/3.6 MB | 0.9/2.1 MB | 0.6/1.1 MB | 159/418 kB
Progress (4): 0.8/3.6 MB | 0.9/2.1 MB | 0.7/1.1 MB | 159/418 kB
Progress (4): 0.8/3.6 MB | 0.9/2.1 MB | 0.7/1.1 MB | 175/418 kB
Progress (4): 0.8/3.6 MB | 0.9/2.1 MB | 0.7/1.1 MB | 175/418 kB
Progress (4): 0.8/3.6 MB | 0.9/2.1 MB | 0.7/1.1 MB | 175/418 kB
Progress (4): 0.8/3.6 MB | 0.9/2.1 MB | 0.7/1.1 MB | 175/418 kB
Progress (4): 0.9/3.6 MB | 0.9/2.1 MB | 0.7/1.1 MB | 175/418 kB
Progress (4): 0.9/3.6 MB | 0.9/2.1 MB | 0.7/1.1 MB | 175/418 kB
Progress (4): 0.9/3.6 MB | 0.9/2.1 MB | 0.7/1.1 MB | 175/418 kB
Progress (4): 0.9/3.6 MB | 0.9/2.1 MB | 0.7/1.1 MB | 175/418 kB
Progress (4): 0.9/3.6 MB | 0.9/2.1 MB | 0.7/1.1 MB | 175/418 kB
Progress (4): 0.9/3.6 MB | 1.0/2.1 MB | 0.7/1.1 MB | 175/418 kB
Progress (4): 0.9/3.6 MB | 1.0/2.1 MB | 0.7/1.1 MB | 175/418 kB
Progress (4): 0.9/3.6 MB | 1.0/2.1 MB | 0.7/1.1 MB | 175/418 kB
Progress (4): 0.9/3.6 MB | 1.0/2.1 MB | 0.7/1.1 MB | 175/418 kB
Progress (4): 0.9/3.6 MB | 1.0/2.1 MB | 0.7/1.1 MB | 175/418 kB
Progress (4): 0.9/3.6 MB | 1.0/2.1 MB | 0.7/1.1 MB | 175/418 kB
Progress (4): 0.9/3.6 MB | 1.0/2.1 MB | 0.7/1.1 MB | 175/418 kB
Progress (4): 0.9/3.6 MB | 1.0/2.1 MB | 0.7/1.1 MB | 175/418 kB
Progress (4): 0.9/3.6 MB | 1.0/2.1 MB | 0.7/1.1 MB | 175/418 kB
Progress (4): 1.0/3.6 MB | 1.0/2.1 MB | 0.7/1.1 MB | 175/418 kB
Progress (4): 1.0/3.6 MB | 1.1/2.1 MB | 0.7/1.1 MB | 175/418 kB
Progress (4): 1.0/3.6 MB | 1.1/2.1 MB | 0.7/1.1 MB | 175/418 kB
Progress (4): 1.0/3.6 MB | 1.1/2.1 MB | 0.7/1.1 MB | 175/418 kB
Progress (4): 1.0/3.6 MB | 1.1/2.1 MB | 0.7/1.1 MB | 175/418 kB
Progress (4): 1.0/3.6 MB | 1.1/2.1 MB | 0.7/1.1 MB | 175/418 kB
Progress (4): 1.0/3.6 MB | 1.1/2.1 MB | 0.7/1.1 MB | 175/418 kB
Progress (4): 1.0/3.6 MB | 1.1/2.1 MB | 0.7/1.1 MB | 175/418 kB
Progress (4): 1.0/3.6 MB | 1.1/2.1 MB | 0.7/1.1 MB | 175/418 kB
Progress (4): 1.0/3.6 MB | 1.1/2.1 MB | 0.8/1.1 MB | 175/418 kB
Progress (4): 1.0/3.6 MB | 1.1/2.1 MB | 0.8/1.1 MB | 175/418 kB
Progress (4): 1.0/3.6 MB | 1.1/2.1 MB | 0.8/1.1 MB | 175/418 kB
Progress (4): 1.0/3.6 MB | 1.1/2.1 MB | 0.8/1.1 MB | 175/418 kB
Progress (4): 1.0/3.6 MB | 1.1/2.1 MB | 0.8/1.1 MB | 175/418 kB
Progress (4): 1.0/3.6 MB | 1.1/2.1 MB | 0.8/1.1 MB | 175/418 kB
Progress (4): 1.0/3.6 MB | 1.1/2.1 MB | 0.8/1.1 MB | 175/418 kB
Progress (4): 1.0/3.6 MB | 1.1/2.1 MB | 0.8/1.1 MB | 175/418 kB
Progress (4): 1.0/3.6 MB | 1.1/2.1 MB | 0.8/1.1 MB | 175/418 kB
Progress (4): 1.1/3.6 MB | 1.1/2.1 MB | 0.8/1.1 MB | 175/418 kB
Progress (4): 1.1/3.6 MB | 1.1/2.1 MB | 0.8/1.1 MB | 175/418 kB
Progress (4): 1.1/3.6 MB | 1.1/2.1 MB | 0.8/1.1 MB | 175/418 kB
Progress (4): 1.1/3.6 MB | 1.1/2.1 MB | 0.8/1.1 MB | 175/418 kB
Progress (4): 1.1/3.6 MB | 1.1/2.1 MB | 0.8/1.1 MB | 175/418 kB
Progress (4): 1.1/3.6 MB | 1.1/2.1 MB | 0.9/1.1 MB | 175/418 kB
Progress (4): 1.1/3.6 MB | 1.1/2.1 MB | 0.9/1.1 MB | 175/418 kB
Progress (4): 1.1/3.6 MB | 1.1/2.1 MB | 0.9/1.1 MB | 175/418 kB
Progress (4): 1.1/3.6 MB | 1.1/2.1 MB | 0.9/1.1 MB | 175/418 kB
Progress (4): 1.1/3.6 MB | 1.1/2.1 MB | 0.9/1.1 MB | 175/418 kB
Progress (4): 1.1/3.6 MB | 1.1/2.1 MB | 0.9/1.1 MB | 175/418 kB
Progress (4): 1.1/3.6 MB | 1.1/2.1 MB | 0.9/1.1 MB | 175/418 kB
Progress (4): 1.1/3.6 MB | 1.1/2.1 MB | 0.9/1.1 MB | 175/418 kB
Progress (4): 1.1/3.6 MB | 1.2/2.1 MB | 0.9/1.1 MB | 175/418 kB
Progress (4): 1.1/3.6 MB | 1.2/2.1 MB | 0.9/1.1 MB | 175/418 kB
Progress (4): 1.1/3.6 MB | 1.2/2.1 MB | 0.9/1.1 MB | 175/418 kB
Progress (4): 1.1/3.6 MB | 1.2/2.1 MB | 0.9/1.1 MB | 175/418 kB
Progress (4): 1.1/3.6 MB | 1.2/2.1 MB | 0.9/1.1 MB | 175/418 kB
Progress (4): 1.1/3.6 MB | 1.2/2.1 MB | 0.9/1.1 MB | 175/418 kB
Progress (4): 1.1/3.6 MB | 1.2/2.1 MB | 0.9/1.1 MB | 175/418 kB
Progress (4): 1.2/3.6 MB | 1.2/2.1 MB | 0.9/1.1 MB | 175/418 kB
Progress (4): 1.2/3.6 MB | 1.2/2.1 MB | 0.9/1.1 MB | 175/418 kB
Progress (4): 1.2/3.6 MB | 1.2/2.1 MB | 0.9/1.1 MB | 175/418 kB
Progress (4): 1.2/3.6 MB | 1.2/2.1 MB | 1.0/1.1 MB | 175/418 kB
Progress (4): 1.2/3.6 MB | 1.2/2.1 MB | 1.0/1.1 MB | 175/418 kB
Progress (4): 1.2/3.6 MB | 1.2/2.1 MB | 1.0/1.1 MB | 175/418 kB
Progress (4): 1.2/3.6 MB | 1.2/2.1 MB | 1.0/1.1 MB | 175/418 kB
Progress (4): 1.2/3.6 MB | 1.2/2.1 MB | 1.0/1.1 MB | 192/418 kB
Progress (4): 1.2/3.6 MB | 1.2/2.1 MB | 1.0/1.1 MB | 192/418 kB
Progress (4): 1.2/3.6 MB | 1.2/2.1 MB | 1.0/1.1 MB | 208/418 kB
Progress (4): 1.2/3.6 MB | 1.2/2.1 MB | 1.0/1.1 MB | 208/418 kB
Progress (4): 1.2/3.6 MB | 1.2/2.1 MB | 1.0/1.1 MB | 224/418 kB
Progress (4): 1.2/3.6 MB | 1.2/2.1 MB | 1.0/1.1 MB | 224/418 kB
Progress (4): 1.2/3.6 MB | 1.2/2.1 MB | 1.0/1.1 MB | 241/418 kB
Progress (4): 1.2/3.6 MB | 1.2/2.1 MB | 1.1/1.1 MB | 241/418 kB
Progress (4): 1.2/3.6 MB | 1.2/2.1 MB | 1.1/1.1 MB | 241/418 kB
Progress (4): 1.2/3.6 MB | 1.2/2.1 MB | 1.1/1.1 MB | 257/418 kB
Progress (4): 1.2/3.6 MB | 1.2/2.1 MB | 1.1/1.1 MB | 257/418 kB
Progress (4): 1.2/3.6 MB | 1.2/2.1 MB | 1.1/1.1 MB | 274/418 kB
Progress (4): 1.2/3.6 MB | 1.2/2.1 MB | 1.1/1.1 MB | 274/418 kB
Progress (4): 1.2/3.6 MB | 1.2/2.1 MB | 1.1/1.1 MB | 290/418 kB
Progress (4): 1.2/3.6 MB | 1.2/2.1 MB | 1.1 MB | 290/418 kB    
Progress (4): 1.2/3.6 MB | 1.2/2.1 MB | 1.1 MB | 306/418 kB
Progress (4): 1.2/3.6 MB | 1.2/2.1 MB | 1.1 MB | 323/418 kB
Progress (4): 1.2/3.6 MB | 1.2/2.1 MB | 1.1 MB | 339/418 kB
Progress (4): 1.2/3.6 MB | 1.2/2.1 MB | 1.1 MB | 355/418 kB
Progress (4): 1.2/3.6 MB | 1.2/2.1 MB | 1.1 MB | 372/418 kB
Progress (4): 1.2/3.6 MB | 1.2/2.1 MB | 1.1 MB | 388/418 kB
Progress (4): 1.2/3.6 MB | 1.2/2.1 MB | 1.1 MB | 405/418 kB
Progress (4): 1.2/3.6 MB | 1.2/2.1 MB | 1.1 MB | 418 kB    
Progress (4): 1.2/3.6 MB | 1.2/2.1 MB | 1.1 MB | 418 kB
Progress (4): 1.2/3.6 MB | 1.3/2.1 MB | 1.1 MB | 418 kB
Progress (4): 1.2/3.6 MB | 1.3/2.1 MB | 1.1 MB | 418 kB
Progress (4): 1.2/3.6 MB | 1.3/2.1 MB | 1.1 MB | 418 kB
Progress (4): 1.2/3.6 MB | 1.3/2.1 MB | 1.1 MB | 418 kB
Progress (4): 1.2/3.6 MB | 1.3/2.1 MB | 1.1 MB | 418 kB
Progress (4): 1.2/3.6 MB | 1.3/2.1 MB | 1.1 MB | 418 kB
Progress (4): 1.2/3.6 MB | 1.3/2.1 MB | 1.1 MB | 418 kB
Progress (4): 1.2/3.6 MB | 1.3/2.1 MB | 1.1 MB | 418 kB
Progress (4): 1.3/3.6 MB | 1.3/2.1 MB | 1.1 MB | 418 kB
                                                       
Downloaded from central: https://repo.maven.apache.org/maven2/org/springframework/spring-webmvc/6.2.1/spring-webmvc-6.2.1.jar (1.1 MB at 120 kB/s)
Downloading from central: https://repo.maven.apache.org/maven2/org/springframework/security/spring-security-core/6.4.2/spring-security-core-6.4.2.jar
Progress (3): 1.3/3.6 MB | 1.3/2.1 MB | 418 kB
Progress (3): 1.3/3.6 MB | 1.3/2.1 MB | 418 kB
Progress (3): 1.3/3.6 MB | 1.4/2.1 MB | 418 kB
Progress (3): 1.3/3.6 MB | 1.4/2.1 MB | 418 kB
                                              
Downloaded from central: https://repo.maven.apache.org/maven2/org/springframework/spring-aop/6.2.1/spring-aop-6.2.1.jar (418 kB at 46 kB/s)
Downloading from central: https://repo.maven.apache.org/maven2/org/springframework/security/spring-security-crypto/6.4.2/spring-security-crypto-6.4.2.jar
Progress (2): 1.3/3.6 MB | 1.4/2.1 MB
Progress (2): 1.3/3.6 MB | 1.4/2.1 MB
Progress (2): 1.3/3.6 MB | 1.4/2.1 MB
Progress (2): 1.3/3.6 MB | 1.4/2.1 MB
Progress (2): 1.3/3.6 MB | 1.4/2.1 MB
Progress (2): 1.3/3.6 MB | 1.4/2.1 MB
Progress (2): 1.3/3.6 MB | 1.4/2.1 MB
Progress (2): 1.4/3.6 MB | 1.4/2.1 MB
Progress (2): 1.4/3.6 MB | 1.4/2.1 MB
Progress (3): 1.4/3.6 MB | 1.4/2.1 MB | 0/2.0 MB
Progress (3): 1.4/3.6 MB | 1.4/2.1 MB | 0/2.0 MB
Progress (3): 1.4/3.6 MB | 1.4/2.1 MB | 0/2.0 MB
Progress (3): 1.4/3.6 MB | 1.5/2.1 MB | 0/2.0 MB
Progress (3): 1.4/3.6 MB | 1.5/2.1 MB | 0/2.0 MB
Progress (3): 1.4/3.6 MB | 1.5/2.1 MB | 0/2.0 MB
Progress (3): 1.4/3.6 MB | 1.5/2.1 MB | 0/2.0 MB
Progress (3): 1.4/3.6 MB | 1.5/2.1 MB | 0/2.0 MB
Progress (3): 1.4/3.6 MB | 1.5/2.1 MB | 0/2.0 MB
Progress (3): 1.4/3.6 MB | 1.5/2.1 MB | 0.1/2.0 MB
Progress (3): 1.4/3.6 MB | 1.5/2.1 MB | 0.1/2.0 MB
Progress (3): 1.4/3.6 MB | 1.5/2.1 MB | 0.1/2.0 MB
Progress (3): 1.4/3.6 MB | 1.5/2.1 MB | 0.1/2.0 MB
Progress (3): 1.4/3.6 MB | 1.5/2.1 MB | 0.1/2.0 MB
Progress (3): 1.4/3.6 MB | 1.5/2.1 MB | 0.1/2.0 MB
Progress (3): 1.4/3.6 MB | 1.5/2.1 MB | 0.1/2.0 MB
Progress (3): 1.4/3.6 MB | 1.5/2.1 MB | 0.1/2.0 MB
Progress (3): 1.4/3.6 MB | 1.5/2.1 MB | 0.1/2.0 MB
Progress (3): 1.4/3.6 MB | 1.5/2.1 MB | 0.1/2.0 MB
Progress (3): 1.4/3.6 MB | 1.5/2.1 MB | 0.1/2.0 MB
Progress (4): 1.4/3.6 MB | 1.5/2.1 MB | 0.1/2.0 MB | 7.7/101 kB
Progress (4): 1.4/3.6 MB | 1.5/2.1 MB | 0.1/2.0 MB | 16/101 kB 
Progress (4): 1.4/3.6 MB | 1.5/2.1 MB | 0.1/2.0 MB | 16/101 kB
Progress (4): 1.4/3.6 MB | 1.5/2.1 MB | 0.1/2.0 MB | 16/101 kB
Progress (4): 1.4/3.6 MB | 1.5/2.1 MB | 0.1/2.0 MB | 16/101 kB
Progress (4): 1.4/3.6 MB | 1.5/2.1 MB | 0.1/2.0 MB | 16/101 kB
Progress (4): 1.4/3.6 MB | 1.5/2.1 MB | 0.1/2.0 MB | 32/101 kB
Progress (5): 1.4/3.6 MB | 1.5/2.1 MB | 0.1/2.0 MB | 32/101 kB | 7.7/607 kB
Progress (5): 1.4/3.6 MB | 1.5/2.1 MB | 0.1/2.0 MB | 32/101 kB | 16/607 kB 
Progress (5): 1.4/3.6 MB | 1.5/2.1 MB | 0.1/2.0 MB | 32/101 kB | 25/607 kB
Progress (5): 1.4/3.6 MB | 1.5/2.1 MB | 0.1/2.0 MB | 49/101 kB | 25/607 kB
Progress (5): 1.5/3.6 MB | 1.5/2.1 MB | 0.1/2.0 MB | 49/101 kB | 25/607 kB
Progress (5): 1.5/3.6 MB | 1.5/2.1 MB | 0.1/2.0 MB | 49/101 kB | 25/607 kB
Progress (5): 1.5/3.6 MB | 1.5/2.1 MB | 0.2/2.0 MB | 49/101 kB | 25/607 kB
Progress (5): 1.5/3.6 MB | 1.6/2.1 MB | 0.2/2.0 MB | 49/101 kB | 25/607 kB
Progress (5): 1.5/3.6 MB | 1.6/2.1 MB | 0.2/2.0 MB | 57/101 kB | 25/607 kB
Progress (5): 1.5/3.6 MB | 1.6/2.1 MB | 0.2/2.0 MB | 57/101 kB | 25/607 kB
Progress (5): 1.5/3.6 MB | 1.6/2.1 MB | 0.2/2.0 MB | 57/101 kB | 41/607 kB
Progress (5): 1.5/3.6 MB | 1.6/2.1 MB | 0.2/2.0 MB | 74/101 kB | 41/607 kB
Progress (5): 1.5/3.6 MB | 1.6/2.1 MB | 0.2/2.0 MB | 74/101 kB | 41/607 kB
Progress (5): 1.5/3.6 MB | 1.6/2.1 MB | 0.2/2.0 MB | 74/101 kB | 41/607 kB
Progress (5): 1.5/3.6 MB | 1.6/2.1 MB | 0.2/2.0 MB | 74/101 kB | 41/607 kB
Progress (5): 1.5/3.6 MB | 1.6/2.1 MB | 0.2/2.0 MB | 74/101 kB | 41/607 kB
Progress (5): 1.5/3.6 MB | 1.6/2.1 MB | 0.2/2.0 MB | 74/101 kB | 57/607 kB
Progress (5): 1.5/3.6 MB | 1.6/2.1 MB | 0.2/2.0 MB | 90/101 kB | 57/607 kB
Progress (5): 1.5/3.6 MB | 1.6/2.1 MB | 0.2/2.0 MB | 90/101 kB | 57/607 kB
Progress (5): 1.5/3.6 MB | 1.6/2.1 MB | 0.2/2.0 MB | 101 kB | 57/607 kB   
Progress (5): 1.5/3.6 MB | 1.6/2.1 MB | 0.2/2.0 MB | 101 kB | 57/607 kB
Progress (5): 1.5/3.6 MB | 1.6/2.1 MB | 0.2/2.0 MB | 101 kB | 57/607 kB
Progress (5): 1.5/3.6 MB | 1.6/2.1 MB | 0.2/2.0 MB | 101 kB | 57/607 kB
Progress (5): 1.5/3.6 MB | 1.6/2.1 MB | 0.2/2.0 MB | 101 kB | 57/607 kB
Progress (5): 1.5/3.6 MB | 1.6/2.1 MB | 0.2/2.0 MB | 101 kB | 74/607 kB
Progress (5): 1.5/3.6 MB | 1.6/2.1 MB | 0.2/2.0 MB | 101 kB | 74/607 kB
Progress (5): 1.5/3.6 MB | 1.6/2.1 MB | 0.2/2.0 MB | 101 kB | 74/607 kB
Progress (5): 1.5/3.6 MB | 1.6/2.1 MB | 0.2/2.0 MB | 101 kB | 74/607 kB
                                                                       
Downloaded from central: https://repo.maven.apache.org/maven2/org/springframework/security/spring-security-crypto/6.4.2/spring-security-crypto-6.4.2.jar (101 kB at 11 kB/s)
Downloading from central: https://repo.maven.apache.org/maven2/org/springframework/security/spring-security-web/6.4.2/spring-security-web-6.4.2.jar
Progress (4): 1.5/3.6 MB | 1.6/2.1 MB | 0.2/2.0 MB | 74/607 kB
Progress (4): 1.5/3.6 MB | 1.6/2.1 MB | 0.2/2.0 MB | 74/607 kB
Progress (4): 1.5/3.6 MB | 1.6/2.1 MB | 0.2/2.0 MB | 74/607 kB
Progress (4): 1.5/3.6 MB | 1.6/2.1 MB | 0.2/2.0 MB | 90/607 kB
Progress (4): 1.5/3.6 MB | 1.6/2.1 MB | 0.2/2.0 MB | 90/607 kB
Progress (4): 1.5/3.6 MB | 1.6/2.1 MB | 0.3/2.0 MB | 90/607 kB
Progress (4): 1.5/3.6 MB | 1.6/2.1 MB | 0.3/2.0 MB | 90/607 kB
Progress (4): 1.5/3.6 MB | 1.6/2.1 MB | 0.3/2.0 MB | 106/607 kB
Progress (4): 1.5/3.6 MB | 1.6/2.1 MB | 0.3/2.0 MB | 106/607 kB
Progress (4): 1.6/3.6 MB | 1.6/2.1 MB | 0.3/2.0 MB | 106/607 kB
Progress (4): 1.6/3.6 MB | 1.6/2.1 MB | 0.3/2.0 MB | 106/607 kB
Progress (4): 1.6/3.6 MB | 1.7/2.1 MB | 0.3/2.0 MB | 106/607 kB
Progress (4): 1.6/3.6 MB | 1.7/2.1 MB | 0.3/2.0 MB | 106/607 kB
Progress (4): 1.6/3.6 MB | 1.7/2.1 MB | 0.3/2.0 MB | 106/607 kB
Progress (4): 1.6/3.6 MB | 1.7/2.1 MB | 0.3/2.0 MB | 106/607 kB
Progress (4): 1.6/3.6 MB | 1.7/2.1 MB | 0.3/2.0 MB | 123/607 kB
Progress (4): 1.6/3.6 MB | 1.7/2.1 MB | 0.3/2.0 MB | 123/607 kB
Progress (4): 1.6/3.6 MB | 1.7/2.1 MB | 0.3/2.0 MB | 123/607 kB
Progress (4): 1.6/3.6 MB | 1.7/2.1 MB | 0.3/2.0 MB | 123/607 kB
Progress (4): 1.6/3.6 MB | 1.7/2.1 MB | 0.3/2.0 MB | 123/607 kB
Progress (4): 1.6/3.6 MB | 1.7/2.1 MB | 0.3/2.0 MB | 123/607 kB
Progress (4): 1.6/3.6 MB | 1.7/2.1 MB | 0.3/2.0 MB | 139/607 kB
Progress (4): 1.6/3.6 MB | 1.7/2.1 MB | 0.3/2.0 MB | 139/607 kB
Progress (4): 1.6/3.6 MB | 1.7/2.1 MB | 0.3/2.0 MB | 139/607 kB
Progress (4): 1.6/3.6 MB | 1.7/2.1 MB | 0.3/2.0 MB | 139/607 kB
Progress (4): 1.6/3.6 MB | 1.7/2.1 MB | 0.4/2.0 MB | 139/607 kB
Progress (4): 1.6/3.6 MB | 1.7/2.1 MB | 0.4/2.0 MB | 156/607 kB
Progress (4): 1.6/3.6 MB | 1.7/2.1 MB | 0.4/2.0 MB | 156/607 kB
Progress (4): 1.6/3.6 MB | 1.7/2.1 MB | 0.4/2.0 MB | 156/607 kB
Progress (4): 1.6/3.6 MB | 1.7/2.1 MB | 0.4/2.0 MB | 156/607 kB
Progress (4): 1.6/3.6 MB | 1.7/2.1 MB | 0.4/2.0 MB | 156/607 kB
Progress (4): 1.6/3.6 MB | 1.7/2.1 MB | 0.4/2.0 MB | 172/607 kB
Progress (4): 1.7/3.6 MB | 1.7/2.1 MB | 0.4/2.0 MB | 172/607 kB
Progress (4): 1.7/3.6 MB | 1.7/2.1 MB | 0.4/2.0 MB | 172/607 kB
Progress (4): 1.7/3.6 MB | 1.7/2.1 MB | 0.4/2.0 MB | 172/607 kB
Progress (4): 1.7/3.6 MB | 1.7/2.1 MB | 0.4/2.0 MB | 188/607 kB
Progress (4): 1.7/3.6 MB | 1.7/2.1 MB | 0.4/2.0 MB | 188/607 kB
Progress (4): 1.7/3.6 MB | 1.7/2.1 MB | 0.4/2.0 MB | 188/607 kB
Progress (4): 1.7/3.6 MB | 1.8/2.1 MB | 0.4/2.0 MB | 188/607 kB
Progress (4): 1.7/3.6 MB | 1.8/2.1 MB | 0.4/2.0 MB | 188/607 kB
Progress (4): 1.7/3.6 MB | 1.8/2.1 MB | 0.4/2.0 MB | 205/607 kB
Progress (4): 1.7/3.6 MB | 1.8/2.1 MB | 0.4/2.0 MB | 205/607 kB
Progress (4): 1.7/3.6 MB | 1.8/2.1 MB | 0.4/2.0 MB | 205/607 kB
Progress (4): 1.7/3.6 MB | 1.8/2.1 MB | 0.5/2.0 MB | 205/607 kB
Progress (4): 1.7/3.6 MB | 1.8/2.1 MB | 0.5/2.0 MB | 221/607 kB
Progress (4): 1.7/3.6 MB | 1.8/2.1 MB | 0.5/2.0 MB | 221/607 kB
Progress (4): 1.7/3.6 MB | 1.8/2.1 MB | 0.5/2.0 MB | 221/607 kB
Progress (4): 1.7/3.6 MB | 1.8/2.1 MB | 0.5/2.0 MB | 221/607 kB
Progress (4): 1.7/3.6 MB | 1.8/2.1 MB | 0.5/2.0 MB | 221/607 kB
Progress (4): 1.7/3.6 MB | 1.8/2.1 MB | 0.5/2.0 MB | 238/607 kB
Progress (4): 1.7/3.6 MB | 1.8/2.1 MB | 0.5/2.0 MB | 238/607 kB
Progress (4): 1.7/3.6 MB | 1.8/2.1 MB | 0.5/2.0 MB | 238/607 kB
Progress (4): 1.7/3.6 MB | 1.8/2.1 MB | 0.5/2.0 MB | 254/607 kB
Progress (4): 1.7/3.6 MB | 1.8/2.1 MB | 0.5/2.0 MB | 254/607 kB
Progress (4): 1.7/3.6 MB | 1.8/2.1 MB | 0.5/2.0 MB | 254/607 kB
Progress (4): 1.7/3.6 MB | 1.8/2.1 MB | 0.5/2.0 MB | 254/607 kB
Progress (4): 1.7/3.6 MB | 1.8/2.1 MB | 0.5/2.0 MB | 254/607 kB
Progress (4): 1.7/3.6 MB | 1.8/2.1 MB | 0.5/2.0 MB | 254/607 kB
Progress (4): 1.7/3.6 MB | 1.8/2.1 MB | 0.5/2.0 MB | 270/607 kB
Progress (4): 1.7/3.6 MB | 1.8/2.1 MB | 0.5/2.0 MB | 270/607 kB
Progress (4): 1.7/3.6 MB | 1.8/2.1 MB | 0.6/2.0 MB | 270/607 kB
Progress (4): 1.7/3.6 MB | 1.9/2.1 MB | 0.6/2.0 MB | 270/607 kB
Progress (4): 1.8/3.6 MB | 1.9/2.1 MB | 0.6/2.0 MB | 270/607 kB
Progress (4): 1.8/3.6 MB | 1.9/2.1 MB | 0.6/2.0 MB | 287/607 kB
Progress (4): 1.8/3.6 MB | 1.9/2.1 MB | 0.6/2.0 MB | 287/607 kB
Progress (5): 1.8/3.6 MB | 1.9/2.1 MB | 0.6/2.0 MB | 287/607 kB | 7.7/993 kB
Progress (5): 1.8/3.6 MB | 1.9/2.1 MB | 0.6/2.0 MB | 287/607 kB | 16/993 kB 
Progress (5): 1.8/3.6 MB | 1.9/2.1 MB | 0.6/2.0 MB | 287/607 kB | 25/993 kB
Progress (5): 1.8/3.6 MB | 1.9/2.1 MB | 0.6/2.0 MB | 287/607 kB | 25/993 kB
Progress (5): 1.8/3.6 MB | 1.9/2.1 MB | 0.6/2.0 MB | 287/607 kB | 25/993 kB
Progress (5): 1.8/3.6 MB | 1.9/2.1 MB | 0.6/2.0 MB | 287/607 kB | 25/993 kB
Progress (5): 1.8/3.6 MB | 1.9/2.1 MB | 0.6/2.0 MB | 287/607 kB | 41/993 kB
Progress (5): 1.8/3.6 MB | 1.9/2.1 MB | 0.6/2.0 MB | 303/607 kB | 41/993 kB
Progress (5): 1.8/3.6 MB | 1.9/2.1 MB | 0.6/2.0 MB | 303/607 kB | 41/993 kB
Progress (5): 1.8/3.6 MB | 1.9/2.1 MB | 0.6/2.0 MB | 303/607 kB | 41/993 kB
Progress (5): 1.8/3.6 MB | 1.9/2.1 MB | 0.6/2.0 MB | 303/607 kB | 57/993 kB
Progress (5): 1.8/3.6 MB | 1.9/2.1 MB | 0.6/2.0 MB | 303/607 kB | 57/993 kB
Progress (5): 1.8/3.6 MB | 1.9/2.1 MB | 0.6/2.0 MB | 319/607 kB | 57/993 kB
Progress (5): 1.8/3.6 MB | 1.9/2.1 MB | 0.6/2.0 MB | 319/607 kB | 74/993 kB
Progress (5): 1.8/3.6 MB | 1.9/2.1 MB | 0.6/2.0 MB | 319/607 kB | 74/993 kB
Progress (5): 1.8/3.6 MB | 1.9/2.1 MB | 0.6/2.0 MB | 319/607 kB | 74/993 kB
Progress (5): 1.8/3.6 MB | 1.9/2.1 MB | 0.6/2.0 MB | 319/607 kB | 74/993 kB
Progress (5): 1.8/3.6 MB | 1.9/2.1 MB | 0.6/2.0 MB | 319/607 kB | 74/993 kB
Progress (5): 1.8/3.6 MB | 1.9/2.1 MB | 0.6/2.0 MB | 319/607 kB | 90/993 kB
Progress (5): 1.8/3.6 MB | 1.9/2.1 MB | 0.6/2.0 MB | 336/607 kB | 90/993 kB
Progress (5): 1.8/3.6 MB | 1.9/2.1 MB | 0.7/2.0 MB | 336/607 kB | 90/993 kB
Progress (5): 1.8/3.6 MB | 1.9/2.1 MB | 0.7/2.0 MB | 336/607 kB | 90/993 kB
Progress (5): 1.8/3.6 MB | 1.9/2.1 MB | 0.7/2.0 MB | 336/607 kB | 90/993 kB
Progress (5): 1.8/3.6 MB | 1.9/2.1 MB | 0.7/2.0 MB | 336/607 kB | 106/993 kB
Progress (5): 1.8/3.6 MB | 1.9/2.1 MB | 0.7/2.0 MB | 336/607 kB | 106/993 kB
Progress (5): 1.8/3.6 MB | 1.9/2.1 MB | 0.7/2.0 MB | 336/607 kB | 106/993 kB
Progress (5): 1.8/3.6 MB | 1.9/2.1 MB | 0.7/2.0 MB | 336/607 kB | 123/993 kB
Progress (5): 1.8/3.6 MB | 1.9/2.1 MB | 0.7/2.0 MB | 352/607 kB | 123/993 kB
Progress (5): 1.8/3.6 MB | 1.9/2.1 MB | 0.7/2.0 MB | 352/607 kB | 123/993 kB
Progress (5): 1.8/3.6 MB | 1.9/2.1 MB | 0.7/2.0 MB | 352/607 kB | 123/993 kB
Progress (5): 1.8/3.6 MB | 1.9/2.1 MB | 0.7/2.0 MB | 352/607 kB | 139/993 kB
Progress (5): 1.8/3.6 MB | 1.9/2.1 MB | 0.7/2.0 MB | 352/607 kB | 139/993 kB
Progress (5): 1.8/3.6 MB | 2.0/2.1 MB | 0.7/2.0 MB | 352/607 kB | 139/993 kB
Progress (5): 1.8/3.6 MB | 2.0/2.1 MB | 0.7/2.0 MB | 352/607 kB | 156/993 kB
Progress (5): 1.9/3.6 MB | 2.0/2.1 MB | 0.7/2.0 MB | 352/607 kB | 156/993 kB
Progress (5): 1.9/3.6 MB | 2.0/2.1 MB | 0.7/2.0 MB | 369/607 kB | 156/993 kB
Progress (5): 1.9/3.6 MB | 2.0/2.1 MB | 0.7/2.0 MB | 369/607 kB | 156/993 kB
Progress (5): 1.9/3.6 MB | 2.0/2.1 MB | 0.7/2.0 MB | 369/607 kB | 156/993 kB
Progress (5): 1.9/3.6 MB | 2.0/2.1 MB | 0.7/2.0 MB | 369/607 kB | 172/993 kB
Progress (5): 1.9/3.6 MB | 2.0/2.1 MB | 0.7/2.0 MB | 369/607 kB | 172/993 kB
Progress (5): 1.9/3.6 MB | 2.0/2.1 MB | 0.7/2.0 MB | 369/607 kB | 172/993 kB
Progress (5): 1.9/3.6 MB | 2.0/2.1 MB | 0.7/2.0 MB | 385/607 kB | 172/993 kB
Progress (5): 1.9/3.6 MB | 2.0/2.1 MB | 0.8/2.0 MB | 385/607 kB | 172/993 kB
Progress (5): 1.9/3.6 MB | 2.0/2.1 MB | 0.8/2.0 MB | 385/607 kB | 188/993 kB
Progress (5): 1.9/3.6 MB | 2.0/2.1 MB | 0.8/2.0 MB | 385/607 kB | 188/993 kB
Progress (5): 1.9/3.6 MB | 2.0/2.1 MB | 0.8/2.0 MB | 385/607 kB | 205/993 kB
Progress (5): 1.9/3.6 MB | 2.0/2.1 MB | 0.8/2.0 MB | 385/607 kB | 205/993 kB
Progress (5): 1.9/3.6 MB | 2.0/2.1 MB | 0.8/2.0 MB | 401/607 kB | 205/993 kB
Progress (5): 1.9/3.6 MB | 2.0/2.1 MB | 0.8/2.0 MB | 401/607 kB | 205/993 kB
Progress (5): 1.9/3.6 MB | 2.0/2.1 MB | 0.8/2.0 MB | 401/607 kB | 205/993 kB
Progress (5): 1.9/3.6 MB | 2.0/2.1 MB | 0.8/2.0 MB | 401/607 kB | 205/993 kB
Progress (5): 1.9/3.6 MB | 2.0/2.1 MB | 0.8/2.0 MB | 401/607 kB | 221/993 kB
Progress (5): 1.9/3.6 MB | 2.0/2.1 MB | 0.8/2.0 MB | 401/607 kB | 221/993 kB
Progress (5): 1.9/3.6 MB | 2.0/2.1 MB | 0.8/2.0 MB | 401/607 kB | 238/993 kB
Progress (5): 1.9/3.6 MB | 2.0/2.1 MB | 0.8/2.0 MB | 401/607 kB | 238/993 kB
Progress (5): 1.9/3.6 MB | 2.0/2.1 MB | 0.8/2.0 MB | 418/607 kB | 238/993 kB
Progress (5): 1.9/3.6 MB | 2.0/2.1 MB | 0.8/2.0 MB | 418/607 kB | 238/993 kB
Progress (5): 1.9/3.6 MB | 2.0/2.1 MB | 0.8/2.0 MB | 418/607 kB | 254/993 kB
Progress (5): 1.9/3.6 MB | 2.0/2.1 MB | 0.8/2.0 MB | 418/607 kB | 254/993 kB
Progress (5): 1.9/3.6 MB | 2.0/2.1 MB | 0.8/2.0 MB | 418/607 kB | 254/993 kB
Progress (5): 1.9/3.6 MB | 2.0/2.1 MB | 0.8/2.0 MB | 418/607 kB | 254/993 kB
Progress (5): 1.9/3.6 MB | 2.0/2.1 MB | 0.8/2.0 MB | 434/607 kB | 254/993 kB
Progress (5): 1.9/3.6 MB | 2.0/2.1 MB | 0.8/2.0 MB | 434/607 kB | 270/993 kB
Progress (5): 1.9/3.6 MB | 2.0/2.1 MB | 0.8/2.0 MB | 434/607 kB | 270/993 kB
Progress (5): 1.9/3.6 MB | 2.0/2.1 MB | 0.8/2.0 MB | 434/607 kB | 270/993 kB
Progress (5): 1.9/3.6 MB | 2.1/2.1 MB | 0.8/2.0 MB | 434/607 kB | 270/993 kB
Progress (5): 1.9/3.6 MB | 2.1/2.1 MB | 0.8/2.0 MB | 434/607 kB | 287/993 kB
Progress (5): 1.9/3.6 MB | 2.1/2.1 MB | 0.8/2.0 MB | 451/607 kB | 287/993 kB
Progress (5): 1.9/3.6 MB | 2.1/2.1 MB | 0.8/2.0 MB | 451/607 kB | 303/993 kB
Progress (5): 2.0/3.6 MB | 2.1/2.1 MB | 0.8/2.0 MB | 451/607 kB | 303/993 kB
Progress (5): 2.0/3.6 MB | 2.1/2.1 MB | 0.8/2.0 MB | 451/607 kB | 303/993 kB
Progress (5): 2.0/3.6 MB | 2.1/2.1 MB | 0.9/2.0 MB | 451/607 kB | 303/993 kB
Progress (5): 2.0/3.6 MB | 2.1 MB | 0.9/2.0 MB | 451/607 kB | 303/993 kB    
Progress (5): 2.0/3.6 MB | 2.1 MB | 0.9/2.0 MB | 451/607 kB | 319/993 kB
Progress (5): 2.0/3.6 MB | 2.1 MB | 0.9/2.0 MB | 467/607 kB | 319/993 kB
Progress (5): 2.0/3.6 MB | 2.1 MB | 0.9/2.0 MB | 467/607 kB | 319/993 kB
Progress (5): 2.0/3.6 MB | 2.1 MB | 0.9/2.0 MB | 467/607 kB | 336/993 kB
Progress (5): 2.0/3.6 MB | 2.1 MB | 0.9/2.0 MB | 467/607 kB | 352/993 kB
Progress (5): 2.0/3.6 MB | 2.1 MB | 0.9/2.0 MB | 467/607 kB | 352/993 kB
Progress (5): 2.0/3.6 MB | 2.1 MB | 0.9/2.0 MB | 467/607 kB | 352/993 kB
Progress (5): 2.0/3.6 MB | 2.1 MB | 0.9/2.0 MB | 483/607 kB | 352/993 kB
Progress (5): 2.0/3.6 MB | 2.1 MB | 0.9/2.0 MB | 483/607 kB | 369/993 kB
Progress (5): 2.0/3.6 MB | 2.1 MB | 0.9/2.0 MB | 483/607 kB | 369/993 kB
Progress (5): 2.0/3.6 MB | 2.1 MB | 0.9/2.0 MB | 483/607 kB | 369/993 kB
Progress (5): 2.0/3.6 MB | 2.1 MB | 0.9/2.0 MB | 483/607 kB | 369/993 kB
                                                                        
Downloaded from central: https://repo.maven.apache.org/maven2/org/springframework/spring-web/6.2.1/spring-web-6.2.1.jar (2.1 MB at 220 kB/s)
Progress (4): 2.0/3.6 MB | 0.9/2.0 MB | 483/607 kB | 369/993 kB
Progress (4): 2.0/3.6 MB | 0.9/2.0 MB | 483/607 kB | 385/993 kB
Progress (4): 2.0/3.6 MB | 0.9/2.0 MB | 500/607 kB | 385/993 kB
Progress (4): 2.0/3.6 MB | 0.9/2.0 MB | 516/607 kB | 385/993 kB
Progress (4): 2.0/3.6 MB | 0.9/2.0 MB | 532/607 kB | 385/993 kB
Progress (4): 2.0/3.6 MB | 0.9/2.0 MB | 532/607 kB | 401/993 kB
Progress (4): 2.0/3.6 MB | 0.9/2.0 MB | 532/607 kB | 418/993 kB
Progress (4): 2.0/3.6 MB | 0.9/2.0 MB | 532/607 kB | 434/993 kB
Progress (4): 2.0/3.6 MB | 0.9/2.0 MB | 532/607 kB | 434/993 kB
Progress (4): 2.0/3.6 MB | 0.9/2.0 MB | 532/607 kB | 451/993 kB
Progress (4): 2.0/3.6 MB | 0.9/2.0 MB | 532/607 kB | 451/993 kB
Progress (4): 2.0/3.6 MB | 0.9/2.0 MB | 549/607 kB | 451/993 kB
Progress (4): 2.0/3.6 MB | 1.0/2.0 MB | 549/607 kB | 451/993 kB
Progress (4): 2.0/3.6 MB | 1.0/2.0 MB | 549/607 kB | 467/993 kB
Progress (4): 2.0/3.6 MB | 1.0/2.0 MB | 549/607 kB | 467/993 kB
Progress (4): 2.0/3.6 MB | 1.0/2.0 MB | 549/607 kB | 467/993 kB
Progress (4): 2.0/3.6 MB | 1.0/2.0 MB | 549/607 kB | 467/993 kB
Progress (4): 2.0/3.6 MB | 1.0/2.0 MB | 565/607 kB | 467/993 kB
Progress (4): 2.0/3.6 MB | 1.0/2.0 MB | 565/607 kB | 483/993 kB
Progress (4): 2.0/3.6 MB | 1.0/2.0 MB | 565/607 kB | 500/993 kB
Progress (4): 2.1/3.6 MB | 1.0/2.0 MB | 565/607 kB | 500/993 kB
Progress (4): 2.1/3.6 MB | 1.0/2.0 MB | 565/607 kB | 516/993 kB
Progress (4): 2.1/3.6 MB | 1.0/2.0 MB | 582/607 kB | 516/993 kB
Progress (4): 2.1/3.6 MB | 1.0/2.0 MB | 582/607 kB | 516/993 kB
Progress (4): 2.1/3.6 MB | 1.0/2.0 MB | 582/607 kB | 516/993 kB
Progress (4): 2.1/3.6 MB | 1.0/2.0 MB | 598/607 kB | 516/993 kB
Progress (4): 2.1/3.6 MB | 1.0/2.0 MB | 598/607 kB | 532/993 kB
Progress (4): 2.1/3.6 MB | 1.0/2.0 MB | 598/607 kB | 549/993 kB
Progress (4): 2.1/3.6 MB | 1.0/2.0 MB | 598/607 kB | 549/993 kB
Progress (4): 2.1/3.6 MB | 1.0/2.0 MB | 598/607 kB | 549/993 kB
Progress (4): 2.1/3.6 MB | 1.0/2.0 MB | 598/607 kB | 565/993 kB
Progress (4): 2.1/3.6 MB | 1.0/2.0 MB | 607 kB | 565/993 kB    
Progress (4): 2.1/3.6 MB | 1.0/2.0 MB | 607 kB | 565/993 kB
Progress (4): 2.1/3.6 MB | 1.0/2.0 MB | 607 kB | 565/993 kB
Progress (4): 2.1/3.6 MB | 1.0/2.0 MB | 607 kB | 565/993 kB
Progress (4): 2.1/3.6 MB | 1.1/2.0 MB | 607 kB | 565/993 kB
Progress (4): 2.1/3.6 MB | 1.1/2.0 MB | 607 kB | 582/993 kB
Progress (4): 2.1/3.6 MB | 1.1/2.0 MB | 607 kB | 582/993 kB
Progress (4): 2.1/3.6 MB | 1.1/2.0 MB | 607 kB | 582/993 kB
Progress (4): 2.1/3.6 MB | 1.1/2.0 MB | 607 kB | 598/993 kB
Progress (4): 2.1/3.6 MB | 1.1/2.0 MB | 607 kB | 614/993 kB
Progress (4): 2.1/3.6 MB | 1.1/2.0 MB | 607 kB | 614/993 kB
Progress (4): 2.1/3.6 MB | 1.1/2.0 MB | 607 kB | 614/993 kB
                                                           
Downloaded from central: https://repo.maven.apache.org/maven2/org/springframework/security/spring-security-core/6.4.2/spring-security-core-6.4.2.jar (607 kB at 63 kB/s)
Progress (3): 2.1/3.6 MB | 1.1/2.0 MB | 631/993 kB
Progress (3): 2.1/3.6 MB | 1.1/2.0 MB | 647/993 kB
Progress (3): 2.1/3.6 MB | 1.1/2.0 MB | 647/993 kB
Progress (3): 2.1/3.6 MB | 1.1/2.0 MB | 664/993 kB
Progress (3): 2.1/3.6 MB | 1.1/2.0 MB | 664/993 kB
Progress (3): 2.1/3.6 MB | 1.1/2.0 MB | 680/993 kB
Progress (3): 2.1/3.6 MB | 1.1/2.0 MB | 680/993 kB
Progress (3): 2.1/3.6 MB | 1.1/2.0 MB | 696/993 kB
Progress (3): 2.2/3.6 MB | 1.1/2.0 MB | 696/993 kB
Progress (3): 2.2/3.6 MB | 1.1/2.0 MB | 713/993 kB
Progress (3): 2.2/3.6 MB | 1.2/2.0 MB | 713/993 kB
Progress (3): 2.2/3.6 MB | 1.2/2.0 MB | 729/993 kB
Progress (3): 2.2/3.6 MB | 1.2/2.0 MB | 729/993 kB
Progress (3): 2.2/3.6 MB | 1.2/2.0 MB | 745/993 kB
Progress (3): 2.2/3.6 MB | 1.2/2.0 MB | 745/993 kB
Progress (3): 2.2/3.6 MB | 1.2/2.0 MB | 745/993 kB
Progress (3): 2.2/3.6 MB | 1.2/2.0 MB | 762/993 kB
Progress (3): 2.2/3.6 MB | 1.2/2.0 MB | 778/993 kB
Progress (3): 2.2/3.6 MB | 1.2/2.0 MB | 778/993 kB
Progress (3): 2.2/3.6 MB | 1.2/2.0 MB | 795/993 kB
Progress (3): 2.2/3.6 MB | 1.2/2.0 MB | 795/993 kB
Progress (3): 2.2/3.6 MB | 1.2/2.0 MB | 811/993 kB
Progress (3): 2.2/3.6 MB | 1.2/2.0 MB | 811/993 kB
Progress (3): 2.2/3.6 MB | 1.2/2.0 MB | 827/993 kB
Progress (3): 2.2/3.6 MB | 1.2/2.0 MB | 844/993 kB
Progress (3): 2.2/3.6 MB | 1.2/2.0 MB | 844/993 kB
Progress (3): 2.2/3.6 MB | 1.2/2.0 MB | 844/993 kB
Progress (3): 2.2/3.6 MB | 1.2/2.0 MB | 844/993 kB
Progress (3): 2.2/3.6 MB | 1.2/2.0 MB | 844/993 kB
Progress (3): 2.2/3.6 MB | 1.3/2.0 MB | 844/993 kB
Progress (3): 2.2/3.6 MB | 1.3/2.0 MB | 860/993 kB
Progress (3): 2.2/3.6 MB | 1.3/2.0 MB | 860/993 kB
Progress (3): 2.2/3.6 MB | 1.3/2.0 MB | 860/993 kB
Progress (3): 2.2/3.6 MB | 1.3/2.0 MB | 877/993 kB
Progress (3): 2.2/3.6 MB | 1.3/2.0 MB | 877/993 kB
Progress (3): 2.3/3.6 MB | 1.3/2.0 MB | 877/993 kB
Progress (3): 2.3/3.6 MB | 1.3/2.0 MB | 893/993 kB
Progress (3): 2.3/3.6 MB | 1.3/2.0 MB | 893/993 kB
Progress (3): 2.3/3.6 MB | 1.3/2.0 MB | 909/993 kB
Progress (3): 2.3/3.6 MB | 1.3/2.0 MB | 926/993 kB
Progress (3): 2.3/3.6 MB | 1.3/2.0 MB | 926/993 kB
Progress (3): 2.3/3.6 MB | 1.3/2.0 MB | 926/993 kB
Progress (3): 2.3/3.6 MB | 1.3/2.0 MB | 926/993 kB
Progress (3): 2.3/3.6 MB | 1.3/2.0 MB | 942/993 kB
Progress (3): 2.3/3.6 MB | 1.3/2.0 MB | 942/993 kB
Progress (3): 2.3/3.6 MB | 1.3/2.0 MB | 958/993 kB
Progress (3): 2.3/3.6 MB | 1.4/2.0 MB | 958/993 kB
Progress (3): 2.3/3.6 MB | 1.4/2.0 MB | 975/993 kB
Progress (3): 2.3/3.6 MB | 1.4/2.0 MB | 975/993 kB
Progress (3): 2.3/3.6 MB | 1.4/2.0 MB | 975/993 kB
Progress (3): 2.3/3.6 MB | 1.4/2.0 MB | 991/993 kB
Progress (3): 2.3/3.6 MB | 1.4/2.0 MB | 991/993 kB
Progress (3): 2.3/3.6 MB | 1.4/2.0 MB | 993 kB    
Progress (3): 2.3/3.6 MB | 1.4/2.0 MB | 993 kB
Progress (3): 2.3/3.6 MB | 1.4/2.0 MB | 993 kB
Progress (3): 2.3/3.6 MB | 1.4/2.0 MB | 993 kB
Progress (3): 2.3/3.6 MB | 1.4/2.0 MB | 993 kB
                                              
Downloaded from central: https://repo.maven.apache.org/maven2/org/springframework/security/spring-security-web/6.4.2/spring-security-web-6.4.2.jar (993 kB at 103 kB/s)
Progress (2): 2.4/3.6 MB | 1.4/2.0 MB
Progress (2): 2.4/3.6 MB | 1.4/2.0 MB
Progress (2): 2.4/3.6 MB | 1.5/2.0 MB
Progress (2): 2.4/3.6 MB | 1.5/2.0 MB
Progress (2): 2.4/3.6 MB | 1.5/2.0 MB
Progress (2): 2.4/3.6 MB | 1.5/2.0 MB
Progress (2): 2.4/3.6 MB | 1.5/2.0 MB
Progress (2): 2.4/3.6 MB | 1.5/2.0 MB
Progress (2): 2.4/3.6 MB | 1.5/2.0 MB
Progress (2): 2.4/3.6 MB | 1.5/2.0 MB
Progress (2): 2.4/3.6 MB | 1.5/2.0 MB
Progress (2): 2.4/3.6 MB | 1.5/2.0 MB
Progress (2): 2.4/3.6 MB | 1.6/2.0 MB
Progress (2): 2.4/3.6 MB | 1.6/2.0 MB
Progress (2): 2.4/3.6 MB | 1.6/2.0 MB
Progress (2): 2.5/3.6 MB | 1.6/2.0 MB
Progress (2): 2.5/3.6 MB | 1.6/2.0 MB
Progress (2): 2.5/3.6 MB | 1.6/2.0 MB
Progress (2): 2.5/3.6 MB | 1.6/2.0 MB
Progress (2): 2.5/3.6 MB | 1.6/2.0 MB
Progress (2): 2.5/3.6 MB | 1.6/2.0 MB
Progress (2): 2.5/3.6 MB | 1.6/2.0 MB
Progress (2): 2.5/3.6 MB | 1.6/2.0 MB
Progress (2): 2.5/3.6 MB | 1.7/2.0 MB
Progress (2): 2.5/3.6 MB | 1.7/2.0 MB
Progress (2): 2.5/3.6 MB | 1.7/2.0 MB
Progress (2): 2.5/3.6 MB | 1.7/2.0 MB
Progress (2): 2.5/3.6 MB | 1.7/2.0 MB
Progress (2): 2.5/3.6 MB | 1.7/2.0 MB
Progress (2): 2.6/3.6 MB | 1.7/2.0 MB
Progress (2): 2.6/3.6 MB | 1.7/2.0 MB
Progress (2): 2.6/3.6 MB | 1.7/2.0 MB
Progress (2): 2.6/3.6 MB | 1.7/2.0 MB
Progress (2): 2.6/3.6 MB | 1.7/2.0 MB
Progress (2): 2.6/3.6 MB | 1.8/2.0 MB
Progress (2): 2.6/3.6 MB | 1.8/2.0 MB
Progress (2): 2.6/3.6 MB | 1.8/2.0 MB
Progress (2): 2.6/3.6 MB | 1.8/2.0 MB
Progress (2): 2.6/3.6 MB | 1.8/2.0 MB
Progress (2): 2.6/3.6 MB | 1.8/2.0 MB
Progress (2): 2.6/3.6 MB | 1.8/2.0 MB
Progress (2): 2.6/3.6 MB | 1.8/2.0 MB
Progress (2): 2.6/3.6 MB | 1.8/2.0 MB
Progress (2): 2.7/3.6 MB | 1.8/2.0 MB
Progress (2): 2.7/3.6 MB | 1.9/2.0 MB
Progress (2): 2.7/3.6 MB | 1.9/2.0 MB
Progress (2): 2.7/3.6 MB | 1.9/2.0 MB
Progress (2): 2.7/3.6 MB | 1.9/2.0 MB
Progress (2): 2.7/3.6 MB | 1.9/2.0 MB
Progress (2): 2.7/3.6 MB | 1.9/2.0 MB
Progress (2): 2.7/3.6 MB | 1.9/2.0 MB
Progress (2): 2.7/3.6 MB | 1.9/2.0 MB
Progress (2): 2.7/3.6 MB | 1.9/2.0 MB
Progress (2): 2.7/3.6 MB | 1.9/2.0 MB
Progress (2): 2.7/3.6 MB | 2.0/2.0 MB
Progress (2): 2.7/3.6 MB | 2.0/2.0 MB
Progress (2): 2.7/3.6 MB | 2.0/2.0 MB
Progress (2): 2.7/3.6 MB | 2.0/2.0 MB
Progress (2): 2.8/3.6 MB | 2.0/2.0 MB
Progress (2): 2.8/3.6 MB | 2.0/2.0 MB
Progress (2): 2.8/3.6 MB | 2.0/2.0 MB
Progress (2): 2.8/3.6 MB | 2.0/2.0 MB
Progress (2): 2.8/3.6 MB | 2.0 MB    
Progress (2): 2.8/3.6 MB | 2.0 MB
Progress (2): 2.8/3.6 MB | 2.0 MB
Progress (2): 2.8/3.6 MB | 2.0 MB
                                 
Downloaded from central: https://repo.maven.apache.org/maven2/org/springframework/security/spring-security-config/6.4.2/spring-security-config-6.4.2.jar (2.0 MB at 204 kB/s)
Progress (1): 2.8/3.6 MB
Progress (1): 2.9/3.6 MB
Progress (1): 2.9/3.6 MB
Progress (1): 2.9/3.6 MB
Progress (1): 2.9/3.6 MB
Progress (1): 2.9/3.6 MB
Progress (1): 2.9/3.6 MB
Progress (1): 3.0/3.6 MB
Progress (1): 3.0/3.6 MB
Progress (1): 3.0/3.6 MB
Progress (1): 3.0/3.6 MB
Progress (1): 3.0/3.6 MB
Progress (1): 3.0/3.6 MB
Progress (1): 3.1/3.6 MB
Progress (1): 3.1/3.6 MB
Progress (1): 3.1/3.6 MB
Progress (1): 3.1/3.6 MB
Progress (1): 3.1/3.6 MB
Progress (1): 3.1/3.6 MB
Progress (1): 3.1/3.6 MB
Progress (1): 3.2/3.6 MB
Progress (1): 3.2/3.6 MB
Progress (1): 3.2/3.6 MB
Progress (1): 3.2/3.6 MB
Progress (1): 3.2/3.6 MB
Progress (1): 3.2/3.6 MB
Progress (1): 3.3/3.6 MB
Progress (1): 3.3/3.6 MB
Progress (1): 3.3/3.6 MB
Progress (1): 3.3/3.6 MB
Progress (1): 3.3/3.6 MB
Progress (1): 3.3/3.6 MB
Progress (1): 3.4/3.6 MB
Progress (1): 3.4/3.6 MB
Progress (1): 3.4/3.6 MB
Progress (1): 3.4/3.6 MB
Progress (1): 3.4/3.6 MB
Progress (1): 3.4/3.6 MB
Progress (1): 3.5/3.6 MB
Progress (1): 3.5/3.6 MB
Progress (1): 3.5/3.6 MB
Progress (1): 3.5/3.6 MB
Progress (1): 3.5/3.6 MB
Progress (1): 3.5/3.6 MB
Progress (1): 3.6/3.6 MB
Progress (1): 3.6/3.6 MB
Progress (1): 3.6/3.6 MB
Progress (1): 3.6 MB    
                    
Downloaded from central: https://repo.maven.apache.org/maven2/org/apache/tomcat/embed/tomcat-embed-core/10.1.34/tomcat-embed-core-10.1.34.jar (3.6 MB at 344 kB/s)
[INFO] 
[INFO] --- clean:3.4.0:clean (default-clean) @ GSTechSecuritySystem ---
[INFO] Deleting C:\Users\abhij\Downloads\GSTechSecuritySystem\GSTechSecuritySystem\target
[INFO] 
[INFO] --- resources:3.3.1:resources (default-resources) @ GSTechSecuritySystem ---
[INFO] Copying 5 resources from src\main\resources to target\classes
[INFO] Copying 0 resource from src\main\resources to target\classes
[INFO] 
[INFO] --- compiler:3.13.0:compile (default-compile) @ GSTechSecuritySystem ---
[INFO] Recompiling the module because of changed dependency.
[INFO] Compiling 34 source files with javac [debug parameters release 17] to target\classes
[INFO] -------------------------------------------------------------
[ERROR] COMPILATION ERROR : 
[INFO] -------------------------------------------------------------
[ERROR] No compiler is provided in this environment. Perhaps you are running on a JRE rather than a JDK?
[INFO] 1 error
[INFO] -------------------------------------------------------------
[INFO] ------------------------------------------------------------------------
[INFO] BUILD FAILURE
[INFO] ------------------------------------------------------------------------
[INFO] Total time:  19.666 s
[INFO] Finished at: 2025-12-28T01:00:04+05:30
[INFO] ------------------------------------------------------------------------
[ERROR] Failed to execute goal org.apache.maven.plugins:maven-compiler-plugin:3.13.0:compile (default-compile) on project GSTechSecuritySystem: Compilation failure
[ERROR] No compiler is provided in this environment. Perhaps you are running on a JRE rather than a JDK?
[ERROR] 
[ERROR] -> [Help 1]
[ERROR] 
[ERROR] To see the full stack trace of the errors, re-run Maven with the -e switch.
[ERROR] Re-run Maven using the -X switch to enable full debug logging.
[ERROR] 
[ERROR] For more information about the errors and possible solutions, please read the following articles:
[ERROR] [Help 1] http://cwiki.apache.org/confluence/display/MAVEN/MojoFailureException
